moisture_pct,oil_fat_pct,ph,water_activity,respiration_rate_ml,is_produce,is_perishable,category_idx,storage_temp_c,relative_humidity_pct,target_shelf_life_days,transit_idx,storage_type_idx,primary_spoilage_idx,priority_protection,priority_cost,priority_sustainability,barrier_class,material_family,predicted_shelf_life_days
1.82,100.0,6.51,0.111,1.31,0,0,3,40,33.0,180,3,0,0,0.67,0.29,0.04,ultra_high,laminate,122.2
3.05,14.71,4.54,0.181,1.81,0,0,4,35,50.2,21,1,1,0,0.067,0.243,0.69,ultra_high,laminate,283.8
12.19,5.09,5.71,0.538,0.0,0,0,0,40,92.6,30,4,1,1,0.233,0.047,0.72,high,paper_based,129.1
71.86,0.48,5.89,0.96,1.09,1,0,10,20,83.5,365,0,1,2,0.372,0.197,0.43,breathable,specialty,11.5
2.01,14.2,5.29,0.171,0.03,0,0,4,30,60.8,21,0,1,0,0.327,0.258,0.415,ultra_high,laminate,319.2
80.57,0.1,3.51,1.0,0.0,0,1,4,40,64.0,30,1,1,3,0.073,0.14,0.787,medium,bioplastic,8.6
4.52,1.09,4.76,0.295,0.0,0,0,4,20,78.5,5,4,2,1,0.209,0.243,0.548,high,barrier_film,160.1
14.5,5.82,6.36,0.55,0.0,0,0,0,40,65.9,14,1,2,1,0.374,0.259,0.367,high,polyester,148.4
88.27,10.28,6.21,0.964,0.0,0,1,5,4,31.0,5,3,0,3,0.077,0.326,0.598,high,polyester,66.3
8.17,5.86,7.17,0.54,0.05,0,0,0,30,55.4,365,2,3,1,0.155,0.282,0.563,high,barrier_film,245.7
10.79,1.47,6.17,0.543,0.23,0,0,9,30,30.3,120,1,2,1,0.13,0.211,0.659,high,paper_based,301.4
35.74,34.39,4.91,0.909,0.0,0,1,8,8,81.0,365,0,0,3,0.537,0.212,0.251,high,barrier_film,371.2
83.8,0.59,6.5,1.0,43.24,1,1,10,15,32.1,3,4,0,4,0.309,0.338,0.353,breathable,specialty,20.6
15.13,0.0,6.01,0.601,0.0,0,0,9,35,54.4,60,4,3,1,0.682,0.209,0.109,low,polyolefin,9.7
10.23,23.02,5.41,0.449,1.4,0,0,7,20,96.4,7,0,0,0,0.116,0.228,0.655,ultra_high,laminate,545.5
81.97,0.52,3.51,0.983,26.69,1,1,10,4,54.6,60,1,2,3,0.403,0.4,0.197,breathable,specialty,60.9
4.55,49.95,6.05,0.365,1.88,0,0,6,25,47.5,21,1,3,6,0.285,0.327,0.388,ultra_high,laminate,421.9
100.0,0.62,2.74,1.0,0.0,0,0,4,30,68.3,14,2,1,0,0.247,0.417,0.336,medium,polyolefin,19.4
81.0,0.0,4.46,0.995,32.13,1,1,10,4,86.1,90,4,3,3,0.584,0.069,0.347,breathable,specialty,35.2
97.77,0.0,3.49,0.998,53.1,1,1,2,25,96.0,3,2,1,3,0.208,0.392,0.401,breathable,specialty,2.0
0.0,77.19,7.01,0.012,0.19,0,0,3,35,28.2,7,2,3,0,0.327,0.349,0.324,ultra_high,barrier_film,434.2
62.79,21.44,5.9,1.0,0.0,0,1,8,-10,40.6,3,1,3,3,0.448,0.4,0.152,high,laminate,278.3
6.85,0.93,5.64,0.246,0.62,0,0,4,30,29.7,5,4,3,1,0.278,0.501,0.22,high,polyester,432.7
91.52,1.09,6.88,0.99,92.14,1,1,10,20,78.9,365,1,2,3,0.4,0.412,0.187,breathable,specialty,5.2
87.42,0.0,5.39,0.979,1.32,1,0,10,4,41.4,60,3,1,3,0.374,0.206,0.42,breathable,specialty,52.4
39.46,2.33,5.36,0.969,0.0,0,1,1,25,76.8,5,2,2,5,0.183,0.744,0.073,low,polyolefin,33.3
96.33,0.46,5.92,0.996,68.35,1,1,10,20,71.4,14,3,3,4,0.557,0.12,0.324,breathable,specialty,11.7
80.11,0.0,5.95,0.941,0.75,1,0,10,25,30.8,90,1,3,2,0.265,0.439,0.297,breathable,specialty,9.0
0.84,80.64,6.41,0.019,0.0,0,0,3,35,60.6,21,1,2,0,0.327,0.272,0.4,ultra_high,barrier_film,206.4
12.73,5.13,6.34,0.647,0.18,0,0,9,25,34.6,60,3,2,3,0.178,0.357,0.466,medium,polyolefin,187.5
6.86,15.38,4.7,0.19,0.79,0,0,4,35,89.1,60,4,1,0,0.39,0.219,0.392,ultra_high,barrier_film,202.0
82.06,2.05,4.94,0.953,0.0,0,1,8,4,68.6,365,0,0,3,0.372,0.109,0.518,medium,bioplastic,95.0
22.25,17.25,6.14,0.873,0.38,0,1,1,20,58.0,3,4,0,3,0.325,0.175,0.5,high,polyester,130.3
13.15,4.8,6.59,0.658,0.0,0,0,9,25,56.6,21,2,1,3,0.314,0.421,0.265,medium,polyester,263.8
83.92,0.02,5.24,0.959,27.33,1,1,2,15,79.3,365,1,0,4,0.407,0.179,0.414,breathable,specialty,13.5
4.26,45.48,5.74,0.358,0.0,0,0,6,35,89.9,90,0,3,6,0.342,0.262,0.396,ultra_high,laminate,144.2
85.76,0.9,3.17,0.975,0.0,0,1,4,30,51.9,14,0,2,3,0.292,0.153,0.554,medium,paper_based,12.3
8.52,23.38,6.08,0.433,1.14,0,0,7,30,66.8,3,4,1,0,0.377,0.556,0.066,ultra_high,laminate,294.4
68.59,10.06,5.72,1.0,0.06,0,1,5,0,64.4,120,4,2,3,0.22,0.497,0.283,high,polyester,118.2
12.0,1.72,6.47,0.567,0.05,0,0,9,25,78.1,90,2,2,1,0.14,0.395,0.465,high,laminate,262.4
2.26,35.76,6.23,0.206,1.34,0,0,6,35,28.5,3,4,2,6,0.168,0.403,0.429,ultra_high,laminate,386.5
93.39,0.0,5.88,0.973,2.54,1,0,10,15,50.6,5,1,0,3,0.38,0.265,0.355,breathable,specialty,7.1
47.41,25.83,6.38,0.923,0.0,0,1,8,4,83.9,5,1,1,3,0.41,0.139,0.452,high,polyester,370.3
3.41,17.91,7.24,0.303,0.0,0,0,1,20,85.8,14,2,1,1,0.4,0.337,0.263,high,laminate,353.2
91.49,0.0,6.3,0.94,6.75,1,1,10,8,81.3,60,2,3,2,0.462,0.311,0.227,breathable,specialty,21.7
92.04,0.99,5.2,0.948,39.07,1,1,2,20,86.4,21,4,0,4,0.356,0.12,0.524,breathable,specialty,7.4
1.64,48.24,6.33,0.346,0.0,0,0,6,20,91.4,7,2,3,6,0.49,0.15,0.36,ultra_high,laminate,487.2
10.31,24.52,6.37,0.422,2.02,0,0,7,35,60.0,3,1,2,0,0.283,0.319,0.398,ultra_high,laminate,386.6
6.28,10.59,6.58,0.437,0.0,0,0,7,25,48.6,120,0,3,0,0.457,0.497,0.047,ultra_high,barrier_film,747.9
73.28,0.41,6.26,0.989,72.8,1,1,10,4,52.8,120,1,3,4,0.486,0.39,0.124,breathable,specialty,46.4
30.76,37.91,5.2,0.901,0.0,0,1,8,4,74.3,90,1,3,3,0.384,0.24,0.375,high,polyester,181.3
99.48,0.26,5.76,1.0,106.66,1,1,10,10,81.4,60,3,1,3,0.485,0.036,0.479,breathable,specialty,8.6
6.49,22.58,7.17,0.301,1.82,0,0,1,20,54.2,21,2,3,1,0.362,0.362,0.276,ultra_high,barrier_film,1066.2
71.5,9.81,6.19,1.0,3.04,0,1,5,8,25.1,60,0,0,3,0.443,0.34,0.217,medium,polyester,63.8
7.29,15.6,5.62,0.445,0.16,0,0,7,20,68.2,60,4,1,0,0.177,0.444,0.379,ultra_high,barrier_film,574.5
29.28,13.69,6.68,0.868,0.0,0,1,1,35,83.3,21,3,2,3,0.453,0.36,0.187,high,barrier_film,24.2
10.59,9.96,6.44,0.396,0.0,0,0,7,20,73.8,90,2,1,0,0.399,0.221,0.38,ultra_high,barrier_film,384.4
87.72,0.0,3.15,1.0,1.71,0,0,4,20,71.3,30,1,0,0,0.252,0.198,0.551,medium,bioplastic,43.0
66.72,3.29,6.81,0.977,0.52,0,1,8,0,76.9,30,0,3,3,0.467,0.068,0.465,medium,polyolefin,182.5
96.28,3.77,6.69,1.0,0.0,0,1,8,0,73.7,60,2,0,3,0.351,0.267,0.382,medium,polyolefin,133.1
74.3,0.0,3.67,0.942,8.27,1,1,2,2,50.6,90,0,0,3,0.335,0.463,0.202,breathable,specialty,27.4
5.38,14.48,4.99,0.188,0.0,0,0,4,35,70.7,60,2,0,0,0.329,0.161,0.51,ultra_high,laminate,212.6
2.83,1.8,5.43,0.244,0.0,0,0,4,35,37.8,365,1,0,1,0.72,0.243,0.037,high,polyester,258.7
3.24,32.02,6.18,0.237,1.29,0,0,6,20,55.2,7,1,2,6,0.488,0.062,0.45,ultra_high,laminate,1251.8
12.65,4.65,6.48,0.66,0.0,0,0,9,20,60.7,90,2,0,3,0.477,0.172,0.351,medium,polyolefin,141.1
100.0,0.39,4.37,0.984,24.05,1,1,2,2,46.8,180,1,0,4,0.438,0.467,0.094,breathable,specialty,39.1
0.0,97.9,6.89,0.0,0.0,0,0,3,40,74.4,14,3,3,0,0.389,0.194,0.417,ultra_high,barrier_film,138.7
36.59,3.35,5.94,0.941,0.0,0,1,1,20,30.2,60,0,2,5,0.3,0.285,0.415,low,polyolefin,33.1
71.94,0.64,5.79,0.952,2.28,1,0,10,8,69.5,21,2,0,3,0.454,0.147,0.399,breathable,specialty,31.3
1.52,33.76,5.51,0.234,1.53,0,0,6,40,63.3,365,4,0,6,0.354,0.336,0.311,ultra_high,laminate,299.4
9.47,13.38,5.57,0.41,0.0,0,0,7,20,29.0,120,1,3,0,0.327,0.301,0.371,ultra_high,barrier_film,723.3
98.49,0.01,4.2,0.984,28.54,1,1,10,10,61.6,180,3,3,3,0.1,0.661,0.239,breathable,specialty,18.8
3.47,0.66,5.42,0.263,0.33,0,0,4,25,49.9,14,1,2,1,0.548,0.132,0.319,high,laminate,452.0
7.02,1.5,6.24,0.543,0.19,0,0,9,20,59.3,5,2,3,1,0.246,0.417,0.337,high,barrier_film,286.7
92.31,0.0,6.33,0.941,9.97,1,1,10,4,63.0,180,3,0,2,0.325,0.297,0.379,breathable,specialty,39.9
72.59,1.54,6.68,1.0,0.0,0,1,11,8,96.1,7,1,0,3,0.637,0.209,0.155,medium,polyester,104.4
59.96,10.29,5.4,0.976,1.06,0,1,5,4,47.1,365,2,1,3,0.41,0.304,0.286,high,laminate,239.8
77.3,0.71,4.33,0.983,10.12,1,1,2,25,32.8,180,4,3,3,0.438,0.306,0.256,breathable,specialty,7.0
3.29,46.41,5.83,0.352,0.43,0,0,6,30,80.5,5,4,1,6,0.57,0.407,0.023,ultra_high,laminate,235.7
49.11,26.23,5.37,0.95,0.0,0,1,8,-18,69.1,365,3,2,3,0.466,0.412,0.122,high,polyester,1831.2
2.39,36.41,5.84,0.377,0.0,0,0,6,20,48.7,120,3,2,6,0.359,0.29,0.352,ultra_high,laminate,624.1
96.37,3.55,6.96,0.984,0.07,0,1,8,-10,38.1,5,2,0,3,0.414,0.302,0.284,medium,polyester,95.3
0.66,100.0,7.3,0.032,0.24,0,0,3,25,74.6,90,0,3,0,0.472,0.35,0.177,ultra_high,barrier_film,311.8
9.23,1.41,6.32,0.529,0.49,0,0,9,40,57.5,90,2,3,1,0.15,0.386,0.464,high,barrier_film,122.5
13.28,6.22,6.02,0.584,0.0,0,0,0,20,46.5,5,1,2,1,0.463,0.286,0.25,high,barrier_film,573.4
6.42,16.94,6.74,0.31,0.0,0,0,1,20,52.1,14,0,2,1,0.269,0.347,0.385,high,barrier_film,631.2
73.46,4.74,6.11,0.969,0.41,0,1,5,0,40.0,7,4,3,3,0.43,0.411,0.159,medium,polyester,143.0
0.0,100.0,7.33,0.0,1.2,0,0,3,25,80.4,7,2,3,0,0.617,0.381,0.002,ultra_high,laminate,375.6
98.91,3.75,5.81,0.987,0.0,0,1,8,2,29.0,365,3,2,3,0.745,0.015,0.24,medium,polyolefin,124.0
80.95,0.0,5.76,0.975,0.24,1,0,10,4,88.4,365,3,3,2,0.042,0.539,0.419,breathable,specialty,36.4
10.01,11.69,6.2,0.389,0.0,0,0,7,40,62.8,21,0,1,0,0.04,0.721,0.239,ultra_high,barrier_film,251.1
44.08,2.47,5.73,0.938,1.16,0,1,1,35,49.4,120,2,0,5,0.428,0.056,0.516,low,bioplastic,11.8
89.91,0.57,3.75,1.0,27.03,1,1,10,10,32.8,30,4,3,3,0.43,0.445,0.125,breathable,specialty,37.0
71.74,3.43,6.74,0.994,0.87,0,1,8,2,26.3,7,0,1,3,0.251,0.24,0.51,medium,bioplastic,44.4
76.46,4.11,6.37,0.979,0.0,0,1,8,-10,32.6,3,1,3,3,0.076,0.59,0.334,medium,polyolefin,187.5
0.0,100.0,6.85,0.001,0.66,0,0,3,35,27.4,365,2,2,0,0.187,0.355,0.458,ultra_high,barrier_film,299.9
2.39,12.97,4.85,0.199,0.17,0,0,4,35,31.6,30,4,2,0,0.082,0.622,0.296,ultra_high,laminate,391.6
60.63,4.86,6.25,0.983,1.41,0,1,5,2,59.3,365,4,2,3,0.365,0.55,0.085,medium,polyester,92.9
82.57,1.91,6.62,0.998,0.45,0,1,11,8,42.3,30,4,2,3,0.367,0.145,0.489,medium,polyolefin,87.8
3.43,37.77,5.67,0.186,0.66,0,0,6,40,53.7,180,0,0,6,0.428,0.527,0.045,ultra_high,barrier_film,126.3
34.18,32.45,5.49,0.884,0.0,0,1,8,-10,88.0,365,3,2,3,0.122,0.53,0.349,high,laminate,729.4
1.23,100.0,6.62,0.054,0.0,0,0,3,30,72.5,120,0,2,0,0.552,0.151,0.297,ultra_high,laminate,372.1
58.38,23.04,6.43,0.96,0.9,0,1,8,8,43.6,14,1,3,3,0.375,0.199,0.425,high,laminate,531.9
73.56,2.1,6.42,0.987,0.0,0,1,11,8,84.0,90,2,0,3,0.408,0.199,0.392,medium,polyolefin,57.6
96.58,3.2,4.04,0.993,0.0,0,1,8,4,52.1,180,4,0,3,0.624,0.162,0.215,medium,polyolefin,52.4
92.72,0.97,6.41,0.99,65.28,1,1,10,10,72.0,90,1,1,4,0.147,0.556,0.297,breathable,specialty,36.1
6.22,13.07,5.15,0.399,0.0,0,0,7,20,48.7,30,0,3,0,0.344,0.378,0.277,ultra_high,laminate,663.8
91.48,0.0,3.08,0.965,0.0,0,1,4,40,89.1,60,1,1,3,0.101,0.87,0.029,medium,polyester,4.6
33.31,29.84,5.31,0.856,1.14,0,1,8,-18,76.5,7,4,1,3,0.235,0.49,0.275,high,laminate,1641.4
1.38,37.74,6.07,0.168,0.0,0,0,6,40,56.4,14,1,2,6,0.554,0.128,0.318,ultra_high,barrier_film,171.3
3.66,13.74,4.59,0.238,0.22,0,0,4,20,67.7,365,4,3,0,0.211,0.241,0.548,ultra_high,laminate,900.8
87.6,0.64,4.19,1.0,26.38,1,1,10,15,83.6,21,1,0,3,0.168,0.406,0.426,breathable,specialty,10.1
0.55,100.0,6.34,0.12,0.0,0,0,3,40,38.5,60,3,3,0,0.17,0.446,0.384,ultra_high,barrier_film,104.8
89.64,0.0,4.16,0.951,33.23,1,1,10,10,91.6,7,0,3,3,0.435,0.108,0.457,breathable,specialty,25.7
100.0,0.34,4.07,1.0,54.17,1,1,2,15,78.8,90,1,3,3,0.234,0.573,0.193,breathable,specialty,11.1
96.85,0.44,5.37,1.0,26.8,1,1,10,20,63.9,60,4,2,2,0.196,0.711,0.092,breathable,specialty,12.4
15.26,4.72,6.28,0.655,0.0,0,0,9,40,33.5,21,2,1,3,0.63,0.243,0.128,low,polyolefin,8.8
7.06,12.14,5.77,0.393,0.46,0,0,7,35,47.4,90,4,2,0,0.328,0.382,0.29,ultra_high,laminate,238.8
0.29,97.04,6.56,0.01,1.14,0,0,3,20,91.8,120,4,1,0,0.312,0.143,0.545,ultra_high,barrier_film,714.4
1.01,45.68,5.9,0.352,0.7,0,0,6,40,32.3,120,3,2,6,0.422,0.205,0.374,ultra_high,laminate,193.6
7.31,13.22,6.59,0.466,1.13,0,0,7,30,59.7,7,1,3,0,0.262,0.52,0.218,ultra_high,barrier_film,359.8
93.77,0.0,2.9,0.982,1.0,0,0,4,25,79.9,14,0,0,0,0.333,0.214,0.453,medium,polyolefin,5.1
11.71,4.77,6.73,0.688,0.02,0,0,9,35,69.2,3,1,1,3,0.403,0.536,0.061,medium,polyester,125.7
4.1,21.39,7.07,0.295,0.0,0,0,1,40,49.9,180,4,2,1,0.47,0.417,0.113,ultra_high,laminate,186.6
5.54,28.04,6.36,0.235,0.0,0,0,6,30,81.6,365,3,2,6,0.214,0.291,0.496,ultra_high,laminate,248.5
9.97,2.24,6.43,0.508,0.0,0,0,9,40,67.0,7,3,1,1,0.119,0.497,0.384,high,laminate,128.0
100.0,0.45,6.13,0.987,149.19,1,1,10,15,82.4,365,4,1,3,0.198,0.517,0.285,breathable,specialty,15.7
96.95,0.24,6.54,0.99,121.14,1,1,10,4,64.1,14,4,2,3,0.316,0.225,0.459,breathable,specialty,37.4
87.47,1.62,6.66,0.96,0.06,0,1,11,-10,47.4,30,3,0,3,0.157,0.238,0.605,medium,paper_based,105.7
34.17,35.09,5.25,0.926,0.03,0,1,8,8,53.8,21,3,3,3,0.228,0.474,0.298,high,barrier_film,209.0
5.01,34.47,5.43,0.194,1.65,0,0,6,20,92.5,3,3,1,6,0.397,0.13,0.473,ultra_high,laminate,727.6
72.82,0.0,4.24,0.965,24.57,1,1,2,15,60.0,3,0,2,4,0.379,0.216,0.404,breathable,specialty,11.3
91.45,0.54,5.62,0.991,18.2,1,1,10,8,89.1,60,0,2,2,0.146,0.276,0.577,breathable,specialty,22.8
82.31,0.0,4.21,0.981,21.55,1,1,10,2,82.6,3,1,0,3,0.457,0.253,0.291,breathable,specialty,17.3
94.76,0.0,5.88,1.0,1.54,1,0,10,8,26.4,5,2,0,2,0.015,0.813,0.172,breathable,specialty,32.3
92.23,2.82,3.84,0.97,0.88,0,1,8,4,46.3,60,1,0,3,0.035,0.637,0.328,medium,polyolefin,92.4
0.3,75.29,6.59,0.021,0.79,0,0,3,35,60.4,14,2,3,0,0.373,0.384,0.244,ultra_high,laminate,270.3
12.78,4.5,6.77,0.676,0.0,0,0,9,30,46.3,5,0,0,3,0.354,0.207,0.439,medium,polyester,201.5
2.43,19.16,7.1,0.305,0.0,0,0,1,30,88.6,60,0,2,1,0.378,0.406,0.216,high,polyester,215.0
1.89,48.99,6.12,0.364,0.0,0,0,6,25,61.7,21,3,2,6,0.31,0.095,0.596,ultra_high,laminate,470.0
0.16,100.0,6.75,0.046,0.0,0,0,3,30,63.6,30,3,1,0,0.435,0.377,0.188,ultra_high,barrier_film,429.6
7.29,25.28,5.61,0.451,0.05,0,0,7,35,52.9,5,4,1,0,0.375,0.3,0.325,ultra_high,laminate,361.4
10.31,0.76,5.81,0.565,0.29,0,0,9,35,37.0,365,2,1,1,0.51,0.186,0.304,high,laminate,365.4
65.86,4.69,6.74,0.971,0.0,0,1,5,0,80.4,120,4,0,3,0.65,0.243,0.107,medium,polyester,101.1
83.64,0.0,3.51,0.928,0.0,0,1,4,30,40.2,120,4,1,3,0.48,0.243,0.277,medium,polyester,13.8
73.36,1.18,6.29,0.989,1.88,1,0,10,8,57.2,14,4,3,2,0.618,0.084,0.298,breathable,specialty,25.5
92.84,0.07,3.65,0.967,57.62,1,1,2,20,38.4,120,1,1,3,0.379,0.35,0.271,breathable,specialty,8.6
81.38,0.0,5.91,0.985,26.63,1,1,10,10,33.8,14,1,2,2,0.039,0.498,0.463,breathable,specialty,43.2
83.68,0.65,5.84,1.0,15.27,1,1,10,8,70.5,60,4,3,2,0.475,0.195,0.33,breathable,specialty,12.7
10.1,13.09,5.38,0.385,0.04,0,0,7,30,81.5,7,4,3,0,0.408,0.147,0.445,ultra_high,laminate,208.3
93.48,0.0,3.62,0.994,0.74,0,1,4,40,35.3,30,0,3,3,0.503,0.426,0.071,medium,polyolefin,4.7
3.42,20.06,7.5,0.307,0.0,0,0,1,40,52.3,7,3,3,1,0.147,0.146,0.707,ultra_high,barrier_film,117.7
0.0,18.26,7.45,0.323,0.01,0,0,1,20,57.5,21,2,0,1,0.351,0.45,0.199,high,barrier_film,694.4
2.7,16.91,4.88,0.191,0.44,0,0,4,25,91.6,3,4,2,0,0.13,0.46,0.41,ultra_high,barrier_film,445.6
93.52,1.93,7.14,1.0,0.5,0,1,11,0,83.4,365,1,1,3,0.463,0.398,0.14,medium,polyolefin,54.6
8.65,0.65,6.97,0.516,0.12,0,0,0,30,77.0,30,3,3,1,0.701,0.002,0.296,high,polyester,339.1
0.0,91.46,6.84,0.11,0.21,0,0,3,25,63.1,21,2,2,0,0.382,0.39,0.228,ultra_high,barrier_film,467.1
95.51,0.6,4.53,0.977,26.99,1,1,2,10,29.2,60,1,1,4,0.425,0.147,0.429,breathable,specialty,25.0
87.98,3.98,6.85,0.983,0.0,0,1,8,8,91.6,14,3,0,3,0.404,0.001,0.596,medium,bioplastic,34.9
6.16,20.18,7.37,0.246,0.0,0,0,1,20,40.7,60,0,0,1,0.389,0.477,0.134,ultra_high,barrier_film,677.1
81.44,0.0,6.85,1.0,55.85,1,1,10,8,78.9,14,1,3,4,0.17,0.347,0.483,breathable,specialty,31.0
80.76,0.0,5.75,0.956,2.51,1,0,10,2,41.9,120,4,2,3,0.366,0.298,0.336,breathable,specialty,37.3
73.55,1.3,6.46,1.0,0.37,0,1,11,-10,54.8,60,0,1,3,0.326,0.366,0.308,medium,polyester,424.0
76.37,1.02,6.17,1.0,64.74,1,1,10,25,33.0,3,4,0,4,0.801,0.187,0.012,breathable,specialty,7.5
7.45,9.15,5.6,0.416,1.08,0,0,7,40,41.8,21,0,2,0,0.494,0.466,0.04,ultra_high,laminate,155.3
0.63,85.14,6.34,0.087,0.0,0,0,3,25,32.8,14,0,3,0,0.07,0.782,0.148,ultra_high,laminate,896.0
5.64,15.13,4.79,0.22,0.34,0,0,4,30,37.9,21,0,0,0,0.407,0.333,0.26,ultra_high,barrier_film,316.8
70.12,0.21,4.36,0.984,8.35,1,1,2,25,31.5,180,0,1,3,0.536,0.002,0.462,breathable,specialty,6.6
83.85,3.69,7.24,0.973,0.0,0,1,8,8,77.8,60,1,2,3,0.216,0.617,0.167,medium,polyester,51.4
5.77,0.82,5.78,0.197,0.36,0,0,4,35,89.7,21,2,2,1,0.404,0.501,0.095,high,laminate,96.3
0.04,100.0,8.03,0.0,0.26,0,0,3,40,85.2,14,1,0,0,0.362,0.016,0.622,ultra_high,laminate,150.0
78.33,0.57,2.73,1.0,1.04,0,0,4,20,39.7,21,0,0,0,0.222,0.384,0.394,medium,polyolefin,10.8
4.62,46.36,6.05,0.343,0.0,0,0,6,25,38.7,21,2,2,6,0.387,0.183,0.431,ultra_high,barrier_film,610.3
85.62,0.11,3.82,0.96,9.03,1,1,2,8,62.0,5,4,2,3,0.208,0.14,0.652,breathable,specialty,30.2
90.96,0.0,5.89,0.954,8.52,1,1,10,4,35.8,14,2,3,2,0.179,0.467,0.354,breathable,specialty,44.4
92.4,2.5,4.07,0.977,1.43,0,1,8,-18,33.2,3,1,1,3,0.534,0.312,0.154,medium,polyester,271.4
84.29,0.22,4.07,0.958,9.8,1,1,2,25,94.7,30,0,0,3,0.482,0.026,0.492,breathable,specialty,3.4
81.92,10.28,5.9,1.0,0.31,0,1,5,-10,32.2,180,4,1,3,0.435,0.246,0.319,high,laminate,461.5
78.34,0.75,6.57,0.976,71.27,1,1,10,2,59.9,30,3,3,4,0.261,0.459,0.279,breathable,specialty,50.6
0.41,100.0,7.02,0.0,1.23,0,0,3,40,39.8,7,0,1,0,0.469,0.153,0.378,ultra_high,laminate,142.3
5.43,42.66,5.65,0.38,0.35,0,0,6,40,48.5,30,4,0,6,0.35,0.217,0.433,ultra_high,laminate,173.8
65.2,9.84,5.9,0.992,0.0,0,1,5,2,29.6,30,4,1,3,0.134,0.257,0.609,medium,paper_based,122.9
91.92,0.0,6.99,0.951,44.95,1,1,10,10,75.1,5,2,2,4,0.361,0.481,0.159,breathable,specialty,14.4
67.07,9.5,6.25,0.984,1.59,0,1,5,-10,77.7,180,1,3,3,0.113,0.613,0.273,medium,polyester,385.2
94.65,2.31,4.03,0.975,0.0,0,1,8,4,45.0,365,4,0,3,0.409,0.077,0.514,medium,bioplastic,75.9
0.84,96.67,6.39,0.072,0.82,0,0,3,30,37.9,14,0,2,0,0.004,0.295,0.701,ultra_high,barrier_film,340.9
96.55,0.0,5.73,0.997,9.1,1,1,10,25,72.0,365,1,1,2,0.026,0.622,0.351,breathable,specialty,7.7
83.85,0.24,5.45,0.993,0.0,1,0,10,2,48.1,180,4,3,2,0.365,0.241,0.394,breathable,specialty,32.1
88.07,0.6,4.67,1.0,23.94,1,1,2,8,75.2,21,2,1,4,0.529,0.378,0.092,breathable,specialty,25.4
77.87,0.38,3.29,0.957,8.09,1,1,2,4,80.7,21,0,3,2,0.256,0.199,0.545,breathable,specialty,21.3
87.53,0.0,4.0,1.0,25.44,1,1,10,10,60.8,21,1,2,3,0.493,0.107,0.4,breathable,specialty,37.6
0.27,38.03,6.01,0.207,0.0,0,0,6,40,82.4,90,4,1,6,0.619,0.054,0.327,ultra_high,laminate,68.5
3.14,43.75,6.37,0.373,1.34,0,0,6,25,97.7,14,1,0,6,0.236,0.535,0.229,ultra_high,laminate,414.8
90.91,0.53,3.24,0.957,5.34,1,1,2,2,89.2,180,4,3,3,0.684,0.181,0.136,breathable,specialty,13.3
89.2,0.0,6.0,0.98,1.1,1,0,10,10,49.4,60,3,3,2,0.315,0.603,0.082,breathable,specialty,12.2
74.54,0.93,3.37,0.984,52.97,1,1,2,8,30.4,30,2,2,3,0.474,0.335,0.191,breathable,specialty,51.8
85.8,1.18,6.54,0.973,58.37,1,1,10,2,35.9,90,1,3,4,0.366,0.321,0.313,breathable,specialty,48.5
100.0,0.52,5.57,1.0,6.46,1,1,10,4,39.4,14,0,1,2,0.812,0.114,0.074,breathable,specialty,51.4
20.03,14.93,6.55,0.853,0.0,0,1,1,25,92.9,90,4,2,3,0.18,0.581,0.239,high,polyester,64.2
89.31,0.96,5.08,0.971,21.61,1,1,2,8,76.4,60,4,0,4,0.271,0.385,0.344,breathable,specialty,23.8
86.97,0.36,5.49,1.0,21.66,1,1,10,20,57.4,60,3,2,2,0.309,0.223,0.469,breathable,specialty,5.0
5.34,48.23,5.7,0.317,0.0,0,0,6,40,53.1,21,0,3,6,0.378,0.584,0.038,ultra_high,barrier_film,254.9
86.31,0.27,3.56,0.937,0.61,0,1,4,40,54.9,365,2,1,3,0.42,0.276,0.304,medium,polyolefin,8.7
62.62,0.0,3.51,0.973,56.87,1,1,2,20,85.6,90,2,2,3,0.342,0.328,0.33,breathable,specialty,10.7
90.07,0.0,5.88,0.974,78.23,1,1,10,20,27.9,14,2,1,4,0.428,0.167,0.405,breathable,specialty,9.1
8.07,10.11,6.4,0.409,0.0,0,0,7,35,38.0,120,0,3,0,0.48,0.228,0.292,ultra_high,laminate,357.9
44.48,32.44,5.37,0.899,0.41,0,1,8,-18,58.6,30,1,2,3,0.3,0.005,0.695,high,bioplastic,1292.0
100.0,0.59,3.91,0.999,24.64,1,1,10,15,40.0,30,0,2,3,0.014,0.407,0.58,breathable,specialty,23.3
10.33,1.07,6.4,0.564,0.0,0,0,9,20,49.0,21,3,2,1,0.107,0.548,0.346,high,laminate,491.3
91.72,3.04,4.41,0.979,1.17,0,1,8,-18,50.5,365,0,3,3,0.321,0.153,0.526,medium,bioplastic,343.7
77.99,0.02,5.68,0.951,1.08,1,0,10,10,82.6,7,1,0,2,0.408,0.407,0.185,breathable,specialty,26.9
72.14,0.92,6.09,0.988,56.78,1,1,10,10,45.1,180,1,2,4,0.166,0.45,0.385,breathable,specialty,20.7
2.11,30.05,6.25,0.243,1.49,0,0,6,20,90.1,180,3,1,6,0.042,0.432,0.526,ultra_high,laminate,676.8
27.93,14.91,6.37,0.852,0.13,0,1,1,30,50.8,365,2,3,3,0.476,0.06,0.464,high,barrier_film,71.3
92.42,0.41,3.11,0.991,0.32,0,1,4,30,39.1,5,3,3,3,0.238,0.168,0.594,medium,paper_based,13.2
99.47,0.7,6.67,0.997,8.67,1,1,10,15,62.6,180,3,1,2,0.305,0.389,0.305,breathable,specialty,16.6
79.38,0.46,6.75,0.976,72.1,1,1,10,2,81.7,365,4,1,4,0.17,0.337,0.492,breathable,specialty,23.3
65.92,0.43,5.36,0.973,1.64,1,0,10,25,68.7,180,0,0,2,0.515,0.095,0.39,breathable,specialty,6.4
81.07,0.0,3.68,0.984,6.48,1,1,2,10,59.8,14,0,3,3,0.08,0.518,0.402,breathable,specialty,16.8
69.95,9.81,5.73,0.993,0.0,0,1,5,4,68.3,365,2,1,3,0.235,0.314,0.451,medium,polyester,82.8
7.41,2.74,5.57,0.505,0.0,0,0,7,25,28.6,30,2,2,1,0.103,0.364,0.533,high,barrier_film,195.6
39.84,35.82,5.46,0.943,0.0,0,1,8,-10,82.1,30,0,3,3,0.497,0.468,0.034,high,barrier_film,839.0
79.97,0.0,2.83,0.99,0.0,0,0,4,35,86.2,180,3,1,0,0.485,0.103,0.412,medium,polyester,6.7
6.23,21.94,6.66,0.444,0.06,0,0,7,30,47.6,90,1,1,0,0.402,0.376,0.222,ultra_high,barrier_film,419.6
7.0,17.0,5.86,0.44,0.0,0,0,7,30,78.3,7,1,2,0,0.277,0.374,0.349,ultra_high,barrier_film,161.4
1.48,41.61,6.13,0.177,0.55,0,0,6,20,40.3,21,1,2,6,0.07,0.164,0.766,ultra_high,barrier_film,1089.8
8.33,14.36,6.33,0.426,1.09,0,0,7,40,56.3,14,4,2,0,0.34,0.042,0.618,ultra_high,barrier_film,312.9
8.58,21.84,5.99,0.437,1.35,0,0,7,35,85.6,14,2,1,0,0.145,0.474,0.381,ultra_high,laminate,229.1
87.54,0.15,5.73,0.984,24.8,1,1,10,25,51.8,3,2,3,2,0.151,0.152,0.697,breathable,specialty,6.0
0.0,89.77,6.11,0.102,0.0,0,0,3,30,74.1,14,1,0,0,0.365,0.107,0.528,ultra_high,barrier_film,360.7
10.98,0.22,5.8,0.647,0.0,0,0,9,40,87.7,365,0,0,1,0.448,0.221,0.331,medium,polyester,76.4
5.64,24.66,6.17,0.46,0.0,0,0,7,40,89.3,30,4,3,0,0.454,0.207,0.339,ultra_high,barrier_film,56.6
100.0,0.05,5.59,0.974,8.41,1,1,10,4,94.1,365,3,0,2,0.459,0.433,0.107,breathable,specialty,33.9
80.9,0.0,3.54,0.975,8.34,1,1,2,25,50.5,120,0,1,3,0.255,0.23,0.515,breathable,specialty,4.9
50.33,22.26,5.54,0.948,0.05,0,1,8,8,86.0,5,2,0,3,0.383,0.433,0.183,high,laminate,237.6
86.04,2.89,4.32,0.992,0.0,0,1,8,4,44.6,365,1,2,3,0.333,0.383,0.284,medium,polyolefin,90.2
3.24,30.68,5.73,0.241,0.0,0,0,6,25,79.6,30,1,3,6,0.075,0.448,0.477,ultra_high,laminate,584.1
100.0,0.79,6.11,0.987,120.36,1,1,10,15,50.9,365,4,0,3,0.215,0.148,0.637,breathable,specialty,11.7
8.14,3.58,6.02,0.516,0.59,0,0,7,35,60.8,30,4,2,1,0.401,0.108,0.491,high,laminate,201.6
8.03,23.56,5.98,0.429,0.29,0,0,7,30,58.6,90,3,2,0,0.079,0.355,0.565,ultra_high,laminate,404.7
96.18,0.19,6.46,0.962,57.32,1,1,10,25,63.7,365,0,3,4,0.036,0.209,0.755,breathable,paper_based,1.7
72.26,4.77,5.71,1.0,0.0,0,1,5,-10,56.8,120,4,0,3,0.424,0.322,0.254,medium,polyester,209.7
98.29,1.3,5.58,0.936,7.88,1,1,10,8,26.6,14,3,1,2,0.09,0.778,0.132,breathable,specialty,44.8
71.28,4.22,6.76,0.986,0.0,0,1,8,4,78.9,21,2,1,3,0.438,0.282,0.28,medium,polyester,51.8
9.05,1.45,6.43,0.533,0.0,0,0,9,40,40.5,90,1,1,1,0.227,0.69,0.083,high,barrier_film,176.7
83.57,0.0,5.43,0.969,1.48,1,0,10,15,36.9,365,3,0,3,0.615,0.133,0.253,breathable,specialty,21.5
4.51,52.4,6.32,0.339,0.0,0,0,6,20,84.4,365,2,0,6,0.364,0.469,0.167,ultra_high,barrier_film,908.4
0.83,100.0,7.05,0.0,0.0,0,0,3,30,59.9,180,4,0,0,0.15,0.533,0.317,ultra_high,laminate,185.1
4.25,1.14,5.78,0.263,0.0,0,0,4,40,69.4,5,0,3,1,0.257,0.429,0.314,high,barrier_film,144.4
78.69,0.22,3.83,0.958,0.0,0,1,4,35,93.1,60,2,0,3,0.53,0.176,0.294,medium,polyester,10.8
34.98,33.35,5.2,0.898,0.0,0,1,8,2,79.5,14,2,3,3,0.558,0.132,0.31,high,laminate,475.0
3.25,53.0,5.79,0.32,0.0,0,0,6,35,42.7,30,4,3,6,0.381,0.339,0.28,ultra_high,barrier_film,202.6
95.3,0.25,2.95,0.942,0.96,0,0,4,30,92.1,120,4,0,0,0.005,0.853,0.142,medium,polyester,14.4
0.0,100.0,7.02,0.008,0.96,0,0,3,35,70.7,365,4,2,0,0.419,0.265,0.316,ultra_high,laminate,152.4
100.0,0.0,6.0,0.989,124.56,1,1,10,20,36.5,180,1,0,3,0.49,0.329,0.181,breathable,specialty,12.4
79.25,3.4,3.89,0.968,0.0,0,1,8,-18,68.9,21,4,2,3,0.163,0.587,0.25,medium,polyester,250.4
84.32,0.71,3.59,0.985,7.2,1,1,2,25,77.0,21,4,2,2,0.253,0.434,0.312,breathable,specialty,4.8
21.89,12.1,6.72,0.833,0.0,0,1,1,25,82.9,14,2,3,3,0.007,0.349,0.645,high,paper_based,62.8
4.99,0.54,5.32,0.246,0.0,0,0,4,40,51.9,7,1,3,1,0.199,0.193,0.607,high,paper_based,146.0
14.11,4.3,6.53,0.64,2.2,0,0,9,35,73.5,3,4,0,3,0.206,0.242,0.553,medium,paper_based,24.1
78.79,2.35,6.41,0.987,0.35,0,1,11,4,26.7,120,2,3,3,0.218,0.371,0.411,medium,polyester,62.0
6.09,15.12,4.9,0.206,0.0,0,0,4,25,74.6,21,1,2,0,0.252,0.423,0.325,ultra_high,barrier_film,346.0
81.44,3.88,6.33,0.998,1.51,0,1,8,-18,79.4,21,1,3,3,0.432,0.106,0.462,medium,polyester,373.6
20.19,33.03,5.41,0.88,0.0,0,1,8,0,44.8,120,4,0,3,0.052,0.601,0.347,high,laminate,245.9
3.96,18.45,6.76,0.32,0.34,0,0,1,35,27.4,30,4,1,1,0.305,0.368,0.327,high,laminate,163.3
71.35,8.92,6.16,1.0,0.0,0,1,5,-10,81.7,30,3,3,3,0.15,0.066,0.784,medium,bioplastic,210.4
8.42,0.69,6.9,0.477,1.54,0,0,0,40,58.1,60,1,1,1,0.193,0.103,0.704,high,paper_based,158.5
96.57,0.69,4.78,1.0,23.77,1,1,10,25,60.2,120,0,0,3,0.611,0.145,0.245,breathable,specialty,6.7
12.81,4.16,6.76,0.667,0.13,0,0,9,30,90.7,30,3,3,3,0.152,0.302,0.545,medium,paper_based,212.3
2.72,39.23,5.71,0.179,0.0,0,0,6,40,48.6,30,3,1,6,0.227,0.274,0.499,ultra_high,barrier_film,220.4
84.82,0.61,6.61,1.0,2.26,0,1,11,2,50.4,3,3,2,3,0.282,0.41,0.307,medium,polyester,61.2
85.01,3.79,3.86,0.95,0.07,0,1,8,8,41.2,120,4,2,3,0.44,0.405,0.155,medium,polyolefin,72.3
87.46,1.09,6.32,0.979,55.84,1,1,10,2,38.7,3,4,0,4,0.483,0.183,0.334,breathable,specialty,33.3
11.31,1.55,6.26,0.57,0.26,0,0,9,30,56.6,3,2,0,1,0.03,0.514,0.456,high,laminate,342.6
98.14,0.07,6.16,0.992,148.15,1,1,10,10,89.2,90,1,0,3,0.091,0.715,0.194,breathable,specialty,19.1
51.69,23.04,5.61,0.995,2.27,0,1,8,4,31.9,21,3,2,3,0.443,0.455,0.102,high,barrier_film,444.8
36.69,3.27,5.48,0.96,0.03,0,1,1,20,69.6,90,4,1,5,0.255,0.145,0.6,low,bioplastic,37.8
1.41,100.0,6.71,0.12,0.9,0,0,3,30,72.2,365,2,3,0,0.334,0.019,0.648,ultra_high,laminate,309.5
2.37,19.09,6.61,0.302,0.0,0,0,1,35,49.3,180,4,1,1,0.569,0.298,0.133,high,laminate,126.5
0.0,98.89,6.81,0.081,0.0,0,0,3,30,83.1,5,4,3,0,0.467,0.417,0.116,ultra_high,laminate,226.0
86.07,0.2,3.45,0.975,0.58,0,1,4,20,39.3,5,3,1,3,0.555,0.379,0.066,medium,polyolefin,10.5
12.41,6.13,6.49,0.547,1.28,0,0,0,20,57.9,365,0,2,1,0.218,0.491,0.292,high,laminate,495.2
0.0,100.0,7.23,0.007,2.39,0,0,3,20,27.4,14,4,3,0,0.258,0.546,0.196,ultra_high,laminate,554.5
80.19,0.0,5.59,0.942,1.58,1,0,10,25,40.6,120,3,2,2,0.335,0.298,0.367,breathable,specialty,8.6
4.15,29.86,5.65,0.275,0.0,0,0,6,40,42.0,180,4,1,6,0.446,0.33,0.225,ultra_high,barrier_film,257.8
87.52,3.0,4.19,0.984,1.39,0,1,8,-18,54.7,14,1,2,3,0.45,0.536,0.014,medium,polyolefin,509.9
4.73,48.7,6.27,0.354,0.62,0,0,6,40,42.2,14,2,2,6,0.651,0.284,0.065,ultra_high,laminate,145.0
67.07,0.48,5.34,0.945,29.44,1,1,10,2,82.4,180,3,0,2,0.164,0.453,0.383,breathable,specialty,55.3
93.85,0.0,5.27,0.938,3.73,1,0,10,10,30.4,21,4,0,3,0.27,0.466,0.264,breathable,specialty,20.4
4.83,0.5,5.12,0.259,0.0,0,0,4,30,89.9,60,1,1,1,0.479,0.306,0.216,high,polyester,169.2
67.24,2.31,6.53,0.967,0.32,0,1,11,4,42.9,120,4,1,3,0.458,0.284,0.258,medium,polyester,124.0
83.01,3.86,6.64,0.988,0.0,0,1,8,4,98.4,90,4,1,3,0.146,0.578,0.276,medium,polyolefin,140.0
96.65,0.31,4.85,0.976,29.72,1,1,10,2,45.9,5,2,3,3,0.48,0.215,0.305,breathable,specialty,64.2
8.2,5.75,6.96,0.549,0.0,0,0,0,40,27.5,21,1,0,1,0.365,0.467,0.168,high,barrier_film,56.6
75.46,0.46,4.06,0.946,8.15,1,1,2,25,79.6,60,1,3,3,0.426,0.334,0.24,breathable,specialty,3.4
98.77,0.74,3.54,1.0,27.8,1,1,10,15,50.3,30,3,3,3,0.473,0.013,0.514,breathable,specialty,13.6
79.48,2.18,6.49,1.0,3.05,0,1,11,4,50.0,14,1,2,3,0.053,0.4,0.546,medium,paper_based,33.5
0.08,89.97,6.22,0.091,0.0,0,0,3,35,73.8,7,1,1,0,0.138,0.466,0.396,ultra_high,laminate,219.7
85.87,1.21,7.23,0.971,0.0,0,1,11,-10,46.8,5,4,0,3,0.124,0.718,0.157,medium,polyester,169.2
38.71,32.32,5.18,0.863,0.0,0,1,8,-10,86.3,14,0,1,3,0.393,0.489,0.118,high,laminate,508.2
0.17,100.0,6.71,0.024,0.0,0,0,3,40,60.5,365,2,1,0,0.093,0.332,0.575,ultra_high,laminate,253.7
100.0,0.0,3.58,1.0,8.24,1,1,2,4,61.9,180,3,2,2,0.196,0.407,0.397,breathable,specialty,35.2
52.81,22.54,6.16,0.96,0.0,0,1,8,8,89.0,3,4,0,3,0.032,0.626,0.342,high,barrier_film,172.7
79.62,0.09,3.33,0.985,57.68,1,1,2,8,92.9,21,3,1,3,0.05,0.562,0.388,breathable,specialty,23.1
73.02,0.24,3.89,1.0,1.43,0,1,4,25,58.2,60,2,3,3,0.652,0.33,0.018,medium,polyester,21.6
6.59,17.52,6.14,0.42,0.35,0,0,7,35,81.0,30,0,3,0,0.264,0.421,0.314,ultra_high,laminate,190.4
98.78,0.0,5.91,0.97,8.51,1,1,10,20,28.6,60,2,2,2,0.146,0.485,0.369,breathable,specialty,15.9
100.0,0.32,6.55,0.992,87.33,1,1,10,15,60.0,14,1,3,3,0.402,0.295,0.303,breathable,specialty,25.7
8.14,0.56,6.54,0.494,0.87,0,0,0,20,43.5,3,4,2,1,0.206,0.166,0.627,high,bioplastic,622.9
85.17,0.0,2.84,0.978,0.0,0,0,4,20,31.1,21,2,2,0,0.306,0.331,0.362,medium,polyester,28.7
4.79,13.96,4.82,0.207,0.09,0,0,4,40,81.0,365,4,0,0,0.443,0.327,0.23,ultra_high,barrier_film,94.7
4.25,5.69,6.4,0.558,0.0,0,0,0,35,58.6,7,4,1,1,0.001,0.58,0.419,high,barrier_film,107.6
14.5,0.0,5.77,0.609,0.0,0,0,9,20,78.4,14,2,2,1,0.316,0.192,0.492,medium,polyolefin,223.1
8.26,3.67,5.95,0.497,0.4,0,0,7,30,82.4,90,3,0,1,0.358,0.274,0.368,high,polyester,195.5
36.37,32.51,4.82,0.897,0.0,0,1,8,-18,36.6,180,2,2,3,0.796,0.141,0.063,high,laminate,2426.0
79.22,0.0,5.5,0.957,8.02,1,1,10,8,75.3,3,2,3,2,0.278,0.657,0.065,breathable,specialty,28.7
76.61,1.73,6.91,0.956,0.93,0,1,11,-18,88.3,90,4,1,3,0.397,0.5,0.103,medium,polyolefin,374.4
88.19,0.0,5.73,0.96,1.82,1,0,10,20,86.7,120,0,0,2,0.705,0.037,0.258,breathable,specialty,10.3
100.0,0.81,3.4,0.986,60.69,1,1,2,4,45.7,14,1,2,3,0.425,0.308,0.267,breathable,specialty,49.5
13.79,1.83,6.37,0.497,0.0,0,0,0,30,39.0,21,4,1,1,0.649,0.226,0.125,high,polyester,229.2
77.25,4.91,6.11,0.996,0.0,0,1,5,4,82.9,90,4,2,3,0.387,0.444,0.17,medium,polyester,136.6
23.59,14.73,6.65,0.821,0.71,0,1,1,35,61.5,14,1,1,3,0.382,0.258,0.36,high,laminate,72.6
11.0,2.0,5.93,0.501,0.0,0,0,7,35,90.4,7,2,2,1,0.123,0.153,0.724,high,bioplastic,125.3
6.22,13.71,5.14,0.414,0.0,0,0,7,35,27.6,30,1,3,0,0.392,0.217,0.391,ultra_high,laminate,421.4
4.36,47.89,5.78,0.34,0.89,0,0,6,30,61.9,5,4,0,6,0.39,0.284,0.326,ultra_high,barrier_film,270.7
95.15,0.47,3.76,0.974,27.32,1,1,10,20,35.3,90,4,2,3,0.168,0.497,0.335,breathable,specialty,7.3
4.58,42.75,6.61,0.327,0.0,0,0,6,20,63.5,3,4,3,6,0.035,0.484,0.481,ultra_high,laminate,1121.5
9.13,15.78,6.31,0.454,0.0,0,0,7,35,57.7,60,3,1,0,0.142,0.358,0.5,ultra_high,barrier_film,299.2
43.8,42.4,5.12,0.891,0.16,0,1,8,8,60.2,365,3,1,3,0.364,0.562,0.074,high,laminate,334.8
34.22,2.62,5.01,0.967,0.0,0,1,1,35,71.4,3,4,3,5,0.316,0.149,0.534,low,paper_based,22.7
100.0,0.21,3.36,0.981,46.31,1,1,2,4,80.5,120,2,3,3,0.37,0.317,0.313,breathable,specialty,50.5
93.91,0.0,2.44,0.963,0.0,0,0,4,30,70.9,3,3,3,0,0.428,0.273,0.299,medium,polyolefin,6.3
8.88,10.26,6.44,0.384,0.0,0,0,7,20,76.2,90,4,1,0,0.192,0.432,0.377,ultra_high,laminate,615.0
93.95,2.41,6.49,1.0,0.0,0,1,11,8,32.3,180,1,1,3,0.146,0.307,0.547,medium,bioplastic,19.1
88.66,0.48,3.83,1.0,65.97,1,1,2,10,92.9,60,1,3,3,0.393,0.114,0.494,breathable,specialty,24.1
11.04,5.7,6.65,0.568,0.0,0,0,0,40,44.7,60,3,3,1,0.354,0.432,0.214,high,laminate,147.0
4.26,1.56,5.63,0.248,0.0,0,0,4,35,69.5,365,2,2,1,0.192,0.604,0.204,high,polyester,139.5
12.7,4.04,6.59,0.667,0.0,0,0,9,40,28.2,365,0,0,3,0.487,0.457,0.056,medium,polyolefin,77.1
11.16,6.12,7.09,0.576,0.0,0,0,0,40,75.3,5,0,0,1,0.4,0.079,0.521,high,polyester,30.2
86.47,0.0,4.81,0.97,0.54,1,0,10,8,84.8,60,2,2,3,0.767,0.073,0.16,breathable,specialty,24.2
82.12,1.31,4.55,0.987,27.49,1,1,2,10,39.7,365,3,0,4,0.193,0.68,0.127,breathable,specialty,9.5
11.65,6.14,6.29,0.543,0.0,0,0,0,25,82.1,365,0,0,1,0.429,0.163,0.407,high,laminate,169.3
61.94,10.14,5.72,0.954,0.65,0,1,5,2,80.9,90,0,2,3,0.08,0.438,0.482,high,polyester,230.2
11.94,3.27,6.04,0.471,0.13,0,0,7,35,80.8,14,2,3,1,0.19,0.334,0.475,high,barrier_film,135.3
96.26,0.55,6.12,0.964,113.52,1,1,10,15,80.1,21,3,3,3,0.257,0.012,0.731,breathable,paper_based,14.7
92.44,0.81,4.8,0.953,2.85,1,0,10,20,67.3,14,0,0,3,0.015,0.393,0.591,breathable,specialty,11.6
12.63,4.45,6.55,0.656,0.0,0,0,9,35,75.0,7,4,0,3,0.35,0.075,0.575,medium,bioplastic,100.8
12.14,1.69,5.88,0.484,1.29,0,0,7,25,49.4,14,0,1,1,0.236,0.202,0.562,high,laminate,453.1
67.29,0.63,6.13,0.982,8.95,1,1,10,25,36.6,3,3,0,2,0.324,0.653,0.023,breathable,specialty,2.7
32.23,27.51,5.05,0.902,0.49,0,1,8,2,61.9,14,1,0,3,0.318,0.372,0.31,high,barrier_film,189.8
5.99,15.94,6.31,0.505,1.37,0,0,7,40,69.4,14,3,1,0,0.629,0.153,0.218,ultra_high,barrier_film,181.1
100.0,0.46,3.46,1.0,45.96,1,1,2,10,25.8,5,0,1,3,0.733,0.041,0.225,breathable,specialty,30.3
2.96,19.02,7.14,0.329,0.0,0,0,1,30,44.6,5,1,3,1,0.151,0.256,0.593,high,laminate,230.2
44.75,3.91,5.21,0.956,1.04,0,1,1,30,53.6,14,2,1,5,0.318,0.645,0.036,low,polyolefin,35.8
36.96,35.66,5.51,0.882,0.35,0,1,8,4,35.9,180,4,1,3,0.341,0.598,0.06,high,barrier_film,130.6
12.11,1.05,6.66,0.489,0.0,0,0,0,40,40.9,180,0,3,1,0.316,0.027,0.657,high,bioplastic,105.5
4.67,13.52,5.02,0.226,1.62,0,0,4,25,40.4,30,2,1,0,0.394,0.074,0.532,ultra_high,barrier_film,784.8
3.99,48.89,5.5,0.36,0.72,0,0,6,30,77.8,90,0,0,6,0.33,0.43,0.24,ultra_high,barrier_film,257.4
0.0,95.31,7.03,0.0,1.2,0,0,3,20,66.7,365,2,0,0,0.565,0.334,0.101,ultra_high,barrier_film,747.5
66.44,0.0,3.97,0.984,6.32,1,1,2,20,88.9,180,1,1,3,0.292,0.521,0.186,breathable,specialty,8.8
81.63,3.98,6.55,0.988,0.0,0,1,8,4,45.6,90,4,2,3,0.317,0.37,0.313,medium,polyester,145.1
100.0,0.72,4.02,1.0,27.33,1,1,10,20,41.5,90,1,1,3,0.203,0.435,0.361,breathable,specialty,12.9
80.6,0.49,6.5,0.986,60.71,1,1,10,25,40.6,120,2,3,4,0.389,0.324,0.286,breathable,specialty,3.1
83.22,1.05,6.75,1.0,0.15,0,1,11,0,38.2,90,2,2,3,0.302,0.04,0.658,medium,paper_based,163.8
86.09,0.0,6.57,0.974,7.38,1,1,10,4,35.8,14,0,0,2,0.219,0.286,0.495,breathable,specialty,37.3
76.88,0.0,3.6,1.0,70.98,1,1,2,2,29.4,60,3,1,3,0.077,0.457,0.467,breathable,specialty,67.2
73.12,2.68,6.26,0.993,2.64,0,1,11,4,77.1,7,4,3,3,0.515,0.121,0.364,medium,polyester,130.1
10.47,14.3,5.55,0.418,0.0,0,0,7,25,73.6,120,1,2,0,0.753,0.074,0.173,ultra_high,laminate,512.1
65.5,11.24,6.41,0.975,0.0,0,1,5,2,51.3,60,2,0,3,0.606,0.218,0.176,high,polyester,258.0
3.92,17.93,6.83,0.304,0.0,0,0,1,35,33.7,180,4,0,1,0.689,0.211,0.1,high,polyester,195.7
4.02,43.06,5.44,0.374,0.0,0,0,6,40,92.0,7,1,1,6,0.304,0.18,0.516,ultra_high,barrier_film,146.4
2.94,27.86,6.04,0.239,0.0,0,0,6,35,34.1,365,2,3,6,0.373,0.524,0.104,ultra_high,laminate,372.6
73.99,0.0,3.48,0.973,7.91,1,1,2,20,94.6,5,2,0,3,0.055,0.153,0.792,breathable,paper_based,5.0
8.74,16.02,5.42,0.471,0.0,0,0,7,40,82.0,5,4,1,0,0.091,0.175,0.734,ultra_high,laminate,69.7
5.37,0.62,5.41,0.232,0.0,0,0,4,25,29.4,7,4,2,1,0.284,0.405,0.311,high,barrier_film,422.7
12.83,0.72,5.77,0.539,1.85,0,0,9,40,78.3,5,3,3,1,0.113,0.1,0.787,high,bioplastic,71.2
94.8,3.91,7.06,0.988,0.6,0,1,8,0,29.7,5,1,1,3,0.185,0.116,0.699,medium,bioplastic,204.3
34.95,2.18,5.96,0.966,0.01,0,1,1,20,29.1,365,4,0,5,0.03,0.639,0.33,low,polyolefin,49.7
83.04,0.0,5.98,1.0,2.37,1,0,10,2,42.6,21,4,2,2,0.393,0.43,0.177,breathable,specialty,30.6
90.71,0.58,4.01,0.971,8.35,1,1,2,25,72.3,3,0,1,3,0.211,0.379,0.41,breathable,specialty,5.1
5.91,0.92,5.32,0.265,0.16,0,0,4,20,92.1,30,0,3,1,0.756,0.135,0.109,high,polyester,397.6
91.57,0.42,4.11,1.0,21.11,1,1,10,10,47.6,120,3,2,3,0.377,0.189,0.434,breathable,specialty,29.2
4.84,1.06,5.29,0.223,0.0,0,0,4,20,32.2,7,3,3,1,0.307,0.405,0.288,high,barrier_film,960.4
11.19,3.92,5.82,0.508,0.0,0,0,7,40,71.6,21,3,2,1,0.273,0.407,0.321,high,laminate,76.1
27.07,15.72,6.08,0.85,0.3,0,1,1,20,91.0,5,3,0,3,0.334,0.188,0.478,high,barrier_film,83.5
75.16,0.0,3.46,0.971,7.62,1,1,2,15,53.4,120,2,0,3,0.304,0.022,0.673,breathable,specialty,17.8
9.17,20.1,6.18,0.453,0.0,0,0,7,25,55.6,60,1,2,0,0.083,0.371,0.545,ultra_high,barrier_film,385.8
2.23,51.21,6.06,0.356,0.0,0,0,6,35,74.0,365,2,2,6,0.115,0.071,0.814,ultra_high,bioplastic,207.3
6.91,46.59,5.93,0.358,0.0,0,0,6,30,32.3,365,1,1,6,0.134,0.494,0.371,ultra_high,laminate,434.9
96.64,0.25,5.42,0.99,5.65,1,1,10,8,27.3,90,4,0,2,0.223,0.215,0.562,breathable,specialty,11.4
76.81,0.0,5.25,0.971,1.7,1,0,10,8,48.4,60,1,3,2,0.045,0.578,0.377,breathable,specialty,29.6
17.7,6.59,6.32,0.558,0.0,0,0,0,40,28.7,180,2,2,1,0.354,0.596,0.05,high,barrier_film,28.6
6.48,13.97,5.37,0.385,0.0,0,0,7,40,61.2,365,4,1,0,0.255,0.31,0.435,ultra_high,laminate,171.0
24.44,17.12,6.71,0.814,1.95,0,1,1,20,66.1,14,2,3,3,0.697,0.153,0.15,high,laminate,124.8
69.27,0.0,3.77,0.986,8.97,1,1,2,4,63.9,14,0,1,3,0.654,0.194,0.152,breathable,specialty,25.0
28.8,3.51,5.57,0.965,1.74,0,1,1,30,81.0,120,1,0,5,0.014,0.331,0.656,low,bioplastic,17.1
88.55,0.0,3.51,0.992,10.42,1,1,2,20,93.9,7,1,0,3,0.101,0.42,0.479,breathable,specialty,6.1
77.79,2.54,6.81,1.0,0.31,0,1,11,4,77.5,60,1,3,3,0.397,0.198,0.405,medium,polyolefin,64.0
5.62,46.91,5.95,0.341,0.0,0,0,6,25,49.0,7,2,3,6,0.014,0.527,0.459,ultra_high,laminate,586.6
77.03,0.0,4.52,1.0,21.56,1,1,2,8,97.0,365,0,1,4,0.422,0.18,0.398,breathable,specialty,11.9
9.45,7.34,6.51,0.533,0.38,0,0,0,35,78.6,30,3,0,1,0.688,0.071,0.242,high,laminate,96.7
9.17,2.0,6.24,0.466,0.0,0,0,7,30,56.6,180,4,2,1,0.098,0.051,0.851,high,bioplastic,143.2
97.75,0.41,6.37,1.0,65.23,1,1,10,20,91.5,365,1,3,4,0.301,0.201,0.498,breathable,specialty,8.2
3.89,0.75,5.47,0.258,0.0,0,0,4,35,92.2,180,1,0,1,0.257,0.367,0.376,high,polyester,136.0
26.74,17.21,6.65,0.868,0.0,0,1,1,20,51.0,7,4,0,3,0.589,0.4,0.011,high,laminate,119.9
10.69,1.18,6.54,0.523,0.0,0,0,9,25,63.4,14,4,1,1,0.346,0.145,0.509,high,laminate,530.7
72.36,0.68,4.52,0.941,21.11,1,1,2,10,33.3,3,3,1,4,0.177,0.434,0.388,breathable,specialty,29.2
37.68,2.62,5.59,0.954,0.0,0,1,1,30,71.9,365,4,0,5,0.428,0.566,0.006,low,polyolefin,36.6
100.0,0.27,6.3,0.982,39.23,1,1,10,10,39.8,5,2,3,4,0.146,0.386,0.468,breathable,specialty,42.5
9.94,0.0,6.37,0.54,0.0,0,0,0,30,66.7,30,3,1,1,0.368,0.48,0.152,high,barrier_film,105.4
0.6,96.36,6.63,0.112,0.76,0,0,3,35,60.5,5,3,0,0,0.282,0.497,0.222,ultra_high,barrier_film,157.1
92.13,0.56,6.63,0.981,65.27,1,1,10,8,73.1,365,4,1,4,0.253,0.467,0.28,breathable,specialty,18.3
81.26,0.79,4.02,0.98,7.28,1,1,2,2,68.3,30,4,0,3,0.076,0.143,0.781,breathable,paper_based,18.2
0.0,92.51,7.4,0.008,0.0,0,0,3,40,42.1,14,0,2,0,0.157,0.124,0.719,ultra_high,barrier_film,261.7
17.5,4.48,7.0,0.671,0.9,0,0,9,30,84.5,365,1,0,3,0.401,0.436,0.163,low,polyolefin,24.7
1.0,100.0,7.18,0.0,0.0,0,0,3,35,50.4,180,4,3,0,0.418,0.48,0.102,ultra_high,laminate,242.1
63.91,0.19,3.21,0.964,55.29,1,1,2,15,73.2,365,4,0,3,0.555,0.267,0.178,breathable,specialty,12.3
87.58,0.01,6.5,1.0,49.65,1,1,10,2,68.4,5,4,3,4,0.451,0.291,0.258,breathable,specialty,48.1
5.44,47.62,6.33,0.369,0.27,0,0,6,35,31.7,5,3,2,6,0.422,0.403,0.175,ultra_high,barrier_film,236.7
88.96,0.6,5.73,0.978,23.15,1,1,10,2,27.2,60,0,0,2,0.516,0.356,0.128,breathable,specialty,56.0
0.0,91.6,7.16,0.0,0.0,0,0,3,35,82.8,21,0,1,0,0.715,0.167,0.118,ultra_high,laminate,214.2
92.46,0.29,3.82,0.947,0.0,0,1,4,35,39.7,90,3,0,3,0.42,0.513,0.066,medium,polyolefin,13.9
3.19,19.32,6.48,0.284,0.12,0,0,1,35,60.1,90,4,2,1,0.54,0.421,0.039,high,polyester,109.5
70.32,10.35,6.19,0.993,0.0,0,1,5,8,59.2,90,0,3,3,0.261,0.376,0.363,high,laminate,131.4
81.25,0.4,5.8,0.989,103.86,1,1,10,25,83.8,365,3,1,3,0.196,0.362,0.442,breathable,specialty,2.4
86.31,0.0,3.68,0.943,0.0,0,1,4,20,78.3,90,1,1,3,0.111,0.668,0.22,medium,polyolefin,38.2
13.18,4.85,7.11,0.655,0.0,0,0,9,40,31.4,5,2,3,3,0.623,0.251,0.126,medium,polyolefin,95.4
8.37,12.45,5.4,0.435,1.23,0,0,7,40,75.1,5,0,3,0,0.3,0.382,0.317,ultra_high,laminate,126.6
80.16,0.0,6.13,0.987,3.51,1,0,10,4,75.2,21,3,3,2,0.438,0.067,0.495,breathable,specialty,39.9
82.19,0.49,6.23,0.975,125.97,1,1,10,15,37.4,5,2,2,3,0.358,0.236,0.406,breathable,specialty,19.1
72.42,1.67,6.9,0.97,0.0,0,1,11,4,91.8,365,2,0,3,0.372,0.399,0.229,medium,polyester,118.8
79.03,0.4,6.66,0.99,8.91,1,1,10,20,83.2,365,4,2,2,0.349,0.442,0.209,breathable,specialty,10.8
8.19,21.85,5.93,0.474,1.36,0,0,7,35,77.8,14,4,3,0,0.33,0.375,0.295,ultra_high,barrier_film,157.8
100.0,0.3,4.12,0.958,33.18,1,1,10,8,46.6,5,4,2,3,0.111,0.526,0.362,breathable,specialty,47.3
3.86,53.49,5.9,0.37,0.0,0,0,6,30,49.8,365,4,2,6,0.517,0.415,0.068,ultra_high,barrier_film,460.1
23.64,15.93,6.49,0.824,0.0,0,1,1,40,83.1,180,1,2,3,0.458,0.374,0.168,high,polyester,12.1
77.67,1.26,6.6,0.989,0.2,0,1,11,-10,76.8,60,3,0,3,0.201,0.657,0.143,medium,polyester,151.2
68.78,1.87,6.91,0.95,0.0,0,1,11,2,77.8,90,3,1,3,0.724,0.129,0.147,medium,polyester,139.6
82.49,1.73,6.31,0.996,0.9,0,1,11,-18,69.0,60,0,0,3,0.442,0.245,0.313,medium,polyester,105.0
7.88,14.32,5.83,0.427,0.0,0,0,7,30,53.3,14,1,3,0,0.109,0.887,0.003,ultra_high,laminate,333.5
2.79,51.34,5.59,0.376,0.27,0,0,6,25,68.6,365,3,3,6,0.471,0.096,0.432,ultra_high,laminate,527.3
27.66,37.61,5.15,0.905,0.0,0,1,8,0,77.2,5,1,0,3,0.341,0.384,0.276,high,polyester,189.2
99.11,0.85,4.11,0.987,22.8,1,1,10,10,69.2,3,0,1,3,0.143,0.191,0.667,breathable,specialty,23.2
1.62,47.8,5.76,0.337,1.91,0,0,6,20,51.7,60,1,3,6,0.409,0.565,0.026,ultra_high,laminate,963.2
86.63,0.51,6.02,0.969,9.73,1,1,10,2,68.7,30,1,0,2,0.089,0.268,0.643,breathable,specialty,88.7
8.21,6.79,6.65,0.559,0.02,0,0,0,35,66.0,120,3,0,1,0.485,0.279,0.236,high,barrier_film,136.2
11.35,1.45,5.82,0.541,1.36,0,0,9,25,53.0,180,3,3,1,0.22,0.689,0.091,high,barrier_film,232.2
10.65,4.58,6.78,0.638,1.12,0,0,9,40,50.0,365,1,0,3,0.218,0.734,0.048,medium,polyolefin,84.0
8.68,14.13,6.13,0.436,0.65,0,0,7,20,53.1,5,3,0,0,0.391,0.284,0.325,ultra_high,barrier_film,1066.7
11.24,18.46,5.45,0.408,0.0,0,0,7,30,47.7,14,3,2,0,0.477,0.511,0.012,ultra_high,laminate,413.0
80.42,0.0,3.87,0.961,8.12,1,1,2,25,76.3,365,0,0,2,0.207,0.379,0.414,breathable,specialty,12.6
56.82,22.92,6.03,1.0,0.0,0,1,8,2,49.6,14,3,0,3,0.538,0.038,0.424,high,polyester,392.4
0.0,87.13,7.15,0.055,0.27,0,0,3,35,79.8,180,1,0,0,0.28,0.581,0.139,ultra_high,barrier_film,143.0
3.74,34.61,5.81,0.226,0.6,0,0,6,20,43.6,21,4,1,6,0.146,0.387,0.468,ultra_high,laminate,1160.4
0.64,31.52,6.01,0.199,0.0,0,0,6,20,92.0,30,3,3,6,0.328,0.479,0.193,ultra_high,barrier_film,547.3
15.5,1.83,5.94,0.546,0.0,0,0,9,40,91.7,3,1,3,1,0.095,0.443,0.462,high,laminate,20.2
88.32,0.19,6.33,0.975,3.76,1,0,10,4,27.7,90,1,2,2,0.239,0.378,0.383,breathable,specialty,44.0
0.0,88.4,6.72,0.0,0.3,0,0,3,20,60.5,30,0,1,0,0.06,0.873,0.067,ultra_high,barrier_film,1244.2
5.4,31.88,5.66,0.266,0.0,0,0,6,40,33.2,90,3,3,6,0.27,0.384,0.347,ultra_high,barrier_film,135.4
66.82,0.43,5.05,0.979,23.84,1,1,2,25,89.4,14,4,1,4,0.32,0.195,0.485,breathable,specialty,4.7
13.45,4.81,6.78,0.669,0.0,0,0,9,30,49.6,180,4,1,3,0.429,0.386,0.184,medium,polyolefin,212.6
88.5,0.0,2.23,0.988,0.66,0,0,4,25,37.6,365,1,0,0,0.408,0.392,0.2,medium,polyolefin,13.1
2.84,43.36,5.92,0.367,1.62,0,0,6,20,63.8,14,0,1,6,0.155,0.34,0.505,ultra_high,barrier_film,503.7
10.68,2.55,5.55,0.522,0.14,0,0,7,30,30.0,120,0,1,1,0.547,0.182,0.271,high,laminate,272.3
90.48,0.64,6.19,1.0,127.78,1,1,10,4,28.2,7,2,0,3,0.352,0.629,0.019,breathable,specialty,39.6
11.45,0.95,6.16,0.573,2.56,0,0,9,40,57.0,5,0,1,1,0.158,0.109,0.734,high,paper_based,103.2
41.56,2.95,5.9,0.958,0.46,0,1,1,25,53.4,14,0,2,5,0.36,0.316,0.324,low,polyolefin,38.7
97.98,0.0,4.06,0.982,19.08,1,1,10,25,74.0,30,3,3,3,0.371,0.503,0.126,breathable,specialty,2.1
74.01,5.5,6.55,0.977,0.69,0,1,5,-10,60.5,14,3,1,3,0.324,0.503,0.173,medium,polyolefin,239.4
90.49,0.78,4.21,0.996,21.61,1,1,10,10,59.8,60,3,2,3,0.254,0.211,0.535,breathable,specialty,28.8
100.0,0.49,3.4,1.0,0.0,0,1,4,30,39.7,5,0,0,3,0.269,0.44,0.291,medium,polyolefin,17.6
5.55,0.73,5.37,0.243,0.97,0,0,4,40,46.2,3,2,2,1,0.201,0.39,0.409,high,laminate,116.4
73.79,0.3,3.51,0.969,7.31,1,1,2,20,41.3,90,1,3,2,0.401,0.234,0.366,breathable,specialty,9.5
2.69,15.8,5.04,0.196,1.31,0,0,4,30,84.7,3,3,2,0,0.475,0.29,0.235,ultra_high,barrier_film,236.0
7.82,14.27,5.65,0.356,1.4,0,0,7,30,76.1,365,4,3,0,0.248,0.13,0.622,ultra_high,barrier_film,331.1
5.94,48.31,5.94,0.362,0.0,0,0,6,40,58.3,3,1,1,6,0.216,0.732,0.053,ultra_high,laminate,230.2
28.96,15.64,6.78,0.885,0.0,0,1,1,20,40.9,120,3,3,3,0.444,0.191,0.365,high,barrier_film,148.8
40.94,2.33,5.71,0.972,0.0,0,1,1,35,51.9,14,0,1,5,0.323,0.44,0.238,low,polyolefin,20.0
5.13,46.18,5.56,0.335,0.0,0,0,6,35,56.0,21,3,1,6,0.51,0.148,0.342,ultra_high,barrier_film,153.0
86.6,0.19,5.47,0.974,26.65,1,1,10,20,68.8,21,0,1,2,0.366,0.198,0.436,breathable,specialty,12.8
63.53,0.08,5.65,0.976,2.08,1,0,10,2,30.9,365,3,3,2,0.207,0.426,0.367,breathable,specialty,63.2
83.18,1.14,6.39,0.991,53.6,1,1,10,10,39.3,90,2,1,4,0.348,0.062,0.59,breathable,specialty,24.8
91.95,3.65,4.44,0.981,0.0,0,1,8,8,30.7,365,4,1,3,0.564,0.042,0.393,medium,polyester,51.6
80.6,0.31,4.36,0.989,25.02,1,1,2,4,36.6,3,3,0,4,0.127,0.222,0.651,breathable,specialty,33.0
83.87,0.0,5.89,0.981,1.59,1,0,10,8,50.7,120,1,1,2,0.243,0.225,0.532,breathable,specialty,31.0
8.84,23.98,5.88,0.468,0.0,0,0,7,30,80.3,180,2,0,0,0.513,0.372,0.115,ultra_high,barrier_film,328.8
2.7,27.35,5.79,0.194,0.73,0,0,6,35,81.5,7,2,1,6,0.173,0.481,0.346,ultra_high,barrier_film,221.6
2.41,46.7,5.98,0.326,0.0,0,0,6,20,69.5,5,2,1,6,0.293,0.358,0.349,ultra_high,laminate,1145.9
96.0,0.58,6.86,1.0,84.52,1,1,10,20,45.8,7,2,2,3,0.271,0.395,0.334,breathable,specialty,13.6
9.0,9.28,5.97,0.382,0.09,0,0,7,25,91.0,365,1,3,0,0.472,0.138,0.391,ultra_high,laminate,428.7
100.0,0.8,6.34,0.986,130.48,1,1,10,25,43.4,14,4,0,3,0.155,0.442,0.403,breathable,specialty,7.7
0.01,100.0,6.6,0.009,0.0,0,0,3,20,55.2,60,3,1,0,0.406,0.281,0.313,ultra_high,barrier_film,631.9
83.27,5.06,6.51,0.963,1.18,0,1,5,-10,68.1,7,2,3,3,0.29,0.351,0.359,medium,polyolefin,280.0
81.33,6.05,6.8,0.991,0.0,0,1,5,2,57.1,60,2,3,3,0.342,0.373,0.285,medium,polyolefin,131.7
79.42,0.53,5.61,0.98,1.93,1,0,10,20,56.6,120,3,2,3,0.407,0.286,0.306,breathable,specialty,8.2
99.42,0.08,3.38,0.985,57.43,1,1,2,15,58.5,365,1,2,3,0.445,0.389,0.166,breathable,specialty,17.4
79.71,0.0,3.88,1.0,28.68,1,1,10,4,57.9,7,3,2,3,0.309,0.29,0.401,breathable,specialty,47.7
35.16,25.5,5.3,0.893,0.0,0,1,8,-10,47.6,14,3,2,3,0.738,0.253,0.01,high,barrier_film,1564.9
71.71,1.71,6.63,0.995,0.21,0,1,11,2,41.5,120,0,3,3,0.205,0.217,0.578,medium,bioplastic,98.0
25.74,35.65,5.53,0.918,0.37,0,1,8,-18,50.6,5,2,0,3,0.387,0.275,0.337,high,barrier_film,2133.6
76.5,0.0,3.7,0.984,8.3,1,1,2,15,87.2,21,3,3,2,0.198,0.356,0.446,breathable,specialty,11.5
9.75,17.22,5.85,0.433,0.88,0,0,7,30,91.0,5,0,3,0,0.396,0.191,0.413,ultra_high,laminate,338.6
75.49,2.26,6.91,0.972,0.0,0,1,11,2,67.0,60,1,0,3,0.295,0.347,0.358,medium,polyester,34.8
7.43,20.56,5.51,0.453,0.25,0,0,7,35,77.3,5,3,2,0,0.397,0.325,0.277,ultra_high,laminate,328.1
10.98,9.93,5.84,0.398,1.98,0,0,7,35,75.5,120,1,1,0,0.406,0.464,0.13,ultra_high,laminate,440.8
84.33,1.27,5.42,0.95,25.54,1,1,2,10,82.3,5,1,3,4,0.527,0.418,0.055,breathable,specialty,32.2
0.84,100.0,7.42,0.0,0.0,0,0,3,40,85.7,60,1,1,0,0.168,0.44,0.392,ultra_high,barrier_film,92.8
84.36,0.0,5.39,0.978,1.93,1,0,10,15,67.4,14,3,3,3,0.498,0.268,0.234,breathable,specialty,13.8
0.0,97.44,7.59,0.002,0.0,0,0,3,30,95.1,14,3,3,0,0.634,0.241,0.125,ultra_high,laminate,226.7
7.39,18.57,4.91,0.178,0.55,0,0,4,35,26.9,30,1,1,0,0.112,0.465,0.422,ultra_high,laminate,364.9
69.05,9.17,6.06,0.949,0.11,0,1,5,2,50.5,60,3,2,3,0.315,0.233,0.452,medium,polyolefin,107.2
4.87,13.82,5.34,0.224,0.0,0,0,4,30,57.4,365,1,1,0,0.493,0.265,0.243,ultra_high,laminate,571.5
100.0,0.05,3.1,0.966,0.56,0,1,4,35,79.9,7,0,0,3,0.533,0.267,0.2,medium,polyester,15.3
3.27,46.03,5.96,0.335,0.74,0,0,6,30,82.0,180,1,3,6,0.275,0.407,0.318,ultra_high,laminate,227.3
77.77,0.48,3.46,0.981,0.38,0,1,4,40,41.0,3,4,3,3,0.438,0.411,0.151,medium,polyester,2.0
2.33,15.79,5.09,0.204,1.5,0,0,4,25,57.1,3,3,3,0,0.374,0.581,0.044,ultra_high,laminate,540.7
95.05,0.0,2.65,0.983,0.0,0,0,4,20,28.2,7,4,1,0,0.257,0.088,0.654,medium,bioplastic,34.6
6.52,15.33,4.86,0.422,0.85,0,0,7,40,90.0,21,4,3,0,0.332,0.52,0.148,ultra_high,barrier_film,101.0
6.11,16.62,5.02,0.213,0.0,0,0,4,25,75.4,120,1,2,0,0.295,0.51,0.194,ultra_high,barrier_film,498.7
84.69,0.32,5.99,1.0,7.49,1,1,10,2,76.5,21,1,2,2,0.297,0.376,0.327,breathable,specialty,80.6
9.92,21.89,6.4,0.454,0.46,0,0,7,20,80.7,120,3,0,0,0.685,0.067,0.248,ultra_high,barrier_film,916.1
11.94,1.03,6.79,0.496,1.8,0,0,0,25,74.2,21,4,3,1,0.563,0.343,0.094,high,laminate,159.2
93.75,1.46,4.29,0.992,24.46,1,1,2,15,62.1,180,3,3,4,0.446,0.168,0.385,breathable,specialty,10.5
77.32,0.96,6.96,1.0,73.93,1,1,10,4,79.2,180,3,3,4,0.406,0.501,0.093,breathable,specialty,30.0
30.42,2.9,5.69,0.943,0.0,0,1,1,30,59.0,30,0,0,5,0.228,0.585,0.187,low,polyolefin,20.8
6.91,9.61,6.54,0.364,0.0,0,0,7,25,61.6,90,4,0,0,0.471,0.319,0.21,ultra_high,laminate,423.1
8.11,17.46,6.53,0.439,0.9,0,0,7,40,27.5,180,3,1,0,0.252,0.424,0.324,ultra_high,laminate,265.3
66.16,0.29,6.24,0.999,56.91,1,1,10,20,41.1,120,0,2,4,0.264,0.364,0.371,breathable,specialty,7.4
16.48,0.07,6.35,0.594,1.84,0,0,9,40,85.6,90,0,2,1,0.39,0.602,0.008,high,barrier_film,36.8
86.93,0.44,5.32,0.986,17.11,1,1,10,10,28.8,90,0,1,2,0.316,0.168,0.516,breathable,specialty,20.3
80.44,0.31,5.94,0.978,23.09,1,1,10,20,60.6,3,2,1,2,0.253,0.538,0.209,breathable,specialty,7.4
94.59,0.58,2.96,0.994,59.07,1,1,2,15,63.1,365,1,2,3,0.207,0.404,0.389,breathable,specialty,10.4
64.91,29.62,5.84,0.96,0.0,0,1,8,8,40.4,3,2,3,3,0.202,0.343,0.455,high,laminate,100.0
38.04,3.29,5.27,0.949,0.21,0,1,1,25,74.0,60,1,3,5,0.316,0.365,0.319,low,polyolefin,27.1
3.45,43.15,6.22,0.364,0.0,0,0,6,25,61.9,3,4,1,6,0.742,0.093,0.166,ultra_high,barrier_film,282.6
9.76,1.99,5.77,0.548,0.0,0,0,9,30,52.2,60,1,2,1,0.0,0.169,0.831,high,paper_based,316.3
0.52,100.0,7.27,0.0,0.0,0,0,3,20,81.3,120,1,2,0,0.388,0.423,0.188,ultra_high,barrier_film,675.2
1.82,51.26,6.34,0.374,0.97,0,0,6,25,42.7,90,0,0,6,0.162,0.332,0.506,ultra_high,barrier_film,696.0
95.22,0.49,6.28,0.985,72.63,1,1,10,15,45.9,30,3,0,4,0.3,0.048,0.652,breathable,specialty,18.9
77.35,0.65,5.24,0.967,26.28,1,1,2,20,39.7,60,3,0,4,0.295,0.577,0.127,breathable,specialty,8.6
10.05,1.04,6.14,0.488,2.29,0,0,0,40,60.4,120,4,2,1,0.575,0.179,0.246,high,polyester,154.3
2.03,35.99,6.37,0.233,0.71,0,0,6,20,78.9,14,1,0,6,0.634,0.364,0.001,ultra_high,barrier_film,571.6
2.94,31.6,6.2,0.24,1.4,0,0,6,20,89.6,30,1,2,6,0.319,0.576,0.105,ultra_high,laminate,429.9
87.37,0.7,3.34,0.972,0.0,0,1,4,25,70.9,365,3,1,3,0.27,0.453,0.277,medium,polyester,22.0
70.56,0.63,5.67,1.0,27.22,1,1,10,8,29.3,21,1,1,2,0.111,0.406,0.483,breathable,specialty,39.0
32.81,12.85,6.8,0.864,0.0,0,1,1,40,24.6,60,3,0,3,0.87,0.014,0.115,high,barrier_film,49.9
11.76,1.55,7.28,0.504,0.46,0,0,0,30,89.6,5,1,1,1,0.299,0.378,0.323,high,barrier_film,185.9
16.31,4.96,6.39,0.643,0.21,0,0,9,30,28.8,120,3,1,3,0.501,0.496,0.003,low,polyolefin,20.3
9.59,12.03,5.53,0.428,0.22,0,0,7,25,28.7,14,0,2,0,0.108,0.564,0.327,ultra_high,laminate,666.9
80.03,0.6,5.63,0.999,29.48,1,1,10,15,87.2,21,2,0,2,0.324,0.438,0.238,breathable,specialty,18.5
85.38,0.0,4.32,0.965,8.41,1,1,2,10,81.4,90,0,0,3,0.153,0.528,0.318,breathable,specialty,57.2
89.0,0.0,5.16,0.981,30.01,1,1,10,20,49.3,7,1,3,2,0.368,0.343,0.289,breathable,specialty,3.5
62.77,26.99,5.29,0.964,0.26,0,1,8,-18,38.0,30,0,1,3,0.356,0.011,0.633,high,bioplastic,647.1
5.75,17.24,6.03,0.439,0.0,0,0,7,40,61.4,14,1,1,0,0.832,0.119,0.048,ultra_high,laminate,208.2
32.83,3.56,5.44,0.943,1.06,0,1,1,20,34.8,30,1,0,5,0.763,0.011,0.225,low,polyolefin,26.4
74.43,4.17,6.12,0.974,0.0,0,1,5,8,81.4,3,2,0,3,0.03,0.824,0.146,medium,polyester,61.1
33.82,2.08,4.97,0.937,1.03,0,1,1,25,58.3,7,2,0,5,0.077,0.602,0.321,low,polyolefin,47.0
7.96,2.08,6.6,0.546,1.36,0,0,9,35,52.1,365,3,3,1,0.4,0.497,0.102,high,barrier_film,189.8
72.87,2.92,6.94,0.993,0.0,0,1,8,4,29.7,21,1,1,3,0.286,0.034,0.679,medium,bioplastic,26.8
95.27,0.37,3.1,1.0,60.24,1,1,2,15,32.4,30,3,2,3,0.055,0.396,0.549,breathable,specialty,9.2
63.63,0.09,6.33,0.975,0.01,1,0,10,2,50.9,7,1,3,2,0.575,0.378,0.048,breathable,specialty,56.0
3.55,0.29,5.91,0.294,0.0,0,0,4,40,89.5,30,3,1,1,0.55,0.232,0.218,high,laminate,130.4
4.22,1.22,5.41,0.245,0.81,0,0,4,35,33.4,3,1,2,1,0.34,0.422,0.238,high,barrier_film,130.6
93.32,0.08,5.95,0.999,8.64,1,1,10,25,61.0,21,3,2,2,0.434,0.208,0.358,breathable,specialty,9.3
85.35,10.49,5.32,1.0,0.46,0,1,5,0,69.2,180,2,2,3,0.475,0.436,0.088,high,polyester,388.2
82.61,0.03,4.52,0.978,26.87,1,1,2,4,68.0,60,0,1,4,0.099,0.49,0.411,breathable,specialty,22.9
26.71,15.6,7.09,0.882,0.0,0,1,1,35,51.9,5,2,2,3,0.321,0.223,0.456,high,laminate,60.4
2.75,38.27,5.83,0.186,1.33,0,0,6,35,30.8,30,3,3,6,0.051,0.472,0.477,ultra_high,barrier_film,347.4
99.23,0.51,4.73,1.0,21.27,1,1,10,4,80.9,21,1,0,3,0.256,0.675,0.069,breathable,specialty,37.6
9.93,14.39,5.49,0.442,1.05,0,0,7,40,59.3,3,4,1,0,0.453,0.49,0.057,ultra_high,barrier_film,122.7
11.82,22.42,6.32,0.44,0.0,0,0,7,35,54.9,120,0,3,0,0.261,0.352,0.387,ultra_high,laminate,444.6
80.76,0.6,6.35,1.0,94.33,1,1,10,20,76.0,3,2,2,3,0.355,0.634,0.011,breathable,specialty,10.6
98.13,0.0,3.16,1.0,0.0,0,1,4,30,33.6,7,3,3,3,0.149,0.508,0.343,medium,polyolefin,7.3
3.16,13.07,4.79,0.155,0.38,0,0,4,20,89.2,5,0,0,0,0.326,0.27,0.404,ultra_high,laminate,413.7
81.25,0.0,3.52,1.0,55.79,1,1,2,25,59.5,5,2,3,3,0.363,0.424,0.213,breathable,specialty,5.9
90.34,2.92,6.65,1.0,0.0,0,1,8,2,86.1,14,0,3,3,0.931,0.031,0.038,medium,polyolefin,63.3
38.66,4.35,5.65,0.977,0.85,0,1,1,40,55.3,7,3,1,5,0.18,0.362,0.458,low,polyolefin,16.3
76.73,0.38,6.62,0.952,55.13,1,1,10,15,38.3,30,1,0,4,0.542,0.377,0.08,breathable,specialty,13.7
2.43,34.32,5.63,0.222,0.75,0,0,6,30,42.4,14,1,2,6,0.413,0.477,0.11,ultra_high,barrier_film,347.2
10.97,1.14,7.36,0.508,0.33,0,0,0,40,28.9,5,1,2,1,0.149,0.347,0.504,high,laminate,138.0
77.13,0.11,6.48,0.993,3.35,1,0,10,10,52.1,365,3,1,2,0.485,0.028,0.488,breathable,specialty,12.7
97.86,0.61,2.84,1.0,59.27,1,1,2,15,79.8,21,0,1,3,0.312,0.323,0.365,breathable,specialty,13.6
93.15,3.73,6.6,1.0,0.0,0,1,8,0,43.0,90,1,0,3,0.246,0.462,0.292,medium,polyolefin,25.8
92.0,0.63,6.47,0.964,128.15,1,1,10,25,89.7,180,2,1,3,0.218,0.427,0.355,breathable,specialty,6.8
11.12,0.36,6.25,0.487,0.0,0,0,0,20,58.8,7,0,2,1,0.484,0.172,0.344,high,polyester,620.8
90.88,3.06,3.97,1.0,0.0,0,1,8,8,50.9,30,1,2,3,0.024,0.705,0.271,medium,polyolefin,86.3
9.86,20.32,5.69,0.468,0.0,0,0,7,30,79.8,180,0,3,0,0.421,0.225,0.353,ultra_high,laminate,427.6
76.13,10.23,6.04,1.0,0.0,0,1,5,-10,67.6,3,2,0,3,0.397,0.344,0.259,high,laminate,363.3
96.42,3.14,3.93,0.977,1.12,0,1,8,2,80.3,21,2,2,3,0.325,0.234,0.441,medium,polyolefin,86.4
7.35,12.54,5.96,0.357,0.7,0,0,7,40,32.0,3,1,0,0,0.507,0.071,0.422,ultra_high,barrier_film,229.2
92.91,2.93,7.16,0.991,1.96,0,1,8,-18,32.0,3,2,0,3,0.454,0.395,0.151,medium,polyolefin,416.7
86.58,0.27,6.43,1.0,44.86,1,1,10,10,77.1,90,0,1,4,0.441,0.298,0.261,breathable,specialty,22.1
14.0,1.96,6.13,0.532,0.38,0,0,9,25,78.1,5,0,3,1,0.747,0.045,0.208,high,laminate,280.4
13.46,0.0,5.74,0.598,1.48,0,0,9,25,88.4,120,0,1,1,0.626,0.233,0.14,high,polyester,139.6
100.0,0.52,5.91,0.945,112.61,1,1,10,10,29.4,5,1,0,3,0.026,0.169,0.806,breathable,paper_based,22.6
4.19,31.61,6.21,0.269,0.0,0,0,6,30,50.0,5,0,3,6,0.203,0.292,0.505,ultra_high,barrier_film,512.1
0.0,100.0,6.82,0.0,0.68,0,0,3,20,29.5,180,2,1,0,0.576,0.257,0.167,ultra_high,barrier_film,805.9
3.89,16.01,5.06,0.182,0.0,0,0,4,20,33.9,7,4,3,0,0.302,0.374,0.324,ultra_high,laminate,859.1
82.67,0.88,5.93,0.973,24.31,1,1,10,8,30.3,7,0,2,2,0.239,0.286,0.475,breathable,specialty,30.6
50.64,0.0,5.19,0.949,26.05,1,1,2,2,31.5,21,2,3,4,0.393,0.253,0.354,breathable,specialty,38.6
28.25,15.12,6.34,0.809,0.3,0,1,1,40,54.2,5,2,0,3,0.283,0.527,0.19,high,barrier_film,28.9
3.79,36.56,5.69,0.376,0.86,0,0,6,20,57.0,365,4,3,6,0.086,0.43,0.484,ultra_high,barrier_film,912.0
38.41,32.11,5.34,0.925,0.0,0,1,8,-18,54.6,90,4,2,3,0.284,0.552,0.164,high,polyester,2589.5
90.04,1.35,6.67,0.975,0.0,0,1,11,-18,65.2,3,1,2,3,0.34,0.086,0.574,medium,bioplastic,201.5
89.92,0.28,3.88,0.956,4.97,1,1,2,15,39.9,5,2,1,2,0.329,0.111,0.56,breathable,specialty,19.0
80.87,4.85,6.07,0.972,0.0,0,1,5,0,53.8,180,2,1,3,0.206,0.434,0.36,medium,polyester,91.6
85.17,0.57,6.41,1.0,68.98,1,1,10,4,58.5,60,0,1,4,0.292,0.403,0.305,breathable,specialty,31.3
6.31,15.69,5.94,0.453,0.0,0,0,7,35,27.3,7,4,2,0,0.214,0.334,0.452,ultra_high,barrier_film,478.5
90.1,0.43,6.72,0.952,57.08,1,1,10,2,50.2,365,0,2,4,0.285,0.415,0.3,breathable,specialty,26.9
88.11,0.0,5.49,0.953,2.16,1,0,10,20,61.6,7,1,1,3,0.618,0.194,0.188,breathable,specialty,13.2
4.16,15.53,5.35,0.234,0.0,0,0,4,20,59.7,3,4,3,0,0.186,0.573,0.242,ultra_high,barrier_film,1201.9
1.89,39.81,5.59,0.211,0.4,0,0,6,20,41.2,7,1,1,6,0.142,0.496,0.362,ultra_high,barrier_film,936.2
1.92,45.3,5.64,0.37,0.81,0,0,6,35,41.9,3,2,3,6,0.533,0.357,0.11,ultra_high,laminate,152.0
0.0,100.0,6.9,0.009,0.82,0,0,3,20,37.8,30,4,1,0,0.27,0.489,0.241,ultra_high,laminate,973.2
86.28,0.0,3.39,0.946,0.0,0,1,4,30,65.0,5,3,3,3,0.103,0.346,0.55,medium,paper_based,19.3
2.88,50.09,5.93,0.353,0.35,0,0,6,20,78.6,5,3,3,6,0.582,0.174,0.244,ultra_high,laminate,994.4
54.24,22.39,6.18,0.981,1.46,0,1,8,-18,63.8,30,4,0,3,0.36,0.165,0.475,high,laminate,2570.3
3.31,32.18,5.77,0.256,0.18,0,0,6,40,91.7,14,0,0,6,0.136,0.445,0.419,ultra_high,laminate,160.5
26.82,30.25,4.95,0.926,1.56,0,1,8,4,58.7,14,1,3,3,0.512,0.203,0.285,high,barrier_film,342.4
0.21,100.0,6.96,0.116,0.0,0,0,3,25,31.4,180,4,2,0,0.256,0.724,0.02,ultra_high,barrier_film,535.0
91.79,0.16,5.48,0.962,9.29,1,1,10,10,68.5,3,4,0,2,0.393,0.374,0.233,breathable,specialty,21.8
34.72,35.97,5.22,0.889,0.0,0,1,8,8,28.6,14,3,0,3,0.308,0.285,0.407,high,barrier_film,263.7
29.95,30.37,5.53,0.912,0.75,0,1,8,-18,29.2,3,3,1,3,0.219,0.312,0.469,high,barrier_film,1864.9
72.23,0.09,6.0,0.96,114.43,1,1,10,25,59.7,7,3,3,3,0.151,0.148,0.702,breathable,paper_based,5.4
83.3,0.62,4.81,0.981,25.11,1,1,2,15,64.6,3,0,1,4,0.125,0.075,0.8,breathable,bioplastic,15.9
0.0,93.8,6.89,0.026,0.0,0,0,3,20,30.2,21,4,1,0,0.225,0.463,0.312,ultra_high,laminate,709.7
89.54,3.09,6.49,0.97,0.0,0,1,8,4,34.6,3,2,3,3,0.174,0.387,0.439,medium,polyester,120.3
79.77,2.32,6.87,1.0,0.22,0,1,11,-10,78.5,90,3,0,3,0.24,0.741,0.019,medium,polyolefin,209.8
80.68,1.07,3.9,0.981,24.15,1,1,2,4,60.6,7,3,0,4,0.525,0.022,0.454,breathable,specialty,60.1
13.86,2.49,6.15,0.475,0.04,0,0,7,40,57.3,60,0,0,1,0.382,0.391,0.227,high,laminate,126.6
20.05,16.1,6.53,0.835,1.09,0,1,1,25,39.2,3,2,2,3,0.618,0.285,0.097,high,laminate,75.0
8.11,1.56,6.61,0.464,0.0,0,0,0,40,79.0,30,2,1,1,0.019,0.037,0.944,high,bioplastic,109.8
3.09,31.02,6.22,0.244,0.0,0,0,6,20,58.3,7,2,2,6,0.232,0.504,0.264,ultra_high,laminate,1196.4
84.47,1.12,4.64,1.0,21.95,1,1,2,15,81.0,14,0,2,4,0.46,0.009,0.531,breathable,specialty,15.8
83.44,0.03,3.69,1.0,53.4,1,1,2,8,69.8,30,3,0,3,0.086,0.527,0.386,breathable,specialty,25.6
14.22,2.83,5.49,0.534,0.0,0,0,7,30,30.7,21,1,0,1,0.496,0.335,0.168,high,polyester,222.0
3.23,34.62,5.71,0.368,0.0,0,0,6,20,28.6,14,4,3,6,0.571,0.079,0.35,ultra_high,laminate,522.1
71.5,1.64,6.93,0.976,0.03,0,1,11,0,42.2,90,2,0,3,0.457,0.212,0.331,medium,polyolefin,95.0
87.57,2.22,6.28,0.991,0.16,0,1,11,-10,67.9,14,3,1,3,0.196,0.457,0.347,medium,polyester,332.5
76.56,0.07,6.59,0.948,61.14,1,1,10,2,59.6,21,4,3,4,0.038,0.14,0.822,breathable,paper_based,60.0
93.31,0.94,4.37,0.949,7.26,1,1,2,15,42.4,21,0,2,3,0.248,0.376,0.376,breathable,specialty,3.4
100.0,0.8,4.03,0.976,49.93,1,1,2,10,46.4,90,1,1,3,0.384,0.276,0.339,breathable,specialty,19.1
77.4,0.0,3.33,0.964,6.67,1,1,2,15,51.3,5,1,2,2,0.489,0.046,0.466,breathable,specialty,8.9
36.96,3.48,5.53,0.901,2.33,0,1,1,25,61.9,120,2,2,5,0.236,0.566,0.198,low,polyolefin,38.3
82.76,1.28,6.5,0.978,9.58,1,1,10,4,28.0,14,4,1,2,0.508,0.478,0.014,breathable,specialty,16.2
67.39,0.27,3.33,0.992,9.2,1,1,2,10,69.0,7,3,2,2,0.36,0.281,0.36,breathable,specialty,43.5
68.69,11.99,6.29,0.989,0.7,0,1,5,-18,81.9,14,0,2,3,0.48,0.355,0.166,high,polyester,178.9
2.74,18.13,4.36,0.219,0.24,0,0,4,40,77.5,365,0,0,0,0.512,0.344,0.144,ultra_high,laminate,120.9
82.66,0.43,6.34,0.99,57.43,1,1,10,15,89.0,14,0,3,4,0.25,0.669,0.081,breathable,specialty,19.7
8.76,5.45,6.53,0.568,0.0,0,0,0,30,88.6,14,2,3,1,0.348,0.367,0.285,high,polyester,159.5
100.0,0.0,5.53,0.939,1.29,1,0,10,10,30.7,7,3,2,3,0.283,0.247,0.47,breathable,specialty,42.9
60.18,9.1,6.03,0.993,0.42,0,1,5,2,35.7,120,2,2,3,0.427,0.217,0.356,medium,polyolefin,34.2
8.6,1.03,6.44,0.495,0.0,0,0,0,25,70.7,14,0,2,1,0.587,0.333,0.08,high,barrier_film,244.8
12.91,2.55,5.59,0.49,0.0,0,0,7,25,39.7,120,3,1,1,0.453,0.196,0.352,high,laminate,484.6
86.86,0.22,3.63,0.977,6.89,1,1,2,4,52.1,21,0,1,2,0.025,0.508,0.467,breathable,specialty,29.8
52.1,23.9,5.79,0.954,0.34,0,1,8,8,80.6,60,0,0,3,0.417,0.246,0.337,high,barrier_film,189.3
100.0,0.0,6.27,0.969,119.38,1,1,10,10,37.5,5,2,3,3,0.216,0.418,0.366,breathable,specialty,19.6
10.96,9.32,6.0,0.404,0.0,0,0,7,30,90.1,120,0,3,0,0.249,0.611,0.14,ultra_high,laminate,229.2
74.01,0.0,6.1,0.919,2.5,1,0,10,25,61.0,180,1,0,2,0.385,0.501,0.115,breathable,specialty,4.5
13.28,1.71,5.78,0.567,0.14,0,0,9,40,69.3,60,0,2,1,0.355,0.337,0.308,high,polyester,46.7
11.42,5.41,5.91,0.646,0.41,0,0,9,20,59.9,5,3,1,3,0.449,0.097,0.454,medium,polyester,508.2
99.09,0.23,5.76,0.992,0.34,1,0,10,15,60.4,60,0,2,3,0.393,0.543,0.064,breathable,specialty,16.4
6.7,20.6,5.9,0.441,0.0,0,0,7,40,79.7,30,4,2,0,0.326,0.208,0.466,ultra_high,laminate,215.1
83.8,5.03,6.27,0.996,0.86,0,1,5,-10,39.6,5,4,3,3,0.544,0.071,0.385,medium,polyester,373.7
10.8,1.57,6.29,0.565,0.9,0,0,9,30,48.3,180,3,2,1,0.144,0.457,0.399,high,polyester,376.2
11.12,1.58,6.76,0.517,0.0,0,0,0,40,87.7,180,4,2,1,0.265,0.318,0.417,high,laminate,90.5
11.92,1.49,6.26,0.539,1.04,0,0,9,30,35.3,3,1,3,1,0.252,0.393,0.355,high,barrier_film,296.9
52.37,22.75,5.94,0.955,1.2,0,1,8,-10,41.9,365,2,1,3,0.259,0.296,0.444,high,laminate,641.9
36.27,2.74,5.89,0.921,0.12,0,1,1,35,37.3,180,4,1,5,0.571,0.137,0.292,low,polyolefin,24.5
81.97,2.12,6.49,1.0,1.02,0,1,11,-18,68.2,21,0,2,3,0.489,0.196,0.315,medium,polyolefin,405.4
5.24,41.07,6.92,0.32,0.0,0,0,6,35,77.4,365,4,0,6,0.93,0.03,0.04,ultra_high,laminate,182.9
100.0,0.87,6.74,1.0,58.08,1,1,10,25,67.5,21,1,0,4,0.472,0.353,0.175,breathable,specialty,6.6
3.77,40.77,6.44,0.353,0.0,0,0,6,20,32.2,14,4,1,6,0.353,0.067,0.58,ultra_high,barrier_film,510.7
38.47,37.84,5.21,0.899,0.0,0,1,8,0,62.8,180,0,3,3,0.154,0.772,0.074,high,barrier_film,668.6
75.55,0.0,5.06,0.989,30.25,1,1,2,4,52.4,365,1,1,4,0.294,0.388,0.318,breathable,specialty,45.1
35.44,35.11,5.34,0.892,0.0,0,1,8,0,34.5,90,2,2,3,0.312,0.446,0.242,high,polyester,398.4
2.69,48.68,6.11,0.38,0.0,0,0,6,30,44.5,30,4,2,6,0.23,0.689,0.081,ultra_high,barrier_film,545.8
74.92,1.23,7.05,1.0,0.0,0,1,11,4,32.1,30,0,2,3,0.325,0.006,0.669,medium,paper_based,60.5
95.16,0.18,5.31,0.983,31.76,1,1,10,10,70.7,180,3,3,2,0.502,0.169,0.329,breathable,specialty,14.7
77.17,4.26,4.57,0.956,0.97,0,1,8,2,57.9,21,4,3,3,0.18,0.178,0.642,medium,paper_based,131.1
85.5,2.77,6.8,0.979,0.0,0,1,11,-18,56.6,7,2,3,3,0.435,0.304,0.261,medium,polyester,450.9
100.0,1.11,3.76,1.0,27.7,1,1,10,25,53.1,3,3,1,3,0.457,0.313,0.229,breathable,specialty,3.2
82.05,0.39,2.83,1.0,0.0,0,0,4,25,61.7,30,2,3,0,0.235,0.361,0.404,medium,polyester,26.4
11.57,5.03,6.68,0.625,0.02,0,0,9,25,33.3,90,1,0,3,0.344,0.441,0.214,medium,polyester,207.0
50.69,22.45,5.75,1.0,0.43,0,1,8,4,92.7,5,3,0,3,0.378,0.422,0.2,high,laminate,358.6
9.48,23.89,5.98,0.447,0.0,0,0,7,35,86.3,3,2,3,0,0.403,0.424,0.173,ultra_high,barrier_film,118.1
12.98,1.89,6.14,0.508,0.0,0,0,7,20,42.3,3,2,2,1,0.419,0.468,0.114,high,laminate,403.8
99.46,0.7,2.98,1.0,57.33,1,1,2,8,77.9,21,0,2,3,0.032,0.645,0.323,breathable,specialty,26.6
1.24,100.0,6.7,0.0,0.56,0,0,3,25,83.3,7,3,3,0,0.27,0.204,0.526,ultra_high,laminate,520.2
75.7,1.44,6.76,0.995,0.0,0,1,11,-18,56.9,120,0,2,3,0.201,0.357,0.442,medium,polyester,612.9
87.82,0.0,4.16,0.953,0.35,0,1,4,30,66.2,120,4,1,3,0.436,0.037,0.527,medium,bioplastic,12.2
4.2,13.81,4.81,0.176,1.27,0,0,4,30,27.6,60,1,0,0,0.16,0.383,0.456,ultra_high,barrier_film,143.9
9.05,22.9,5.95,0.436,0.0,0,0,7,40,86.9,90,4,3,0,0.288,0.243,0.469,ultra_high,laminate,144.9
5.59,23.2,6.63,0.3,0.48,0,0,1,35,32.6,365,4,0,1,0.225,0.365,0.411,ultra_high,laminate,243.8
7.59,15.18,5.47,0.396,0.0,0,0,7,30,68.7,60,3,0,0,0.418,0.16,0.422,ultra_high,laminate,374.5
44.26,21.97,5.97,0.978,1.3,0,1,8,-10,89.8,7,3,3,3,0.612,0.148,0.239,high,laminate,919.3
72.04,0.0,5.51,0.949,0.77,1,0,10,4,89.9,60,3,3,2,0.115,0.676,0.209,breathable,specialty,45.3
76.61,0.11,3.32,0.983,8.99,1,1,2,20,58.4,60,3,1,2,0.099,0.444,0.457,breathable,specialty,2.0
0.0,95.6,7.41,0.004,0.7,0,0,3,20,53.6,3,4,3,0,0.375,0.381,0.244,ultra_high,laminate,553.3
15.45,5.75,6.73,0.642,0.0,0,0,9,25,76.1,90,3,1,3,0.177,0.324,0.499,low,polyolefin,33.1
98.22,0.44,3.17,1.0,0.6,0,1,4,20,32.8,3,3,3,3,0.309,0.052,0.639,medium,paper_based,33.9
0.0,90.13,7.34,0.003,0.0,0,0,3,35,87.5,3,2,3,0,0.346,0.272,0.382,ultra_high,barrier_film,201.0
11.14,5.21,6.62,0.519,0.0,0,0,0,25,43.3,90,1,2,1,0.091,0.789,0.119,high,polyester,294.4
9.24,6.77,6.34,0.569,0.0,0,0,0,20,92.4,7,1,2,1,0.383,0.599,0.018,high,polyester,406.7
80.39,0.02,5.9,0.951,9.23,1,1,10,4,44.5,180,2,3,2,0.637,0.171,0.193,breathable,specialty,32.9
84.1,1.0,3.47,0.913,6.62,1,1,2,4,52.3,365,1,2,2,0.507,0.207,0.286,breathable,specialty,18.6
83.19,5.95,6.92,0.994,0.0,0,1,5,-10,42.2,21,4,0,3,0.313,0.243,0.443,medium,polyester,241.6
89.61,1.01,6.75,0.994,0.0,0,1,11,4,24.7,21,4,0,3,0.356,0.035,0.609,medium,bioplastic,111.3
82.74,0.0,5.51,1.0,23.97,1,1,10,15,50.2,120,2,0,2,0.383,0.306,0.31,breathable,specialty,16.5
9.2,14.38,5.16,0.386,0.0,0,0,7,20,50.8,365,0,1,0,0.341,0.316,0.343,ultra_high,laminate,686.7
69.66,10.13,5.21,1.0,0.0,0,1,5,8,36.8,180,4,3,3,0.247,0.152,0.601,high,paper_based,73.5
72.69,2.04,6.36,0.978,0.0,0,1,11,8,69.4,120,2,3,3,0.173,0.72,0.106,medium,polyester,48.4
69.67,5.01,6.23,0.96,1.65,0,1,5,0,83.3,365,4,1,3,0.434,0.204,0.362,medium,polyolefin,73.3
64.84,1.63,6.99,0.984,0.0,0,1,11,-10,87.7,60,1,1,3,0.555,0.091,0.354,medium,polyolefin,105.9
10.21,1.39,7.02,0.485,0.0,0,0,0,30,91.9,30,3,2,1,0.337,0.318,0.344,high,laminate,232.7
97.07,0.0,3.51,0.976,0.0,0,1,4,30,48.0,30,0,2,3,0.408,0.28,0.313,medium,polyester,13.2
4.41,19.25,7.01,0.318,0.0,0,0,1,35,30.6,365,3,3,1,0.322,0.541,0.137,high,barrier_film,261.2
7.91,0.87,6.43,0.522,0.29,0,0,0,35,89.2,7,1,2,1,0.278,0.357,0.365,high,laminate,69.3
7.37,5.61,6.44,0.54,0.25,0,0,0,30,84.0,30,3,1,1,0.414,0.421,0.165,high,laminate,297.5
10.88,7.0,6.65,0.551,0.0,0,0,0,35,91.6,3,4,0,1,0.011,0.355,0.633,high,paper_based,203.7
8.52,19.52,5.62,0.437,0.0,0,0,7,40,86.1,5,4,1,0,0.051,0.488,0.461,ultra_high,barrier_film,40.9
82.04,0.0,3.74,0.992,9.44,1,1,2,20,46.6,5,1,2,3,0.374,0.396,0.23,breathable,specialty,14.2
84.04,2.97,4.23,0.977,0.16,0,1,8,0,93.1,14,4,2,3,0.145,0.471,0.384,medium,polyolefin,144.3
5.38,57.05,6.05,0.362,1.34,0,0,6,20,90.7,7,4,2,6,0.197,0.205,0.598,ultra_high,laminate,494.1
81.07,0.38,6.19,0.975,7.6,1,1,10,10,31.3,60,0,3,2,0.108,0.443,0.449,breathable,specialty,33.4
94.75,0.77,6.25,0.982,138.05,1,1,10,20,75.9,5,1,1,3,0.498,0.403,0.099,breathable,specialty,8.2
93.1,0.51,5.86,0.989,76.73,1,1,10,2,29.6,60,3,3,3,0.253,0.07,0.676,breathable,specialty,49.6
75.62,1.92,3.87,0.995,0.0,0,1,4,30,82.2,365,2,0,3,0.592,0.261,0.147,medium,polyester,10.9
75.23,4.82,6.39,0.952,0.0,0,1,5,2,87.5,7,3,1,3,0.179,0.614,0.207,medium,polyester,49.2
94.5,0.26,5.76,0.991,8.91,1,1,10,2,86.5,3,2,0,2,0.486,0.019,0.495,breathable,specialty,52.4
54.8,21.01,5.87,0.978,0.0,0,1,8,2,31.7,5,3,3,3,0.226,0.36,0.414,high,barrier_film,456.9
80.97,0.72,3.63,0.974,7.36,1,1,2,15,77.6,5,3,3,2,0.109,0.474,0.417,breathable,specialty,16.7
89.63,0.6,6.75,1.0,63.22,1,1,10,4,49.1,7,2,2,4,0.335,0.262,0.403,breathable,specialty,13.1
10.07,0.73,6.11,0.514,0.0,0,0,0,20,76.6,60,0,1,1,0.39,0.009,0.601,high,bioplastic,442.5
1.26,51.19,6.23,0.387,1.0,0,0,6,25,59.4,180,2,3,6,0.659,0.24,0.101,ultra_high,barrier_film,552.5
8.7,7.02,6.55,0.528,1.62,0,0,0,40,53.4,5,2,3,1,0.073,0.557,0.371,high,barrier_film,178.2
81.12,0.0,5.68,0.948,0.0,1,0,10,2,93.4,120,1,3,3,0.23,0.4,0.37,breathable,specialty,76.5
78.4,1.08,4.48,0.964,20.74,1,1,2,2,88.6,120,2,1,4,0.09,0.537,0.373,breathable,specialty,74.8
0.0,89.18,6.78,0.072,1.38,0,0,3,40,65.8,14,2,0,0,0.134,0.43,0.435,ultra_high,barrier_film,231.9
89.48,0.0,6.92,1.0,56.97,1,1,10,20,68.2,180,0,0,4,0.349,0.102,0.549,breathable,specialty,18.8
11.95,4.89,6.15,0.663,0.01,0,0,9,25,52.8,7,3,0,3,0.339,0.295,0.366,medium,polyester,168.2
8.9,22.07,5.95,0.459,0.0,0,0,7,35,47.6,5,4,3,0,0.422,0.492,0.086,ultra_high,barrier_film,318.6
75.36,1.01,3.66,1.0,44.16,1,1,2,20,86.9,90,2,1,3,0.545,0.066,0.389,breathable,specialty,14.4
15.32,4.16,6.9,0.606,0.0,0,0,9,30,92.0,21,2,2,3,0.439,0.374,0.187,low,polyolefin,20.5
70.43,11.17,5.43,0.974,1.38,0,1,5,8,63.2,120,4,3,3,0.311,0.406,0.283,high,barrier_film,49.0
100.0,0.0,3.88,1.0,0.0,0,1,4,40,63.4,60,0,2,3,0.298,0.284,0.418,medium,polyester,10.7
0.46,88.93,6.68,0.092,0.59,0,0,3,30,33.8,21,3,0,0,0.138,0.464,0.398,ultra_high,barrier_film,339.8
9.41,1.05,5.61,0.516,0.0,0,0,0,25,75.3,120,2,3,1,0.101,0.458,0.441,high,laminate,256.8
0.0,95.7,7.26,0.0,0.0,0,0,3,20,86.2,60,2,3,0,0.126,0.473,0.4,ultra_high,barrier_film,530.5
88.74,2.24,6.64,0.999,0.0,0,1,8,8,76.8,120,2,1,3,0.154,0.538,0.308,medium,polyester,34.7
83.54,0.22,2.72,0.966,0.0,0,0,4,20,94.1,21,4,0,0,0.601,0.164,0.236,medium,polyester,11.4
11.41,1.06,6.43,0.487,0.76,0,0,0,25,37.7,3,2,1,1,0.21,0.372,0.418,high,laminate,287.6
4.32,53.0,5.7,0.348,0.0,0,0,6,35,77.0,21,2,2,6,0.538,0.212,0.251,ultra_high,laminate,213.0
5.84,17.22,5.23,0.199,0.0,0,0,4,40,79.6,90,4,2,0,0.197,0.713,0.09,ultra_high,barrier_film,108.6
3.4,28.07,5.93,0.288,0.0,0,0,6,40,60.8,5,1,0,6,0.049,0.475,0.476,ultra_high,barrier_film,134.5
79.61,0.03,3.72,0.945,9.83,1,1,2,20,68.4,90,3,1,3,0.273,0.13,0.596,breathable,specialty,4.6
10.39,3.89,5.69,0.499,0.29,0,0,7,40,41.6,3,4,0,1,0.101,0.301,0.598,high,barrier_film,86.0
87.19,0.0,5.59,0.96,8.33,1,1,10,20,61.7,5,2,0,2,0.585,0.337,0.079,breathable,specialty,5.4
52.85,23.71,5.73,0.977,0.0,0,1,8,0,63.7,5,1,2,3,0.611,0.14,0.249,high,polyester,688.7
77.21,0.08,5.13,0.935,2.9,1,0,10,4,31.1,120,0,0,2,0.558,0.214,0.228,breathable,specialty,27.3
86.66,0.11,3.66,0.961,8.22,1,1,2,25,82.7,7,4,2,3,0.325,0.41,0.264,breathable,specialty,6.5
93.23,0.0,5.99,0.958,72.21,1,1,10,2,86.6,21,2,0,4,0.495,0.172,0.333,breathable,specialty,58.3
0.77,100.0,6.83,0.019,0.0,0,0,3,35,25.2,365,4,0,0,0.254,0.388,0.359,ultra_high,barrier_film,375.3
12.77,16.53,5.43,0.455,0.0,0,0,7,40,25.8,120,0,2,0,0.323,0.259,0.419,ultra_high,barrier_film,169.1
8.11,10.99,6.23,0.446,0.0,0,0,7,20,61.4,3,3,0,0,0.326,0.405,0.269,ultra_high,barrier_film,1197.1
4.42,0.42,6.2,0.263,0.0,0,0,4,40,73.7,7,2,0,1,0.343,0.053,0.604,high,bioplastic,83.4
6.72,0.42,5.31,0.248,0.0,0,0,4,25,33.4,90,1,1,1,0.206,0.074,0.72,high,bioplastic,226.0
97.05,0.14,3.15,0.948,66.67,1,1,2,25,90.1,30,1,3,3,0.411,0.183,0.406,breathable,specialty,7.2
11.72,4.43,6.9,0.636,0.0,0,0,9,30,33.7,365,2,3,3,0.272,0.274,0.454,medium,polyolefin,169.8
69.98,10.14,5.77,0.985,0.06,0,1,5,8,38.4,5,0,0,3,0.065,0.778,0.156,high,polyester,70.9
14.2,5.74,6.42,0.535,0.0,0,0,0,30,35.7,5,3,1,1,0.249,0.277,0.474,high,barrier_film,236.4
79.74,5.23,6.3,0.979,0.14,0,1,5,-10,54.6,180,2,3,3,0.395,0.227,0.379,medium,polyester,185.0
68.66,0.0,3.0,1.0,67.37,1,1,2,4,78.7,3,3,3,3,0.125,0.574,0.301,breathable,specialty,48.8
89.59,0.0,2.26,1.0,0.0,0,0,4,25,38.5,120,2,0,0,0.746,0.094,0.16,medium,polyester,15.4
7.31,22.89,6.17,0.459,0.0,0,0,7,35,92.6,180,0,1,0,0.406,0.026,0.568,ultra_high,laminate,103.9
3.3,46.78,5.76,0.335,0.0,0,0,6,40,45.5,30,3,3,6,0.333,0.095,0.571,ultra_high,barrier_film,245.9
97.46,0.29,5.49,0.992,24.75,1,1,10,8,36.8,3,3,3,2,0.153,0.366,0.48,breathable,specialty,15.9
8.48,16.48,6.25,0.435,0.0,0,0,7,35,52.2,30,2,3,0,0.271,0.583,0.146,ultra_high,laminate,113.8
92.02,0.0,2.22,0.999,0.25,0,0,4,30,37.2,60,1,3,0,0.283,0.615,0.102,medium,polyolefin,18.5
4.47,27.19,6.29,0.242,0.21,0,0,6,25,59.8,180,1,2,6,0.316,0.28,0.404,ultra_high,barrier_film,315.9
79.55,0.7,6.61,0.982,67.13,1,1,10,25,68.9,120,0,0,4,0.01,0.097,0.893,breathable,bioplastic,5.9
8.3,15.82,6.13,0.487,0.0,0,0,7,40,95.0,90,3,2,0,0.093,0.265,0.643,ultra_high,laminate,157.5
42.27,37.91,4.88,0.914,0.0,0,1,8,0,76.6,14,0,1,3,0.038,0.093,0.87,high,paper_based,293.1
52.64,0.0,4.79,0.986,21.33,1,1,2,2,58.6,365,4,2,4,0.321,0.358,0.321,breathable,specialty,59.4
6.23,11.2,6.04,0.43,0.64,0,0,7,30,49.5,5,2,3,0,0.315,0.673,0.012,ultra_high,laminate,402.4
77.94,2.6,6.8,0.978,0.27,0,1,11,-10,79.5,21,2,3,3,0.17,0.21,0.62,medium,paper_based,161.6
100.0,1.31,3.05,0.967,68.75,1,1,2,10,60.4,60,0,2,3,0.438,0.183,0.38,breathable,specialty,25.4
34.36,31.3,5.07,0.913,0.29,0,1,8,-18,62.3,365,0,2,3,0.013,0.503,0.484,high,barrier_film,1634.6
82.47,0.36,3.6,0.964,8.41,1,1,2,20,30.6,30,4,0,3,0.527,0.379,0.094,breathable,specialty,3.5
94.01,0.16,2.74,0.977,0.0,0,0,4,20,78.8,5,0,3,0,0.047,0.217,0.737,medium,bioplastic,18.5
85.31,0.35,6.61,0.988,125.8,1,1,10,20,72.3,3,3,1,3,0.624,0.051,0.325,breathable,specialty,11.7
6.14,48.68,5.97,0.342,0.34,0,0,6,25,42.4,60,4,2,6,0.205,0.364,0.432,ultra_high,barrier_film,681.8
9.71,4.56,6.72,0.647,0.01,0,0,9,20,58.9,30,0,3,3,0.459,0.49,0.051,medium,polyester,450.3
4.59,19.42,5.71,0.473,0.0,0,0,7,30,79.0,30,3,2,0,0.29,0.279,0.431,ultra_high,barrier_film,286.9
92.86,0.6,6.09,0.971,131.62,1,1,10,25,88.2,60,3,3,3,0.558,0.106,0.336,breathable,specialty,5.7
93.36,0.0,6.62,0.982,53.61,1,1,10,25,82.4,7,1,1,4,0.669,0.023,0.307,breathable,specialty,6.4
64.7,10.53,6.16,0.983,0.16,0,1,5,8,63.4,60,3,1,3,0.235,0.442,0.323,high,barrier_film,135.9
71.34,4.83,5.85,0.987,0.24,0,1,5,0,83.4,7,2,2,3,0.099,0.347,0.554,medium,bioplastic,70.7
94.88,2.56,6.16,1.0,1.0,0,1,8,2,41.3,14,2,1,3,0.259,0.369,0.372,medium,polyolefin,89.5
4.59,42.55,6.64,0.32,0.26,0,0,6,25,76.2,180,4,1,6,0.346,0.153,0.5,ultra_high,laminate,431.7
54.01,21.51,6.1,0.981,0.0,0,1,8,8,46.2,5,3,3,3,0.15,0.429,0.421,high,barrier_film,193.9
75.26,5.71,5.94,1.0,0.0,0,1,5,0,50.2,90,2,1,3,0.394,0.266,0.339,medium,polyester,114.1
80.05,0.21,6.2,1.0,109.25,1,1,10,8,44.4,14,1,2,3,0.53,0.453,0.018,breathable,specialty,40.8
79.83,0.56,6.68,1.0,51.71,1,1,10,10,56.5,14,4,3,4,0.27,0.491,0.238,breathable,specialty,26.4
6.37,21.32,5.81,0.479,0.0,0,0,7,30,58.7,7,2,0,0,0.439,0.188,0.373,ultra_high,laminate,435.6
67.9,0.42,6.59,0.997,67.37,1,1,10,2,94.1,30,2,2,4,0.141,0.695,0.164,breathable,specialty,46.0
32.16,30.42,5.51,0.931,0.43,0,1,8,-18,87.0,21,1,1,3,0.032,0.894,0.074,high,polyester,1718.6
100.0,0.52,4.11,0.975,65.12,1,1,2,10,92.0,365,3,0,3,0.029,0.352,0.62,breathable,specialty,18.6
92.76,0.37,3.9,0.996,9.86,1,1,2,15,50.2,120,1,3,3,0.55,0.322,0.128,breathable,specialty,13.0
2.09,32.11,6.26,0.221,0.0,0,0,6,30,62.0,5,2,3,6,0.507,0.47,0.022,ultra_high,barrier_film,469.8
57.55,21.12,5.94,0.961,0.0,0,1,8,8,77.9,14,4,2,3,0.601,0.052,0.347,high,polyester,340.9
10.11,0.57,6.04,0.612,0.0,0,0,9,35,83.1,30,3,3,1,0.391,0.131,0.478,medium,polyolefin,72.9
13.97,4.81,6.58,0.65,0.14,0,0,9,30,30.1,21,3,3,3,0.054,0.538,0.408,medium,polyolefin,192.4
37.76,2.52,5.42,0.979,0.0,0,1,1,20,50.8,7,2,3,5,0.306,0.339,0.355,low,polyolefin,80.2
5.82,0.01,5.67,0.245,1.22,0,0,4,35,93.1,180,4,2,1,0.33,0.484,0.186,high,polyester,106.6
83.98,2.89,3.63,0.981,0.0,0,1,8,4,34.2,365,0,2,3,0.124,0.441,0.435,medium,polyolefin,114.8
93.06,0.84,6.63,0.99,143.95,1,1,10,10,65.9,90,1,0,3,0.495,0.119,0.386,breathable,specialty,23.2
82.87,3.1,6.54,0.986,0.0,0,1,8,-10,67.2,60,2,3,3,0.078,0.404,0.518,medium,paper_based,159.3
41.14,3.2,5.94,0.985,0.0,0,1,1,40,87.4,365,1,0,5,0.438,0.409,0.153,low,polyolefin,16.5
0.8,94.4,6.55,0.09,0.27,0,0,3,35,28.1,60,0,0,0,0.189,0.426,0.385,ultra_high,laminate,226.2
8.23,3.03,6.15,0.483,1.12,0,0,7,35,38.6,180,2,3,1,0.119,0.52,0.362,high,polyester,106.3
87.45,0.0,6.73,0.983,79.97,1,1,10,20,50.2,14,3,2,3,0.066,0.37,0.564,breathable,specialty,9.5
72.38,0.63,5.21,0.943,28.76,1,1,2,2,61.3,30,3,0,4,0.28,0.217,0.504,breathable,specialty,62.1
5.74,41.91,5.62,0.333,1.17,0,0,6,30,29.5,21,3,3,6,0.217,0.396,0.387,ultra_high,barrier_film,535.9
58.29,1.18,5.01,0.961,24.98,1,1,2,4,81.3,365,0,3,4,0.457,0.255,0.288,breathable,specialty,30.0
3.43,24.19,6.06,0.27,0.52,0,0,6,20,70.1,90,0,1,6,0.251,0.45,0.299,ultra_high,laminate,636.9
59.05,1.56,6.75,1.0,0.0,0,1,11,-18,82.6,7,0,1,3,0.346,0.223,0.431,low,polyolefin,529.3
88.41,0.25,5.61,0.997,22.04,1,1,10,4,74.7,90,0,0,2,0.768,0.104,0.129,breathable,specialty,38.0
61.71,11.15,6.16,0.993,0.0,0,1,5,-18,56.0,90,0,2,3,0.056,0.582,0.362,high,barrier_film,743.2
5.89,15.28,6.03,0.496,0.14,0,0,7,20,70.5,7,1,3,0,0.316,0.31,0.374,ultra_high,barrier_film,923.6
83.77,0.28,5.7,0.983,23.07,1,1,10,10,34.7,30,0,0,2,0.429,0.488,0.083,breathable,specialty,40.7
87.81,0.74,6.29,0.992,54.72,1,1,10,4,27.1,7,3,0,4,0.651,0.162,0.187,breathable,specialty,42.5
83.49,1.99,6.72,1.0,0.0,0,1,11,-10,92.2,21,3,0,3,0.287,0.038,0.674,medium,paper_based,373.2
77.65,3.93,7.03,0.965,0.96,0,1,8,4,63.0,365,1,1,3,0.466,0.173,0.361,medium,polyolefin,51.7
5.36,33.21,6.26,0.273,0.0,0,0,6,35,82.2,30,2,2,6,0.209,0.381,0.41,ultra_high,barrier_film,155.7
2.48,13.97,4.83,0.175,0.12,0,0,4,30,28.4,90,2,0,0,0.343,0.339,0.318,ultra_high,barrier_film,339.3
9.94,20.44,5.85,0.464,0.55,0,0,7,35,46.8,21,4,3,0,0.417,0.128,0.455,ultra_high,laminate,263.9
88.28,0.0,5.95,0.985,127.06,1,1,10,4,26.2,21,1,1,3,0.215,0.404,0.381,breathable,specialty,49.4
88.31,4.08,6.65,1.0,0.0,0,1,8,4,29.6,21,0,3,3,0.002,0.547,0.452,medium,polyester,85.5
46.47,10.86,5.59,0.982,0.0,0,1,5,-18,59.2,365,3,0,3,0.122,0.394,0.485,high,barrier_film,2789.1
86.43,0.45,4.79,0.995,26.17,1,1,2,20,81.0,60,1,0,4,0.007,0.386,0.607,breathable,specialty,8.5
9.68,1.36,6.58,0.527,0.02,0,0,0,30,83.1,14,1,0,1,0.202,0.29,0.508,high,laminate,235.0
100.0,0.65,6.24,0.978,7.46,1,1,10,25,60.1,14,1,3,2,0.379,0.369,0.252,breathable,specialty,6.0
85.27,0.61,2.56,0.978,0.1,0,0,4,20,61.3,90,3,1,0,0.354,0.221,0.425,medium,polyolefin,49.1
13.88,0.21,6.09,0.576,0.0,0,0,9,40,63.2,90,4,1,1,0.358,0.419,0.222,high,polyester,109.5
87.2,3.42,4.01,0.988,0.0,0,1,8,4,62.1,3,4,1,3,0.501,0.045,0.454,medium,polyester,67.0
60.8,25.34,5.5,0.977,0.0,0,1,8,0,51.1,21,3,1,3,0.387,0.512,0.101,high,polyester,123.3
100.0,0.24,3.41,0.981,63.42,1,1,2,20,69.3,3,2,0,3,0.16,0.275,0.565,breathable,specialty,13.1
89.11,0.83,5.28,0.978,26.03,1,1,10,20,90.5,7,2,3,2,0.114,0.432,0.454,breathable,specialty,9.3
84.84,0.3,3.88,0.959,8.95,1,1,2,25,52.4,7,1,1,3,0.771,0.008,0.221,breathable,specialty,5.1
56.17,0.29,4.86,0.977,17.88,1,1,2,4,91.1,180,2,2,4,0.436,0.28,0.284,breathable,specialty,35.8
0.01,96.28,6.99,0.0,0.0,0,0,3,35,71.3,120,3,3,0,0.157,0.418,0.426,ultra_high,barrier_film,172.2
39.43,38.65,5.26,0.904,2.9,0,1,8,0,34.3,180,3,3,3,0.296,0.351,0.353,high,barrier_film,425.7
0.5,88.62,6.07,0.082,1.13,0,0,3,35,44.1,7,0,1,0,0.257,0.163,0.581,ultra_high,barrier_film,284.3
88.17,0.48,7.11,0.976,66.66,1,1,10,2,48.8,90,3,3,4,0.688,0.246,0.065,breathable,specialty,44.3
81.95,5.19,6.07,1.0,0.46,0,1,5,8,80.1,120,2,0,3,0.682,0.286,0.032,medium,polyester,44.6
0.0,100.0,6.98,0.006,0.0,0,0,3,35,89.8,90,3,0,0,0.381,0.279,0.339,ultra_high,laminate,240.1
49.11,28.47,5.75,0.942,1.05,0,1,8,-10,34.0,180,3,2,3,0.41,0.057,0.534,high,barrier_film,1302.3
37.85,26.49,4.85,0.911,0.69,0,1,8,-18,39.9,3,2,3,3,0.476,0.114,0.41,high,barrier_film,2087.9
84.78,0.0,3.93,1.0,22.07,1,1,10,8,72.4,120,4,2,3,0.14,0.293,0.567,breathable,specialty,17.4
71.45,0.67,6.84,0.975,0.42,0,1,11,0,47.1,120,2,3,3,0.025,0.492,0.483,medium,polyolefin,110.6
71.03,0.07,6.65,1.0,54.94,1,1,10,2,80.4,120,4,2,4,0.411,0.29,0.299,breathable,specialty,50.5
0.0,100.0,7.24,0.007,0.82,0,0,3,35,37.9,60,3,0,0,0.304,0.366,0.33,ultra_high,barrier_film,319.6
76.77,2.73,4.34,0.967,0.0,0,1,8,-10,68.8,30,4,3,3,0.079,0.097,0.823,medium,bioplastic,318.8
100.0,0.0,4.14,0.979,29.01,1,1,10,2,41.1,21,2,2,3,0.18,0.095,0.725,breathable,paper_based,48.9
4.35,45.63,6.68,0.35,0.52,0,0,6,35,23.8,21,4,2,6,0.422,0.267,0.312,ultra_high,barrier_film,399.0
13.0,6.87,6.15,0.548,0.13,0,0,0,35,92.4,30,1,3,1,0.303,0.214,0.483,high,laminate,72.0
36.15,30.74,5.46,0.898,0.0,0,1,8,-10,82.0,7,0,0,3,0.137,0.809,0.054,high,laminate,1560.0
9.37,8.49,5.58,0.385,0.0,0,0,7,40,80.6,180,2,1,0,0.19,0.342,0.467,ultra_high,barrier_film,161.4
100.0,0.0,2.98,1.0,37.15,1,1,2,25,81.8,30,3,1,3,0.312,0.329,0.36,breathable,specialty,2.2
4.6,47.65,6.12,0.341,0.0,0,0,6,30,41.3,3,1,1,6,0.216,0.385,0.399,ultra_high,laminate,342.1
74.85,0.0,3.59,0.962,9.38,1,1,2,25,70.1,14,1,1,2,0.426,0.381,0.192,breathable,specialty,3.5
90.11,1.47,6.56,0.976,1.71,0,1,11,2,78.3,180,4,2,3,0.033,0.564,0.402,medium,polyolefin,154.1
62.56,0.36,4.4,0.951,7.33,1,1,2,8,88.6,180,1,3,3,0.424,0.444,0.132,breathable,specialty,27.3
3.97,48.53,5.92,0.349,1.04,0,0,6,35,29.0,60,0,0,6,0.431,0.145,0.424,ultra_high,barrier_film,464.2
0.92,82.95,6.32,0.08,0.0,0,0,3,40,48.2,5,1,3,0,0.38,0.229,0.391,ultra_high,laminate,271.9
7.08,2.04,6.16,0.501,0.0,0,0,7,30,77.7,21,3,1,1,0.129,0.16,0.711,high,bioplastic,159.3
1.39,30.34,6.15,0.205,1.7,0,0,6,25,34.9,21,1,0,6,0.312,0.211,0.477,ultra_high,barrier_film,423.6
0.0,100.0,7.07,0.0,0.0,0,0,3,30,81.3,3,4,0,0,0.229,0.108,0.663,ultra_high,laminate,135.5
0.0,100.0,6.11,0.122,0.95,0,0,3,35,42.2,7,1,3,0,0.042,0.471,0.487,ultra_high,laminate,271.4
61.72,9.61,5.67,1.0,0.22,0,1,5,-10,29.5,180,2,0,3,0.252,0.363,0.384,medium,polyolefin,222.1
8.49,21.29,6.22,0.428,0.0,0,0,7,25,59.4,90,4,2,0,0.458,0.472,0.07,ultra_high,barrier_film,717.2
35.44,3.95,5.74,0.956,0.53,0,1,1,30,89.6,60,1,2,5,0.09,0.499,0.411,low,polyolefin,21.1
7.87,12.57,5.74,0.403,0.18,0,0,7,25,71.2,180,4,0,0,0.366,0.132,0.502,ultra_high,barrier_film,425.4
4.59,58.73,6.03,0.366,0.69,0,0,6,40,86.8,5,4,2,6,0.06,0.395,0.544,ultra_high,barrier_film,142.2
38.38,34.64,5.19,0.889,2.0,0,1,8,-18,34.0,90,0,3,3,0.081,0.307,0.612,high,bioplastic,910.7
14.22,4.85,6.27,0.629,0.94,0,0,9,20,56.9,14,1,1,3,0.304,0.367,0.329,medium,polyester,347.8
86.16,1.04,6.73,0.952,0.0,0,1,11,2,40.1,180,3,1,3,0.109,0.233,0.658,medium,paper_based,117.7
9.41,4.0,6.44,0.635,0.0,0,0,9,20,59.9,180,1,2,3,0.391,0.277,0.332,medium,polyester,392.9
91.92,0.68,3.51,0.992,41.59,1,1,2,8,34.8,180,0,1,3,0.009,0.532,0.459,breathable,specialty,35.7
97.63,0.98,6.71,1.0,68.69,1,1,10,15,79.6,21,3,1,4,0.279,0.105,0.616,breathable,specialty,21.5
90.53,0.58,2.79,0.996,1.12,0,0,4,20,90.1,3,3,2,0,0.478,0.184,0.339,medium,polyolefin,30.2
69.12,0.34,3.8,0.989,7.72,1,1,2,4,82.0,21,3,3,2,0.369,0.404,0.227,breathable,specialty,68.2
81.14,0.03,3.84,0.972,0.44,0,1,4,30,69.4,21,0,2,3,0.184,0.306,0.51,medium,paper_based,21.9
79.4,0.51,5.99,0.939,1.38,1,0,10,15,66.7,120,1,3,2,0.494,0.002,0.504,breathable,specialty,13.7
1.96,31.32,5.81,0.252,0.0,0,0,6,35,45.2,21,4,1,6,0.425,0.296,0.278,ultra_high,barrier_film,405.3
98.97,0.02,6.38,0.975,121.24,1,1,10,10,36.3,60,4,0,3,0.53,0.061,0.408,breathable,specialty,33.2
9.34,0.73,5.99,0.591,1.26,0,0,9,25,39.8,14,1,2,1,0.722,0.202,0.076,high,laminate,447.6
6.28,38.93,6.57,0.375,0.0,0,0,6,30,89.1,180,4,1,6,0.425,0.541,0.035,ultra_high,laminate,344.9
13.3,0.0,6.29,0.614,0.17,0,0,9,20,63.9,30,2,3,1,0.506,0.113,0.381,medium,polyester,285.3
88.3,0.35,6.24,1.0,8.32,1,1,10,2,82.4,90,1,1,2,0.489,0.49,0.021,breathable,specialty,36.6
8.97,12.72,5.28,0.365,0.53,0,0,7,25,52.5,3,4,1,0,0.064,0.53,0.406,ultra_high,laminate,672.9
66.34,0.41,6.04,0.997,1.53,1,0,10,15,63.9,180,2,3,2,0.316,0.591,0.093,breathable,specialty,4.2
42.29,3.84,5.25,0.956,0.0,0,1,1,20,35.8,60,2,3,5,0.069,0.35,0.582,low,bioplastic,48.3
84.83,1.17,4.64,0.977,16.85,1,1,2,15,80.9,7,0,1,4,0.141,0.258,0.601,breathable,specialty,18.0
0.0,98.94,6.88,0.0,0.0,0,0,3,30,49.8,120,1,1,0,0.611,0.357,0.032,ultra_high,laminate,403.8
1.0,100.0,6.21,0.107,0.0,0,0,3,30,59.1,7,2,2,0,0.495,0.486,0.019,ultra_high,laminate,437.4
86.3,0.96,4.34,0.965,27.12,1,1,10,25,31.0,90,4,2,3,0.585,0.381,0.035,breathable,specialty,7.2
6.97,17.07,6.1,0.427,0.0,0,0,7,25,32.4,120,1,3,0,0.487,0.331,0.182,ultra_high,laminate,877.0
78.09,1.9,6.44,0.994,0.0,0,1,11,4,30.3,3,2,1,3,0.08,0.577,0.343,medium,polyolefin,49.9
5.03,53.6,6.11,0.327,0.96,0,0,6,20,49.8,21,1,3,6,0.03,0.418,0.552,ultra_high,barrier_film,1018.4
30.02,30.27,4.93,0.905,1.72,0,1,8,8,90.0,120,1,1,3,0.124,0.706,0.17,high,barrier_film,294.6
85.96,1.95,6.77,0.99,0.0,0,1,11,8,38.4,120,3,3,3,0.146,0.188,0.665,medium,bioplastic,55.1
10.15,1.75,6.69,0.516,0.0,0,0,0,40,65.7,365,2,3,1,0.734,0.017,0.248,high,polyester,190.5
74.26,1.6,7.02,0.986,0.0,0,1,11,2,50.2,365,3,1,3,0.407,0.403,0.19,medium,polyester,156.0
3.72,1.46,5.58,0.262,1.07,0,0,4,20,56.4,60,2,3,1,0.237,0.398,0.365,high,polyester,222.1
10.76,1.02,5.87,0.542,1.23,0,0,9,30,87.7,7,3,0,1,0.222,0.261,0.517,high,polyester,286.8
13.45,5.03,7.05,0.643,0.42,0,0,9,40,53.4,5,3,1,3,0.053,0.473,0.474,medium,polyolefin,49.4
76.0,0.0,5.63,0.985,1.55,1,0,10,4,38.5,60,2,1,3,0.072,0.846,0.082,breathable,specialty,47.5
0.08,88.31,7.9,0.0,2.1,0,0,3,35,94.3,120,4,0,0,0.808,0.182,0.011,ultra_high,laminate,157.6
36.79,34.12,4.64,0.874,0.03,0,1,8,2,82.9,90,2,2,3,0.404,0.251,0.346,high,laminate,573.1
5.32,1.47,5.54,0.24,0.81,0,0,4,20,90.9,5,4,2,1,0.366,0.462,0.172,high,polyester,195.7
7.05,56.75,6.19,0.385,0.38,0,0,6,40,71.7,7,0,1,6,0.347,0.278,0.375,ultra_high,laminate,154.2
10.61,10.9,6.08,0.398,0.0,0,0,7,30,40.5,90,3,3,0,0.036,0.621,0.342,ultra_high,laminate,490.2
92.69,0.0,5.07,0.965,27.66,1,1,2,10,68.1,5,0,3,4,0.344,0.49,0.166,breathable,specialty,22.0
88.83,0.02,5.45,0.986,20.71,1,1,10,10,71.6,5,3,3,2,0.478,0.297,0.225,breathable,specialty,5.6
9.65,7.49,6.69,0.561,0.0,0,0,0,35,88.2,14,2,2,1,0.453,0.429,0.118,high,polyester,132.4
94.44,1.0,3.28,0.983,66.93,1,1,2,20,81.7,3,4,0,3,0.279,0.477,0.244,breathable,specialty,12.5
4.1,50.81,6.93,0.348,0.0,0,0,6,40,79.1,180,4,3,6,0.219,0.334,0.447,ultra_high,barrier_film,141.4
0.0,84.99,7.04,0.0,1.03,0,0,3,25,71.9,30,4,3,0,0.109,0.421,0.471,ultra_high,laminate,462.1
5.11,12.95,5.96,0.361,0.37,0,0,7,25,49.1,7,3,3,0,0.035,0.608,0.357,ultra_high,laminate,761.3
78.32,2.57,3.65,1.0,0.0,0,1,8,-10,48.6,120,1,1,3,0.479,0.349,0.172,medium,polyester,280.4
100.0,0.0,3.23,0.942,1.0,0,0,4,35,74.4,5,1,3,0,0.488,0.316,0.196,medium,polyester,5.0
1.43,31.66,5.95,0.235,0.0,0,0,6,35,82.0,5,1,0,6,0.067,0.551,0.382,ultra_high,laminate,160.3
3.45,19.32,6.0,0.435,0.28,0,0,7,40,42.2,14,4,2,0,0.445,0.135,0.421,ultra_high,laminate,210.1
14.12,1.5,5.8,0.548,0.83,0,0,9,20,28.4,60,4,1,1,0.523,0.429,0.048,high,laminate,461.1
76.97,0.35,4.59,0.965,24.43,1,1,2,15,32.5,30,0,3,4,0.518,0.146,0.336,breathable,specialty,20.4
2.77,17.81,7.27,0.306,0.0,0,0,1,35,58.2,90,4,2,1,0.677,0.042,0.281,high,barrier_film,126.1
32.13,29.09,4.99,0.921,1.7,0,1,8,8,83.3,90,3,0,3,0.376,0.228,0.396,high,barrier_film,249.2
98.12,2.71,4.14,1.0,0.35,0,1,8,-18,43.1,30,2,1,3,0.264,0.603,0.133,medium,polyolefin,326.9
93.85,1.8,3.88,0.963,8.63,1,1,2,10,30.8,14,3,1,2,0.15,0.462,0.389,breathable,specialty,14.5
7.17,15.69,5.4,0.464,0.0,0,0,7,40,29.3,7,4,2,0,0.244,0.717,0.04,ultra_high,laminate,232.8
9.86,1.16,6.07,0.509,0.5,0,0,0,40,27.4,7,3,3,1,0.182,0.166,0.651,high,bioplastic,122.4
78.4,9.18,5.87,0.982,0.42,0,1,5,2,43.4,180,4,2,3,0.374,0.251,0.375,medium,polyolefin,118.8
12.85,1.06,6.62,0.523,0.67,0,0,9,30,64.1,3,2,1,1,0.42,0.255,0.325,high,laminate,220.1
0.0,100.0,6.83,0.099,0.0,0,0,3,35,37.1,60,4,1,0,0.466,0.009,0.524,ultra_high,barrier_film,265.2
93.84,0.84,5.92,0.99,9.81,1,1,10,20,49.8,3,2,3,2,0.2,0.339,0.462,breathable,specialty,10.7
88.76,0.0,3.66,0.979,0.0,0,1,4,40,26.7,120,4,2,3,0.387,0.445,0.168,medium,polyester,8.3
100.0,0.0,3.84,0.981,62.19,1,1,2,10,85.7,180,2,2,3,0.39,0.192,0.418,breathable,specialty,24.8
1.71,26.85,5.93,0.271,0.0,0,0,6,20,79.1,365,3,0,6,0.625,0.125,0.249,ultra_high,barrier_film,457.8
2.21,29.92,6.41,0.205,0.0,0,0,6,40,35.2,365,3,3,6,0.329,0.299,0.371,ultra_high,barrier_film,126.6
91.71,0.18,6.3,0.989,62.51,1,1,10,20,70.0,30,4,0,4,0.517,0.154,0.329,breathable,specialty,10.0
12.19,0.51,6.84,0.475,0.0,0,0,0,30,83.1,90,4,0,1,0.643,0.287,0.07,high,polyester,258.2
87.29,3.82,6.37,0.987,0.0,0,1,8,4,51.0,7,1,1,3,0.373,0.326,0.301,medium,polyolefin,88.4
70.96,0.0,6.07,0.986,108.43,1,1,10,20,81.3,30,1,2,3,0.097,0.509,0.394,breathable,specialty,11.8
5.6,60.66,6.08,0.38,0.0,0,0,6,30,33.4,14,4,0,6,0.278,0.297,0.425,ultra_high,barrier_film,153.6
2.2,33.67,6.02,0.216,0.0,0,0,6,20,42.3,21,4,0,6,0.318,0.344,0.338,ultra_high,laminate,910.6
70.85,4.83,6.38,1.0,0.0,0,1,5,-18,31.9,30,1,3,3,0.418,0.299,0.283,medium,polyolefin,404.1
11.72,0.13,6.42,0.576,0.0,0,0,9,40,30.9,14,3,3,1,0.517,0.025,0.459,high,laminate,141.0
90.59,0.0,3.52,0.972,0.1,0,1,4,35,68.2,120,0,3,3,0.417,0.302,0.281,medium,polyolefin,13.9
14.58,4.19,6.67,0.635,0.28,0,0,9,30,71.4,60,3,0,3,0.243,0.36,0.398,medium,polyolefin,107.2
3.49,23.92,7.3,0.324,0.0,0,0,1,30,69.5,365,2,3,1,0.153,0.383,0.464,ultra_high,barrier_film,480.5
2.22,86.03,7.12,0.0,0.0,0,0,3,20,31.4,3,1,2,0,0.518,0.184,0.298,ultra_high,laminate,1036.4
100.0,0.0,3.75,0.948,0.26,0,1,4,20,49.2,30,3,0,3,0.269,0.401,0.33,medium,polyester,21.7
10.38,9.02,5.7,0.418,1.16,0,0,7,35,89.9,14,3,3,0,0.299,0.328,0.373,ultra_high,barrier_film,178.6
97.6,0.9,3.97,0.977,8.86,1,1,2,2,68.8,14,1,0,2,0.064,0.192,0.744,breathable,bioplastic,18.5
96.35,0.02,3.74,0.991,0.43,0,1,4,25,60.1,21,3,1,3,0.313,0.502,0.185,medium,polyester,17.7
90.7,0.0,4.32,1.0,22.16,1,1,10,8,70.5,365,2,3,3,0.663,0.18,0.157,breathable,specialty,34.2
76.07,0.14,4.04,0.971,28.85,1,1,10,20,27.8,60,0,1,3,0.278,0.413,0.309,breathable,specialty,12.7
13.23,1.43,5.91,0.555,0.0,0,0,9,20,43.5,7,1,1,1,0.35,0.322,0.328,high,polyester,464.1
77.28,0.0,5.58,0.948,1.53,1,0,10,15,38.3,14,1,2,2,0.153,0.439,0.408,breathable,specialty,4.8
9.77,1.67,5.98,0.61,0.0,0,0,9,35,36.7,7,3,2,1,0.555,0.033,0.412,medium,polyolefin,45.0
60.16,8.97,5.94,1.0,0.9,0,1,5,2,24.7,7,4,1,3,0.355,0.174,0.472,medium,polyolefin,69.6
92.46,0.86,5.57,0.95,4.3,1,0,10,15,37.8,7,1,0,3,0.059,0.452,0.488,breathable,specialty,14.0
77.52,0.31,4.68,0.969,20.17,1,1,2,20,58.6,120,4,3,4,0.569,0.162,0.269,breathable,specialty,7.4
75.87,2.29,5.83,0.98,0.68,0,1,11,-18,33.5,3,2,2,3,0.116,0.549,0.335,medium,polyolefin,454.6
100.0,0.0,5.38,0.96,9.73,1,1,10,20,72.9,7,4,2,2,0.208,0.097,0.695,breathable,specialty,10.9
84.35,2.64,6.51,0.992,0.0,0,1,11,-10,81.7,180,3,0,3,0.355,0.103,0.543,medium,bioplastic,204.8
99.01,0.71,5.9,0.959,6.28,1,1,10,2,30.9,180,0,0,2,0.201,0.624,0.175,breathable,specialty,56.5
75.72,0.56,3.04,0.951,61.31,1,1,2,4,63.0,14,0,2,3,0.252,0.322,0.427,breathable,specialty,20.4
21.97,13.2,6.38,0.873,1.03,0,1,1,25,34.2,5,2,0,3,0.298,0.326,0.376,high,barrier_film,117.3
1.98,37.81,6.14,0.363,1.32,0,0,6,40,44.2,30,2,3,6,0.45,0.04,0.51,ultra_high,laminate,202.7
81.65,0.0,2.87,0.964,0.77,0,0,4,25,55.4,5,1,2,0,0.328,0.558,0.114,medium,polyolefin,11.3
91.56,0.51,7.09,0.975,60.37,1,1,10,10,29.3,60,0,2,4,0.338,0.29,0.372,breathable,specialty,24.9
1.48,100.0,7.31,0.0,0.14,0,0,3,25,39.5,7,2,0,0,0.589,0.178,0.233,ultra_high,laminate,790.7
9.65,10.07,6.28,0.402,2.07,0,0,7,40,85.8,365,3,2,0,0.34,0.429,0.231,ultra_high,barrier_film,103.9
6.69,16.14,6.11,0.463,0.0,0,0,7,30,60.2,60,0,0,0,0.534,0.268,0.199,ultra_high,laminate,452.0
33.05,32.5,4.79,0.92,0.5,0,1,8,4,31.0,120,0,0,3,0.232,0.347,0.421,high,barrier_film,119.9
92.71,0.0,5.61,0.973,3.06,1,0,10,4,30.9,90,1,2,2,0.872,0.048,0.08,breathable,specialty,34.5
8.67,1.02,6.38,0.506,0.06,0,0,0,35,40.5,30,4,2,1,0.341,0.403,0.256,high,laminate,205.3
65.52,1.96,3.67,0.947,7.45,1,1,2,25,58.9,21,3,3,2,0.376,0.159,0.465,breathable,specialty,7.7
87.42,0.0,7.32,1.0,52.23,1,1,10,8,51.8,365,4,0,4,0.032,0.497,0.472,breathable,specialty,14.6
91.34,0.03,5.5,0.944,2.15,1,0,10,15,35.1,180,2,0,3,0.419,0.395,0.186,breathable,specialty,14.9
9.1,5.55,6.59,0.534,0.9,0,0,0,35,85.1,180,4,3,1,0.134,0.436,0.43,high,polyester,114.4
30.76,35.84,5.12,0.92,0.0,0,1,8,-10,60.9,21,0,3,3,0.238,0.272,0.49,high,barrier_film,821.4
11.53,0.0,5.81,0.576,0.0,0,0,9,40,56.7,3,0,2,1,0.624,0.272,0.104,high,polyester,152.7
65.86,0.31,4.32,0.977,26.07,1,1,2,4,80.5,365,0,2,4,0.477,0.474,0.048,breathable,specialty,58.2
10.56,5.27,6.23,0.634,0.0,0,0,9,40,59.7,7,0,0,3,0.274,0.361,0.366,medium,polyolefin,99.1
100.0,0.0,4.0,0.959,9.31,1,1,2,10,53.9,120,4,1,3,0.334,0.29,0.376,breathable,specialty,22.8
90.07,0.44,5.2,0.975,22.63,1,1,10,25,94.0,7,1,3,2,0.318,0.237,0.445,breathable,specialty,4.9
76.49,0.16,6.1,0.966,8.91,1,1,10,15,73.9,7,3,3,2,0.371,0.398,0.231,breathable,specialty,8.2
11.8,1.13,6.45,0.485,0.44,0,0,0,35,24.9,30,3,0,1,0.192,0.426,0.382,high,laminate,209.3
3.06,14.65,4.95,0.182,0.2,0,0,4,35,36.7,21,0,3,0,0.382,0.177,0.44,ultra_high,barrier_film,172.5
0.0,100.0,6.83,0.0,0.0,0,0,3,30,30.6,60,1,1,0,0.362,0.17,0.468,ultra_high,barrier_film,478.3
72.59,0.19,3.55,0.966,6.55,1,1,2,15,39.2,180,0,3,2,0.548,0.295,0.157,breathable,specialty,23.0
3.58,19.55,7.56,0.305,0.33,0,0,1,20,70.6,14,2,1,1,0.276,0.338,0.386,high,barrier_film,429.6
38.24,31.14,5.29,0.899,0.0,0,1,8,-18,63.8,30,0,1,3,0.363,0.463,0.174,high,laminate,1954.4
67.36,0.41,6.12,0.948,1.74,1,0,10,10,65.2,5,3,3,2,0.035,0.492,0.474,breathable,specialty,11.2
0.0,96.02,6.74,0.0,1.56,0,0,3,35,58.7,120,1,0,0,0.367,0.393,0.241,ultra_high,laminate,240.2
0.4,100.0,6.83,0.011,0.0,0,0,3,40,92.1,14,4,3,0,0.2,0.353,0.447,ultra_high,barrier_film,87.7
87.53,0.79,4.74,0.985,26.84,1,1,10,4,80.5,180,1,0,3,0.38,0.298,0.322,breathable,specialty,56.2
4.66,15.2,4.69,0.203,0.0,0,0,4,40,67.9,120,3,1,0,0.593,0.151,0.256,ultra_high,laminate,299.7
7.58,22.54,5.91,0.451,0.0,0,0,7,30,87.6,7,2,2,0,0.443,0.346,0.211,ultra_high,barrier_film,242.7
1.95,27.92,5.77,0.259,0.0,0,0,6,30,50.7,60,2,3,6,0.449,0.171,0.38,ultra_high,barrier_film,386.9
9.15,21.68,5.59,0.449,0.0,0,0,7,30,51.0,60,3,1,0,0.287,0.126,0.586,ultra_high,barrier_film,551.2
8.53,2.72,6.04,0.499,0.96,0,0,7,25,28.7,7,1,2,1,0.324,0.546,0.13,high,laminate,273.0
90.5,3.33,4.26,0.982,0.71,0,1,8,-18,31.2,30,4,2,3,0.27,0.359,0.371,medium,polyester,744.4
3.36,35.37,5.7,0.198,0.0,0,0,6,25,31.0,5,1,2,6,0.011,0.632,0.357,ultra_high,barrier_film,169.1
37.33,26.77,5.0,0.884,0.29,0,1,8,-10,31.2,14,4,2,3,0.326,0.518,0.156,high,barrier_film,522.9
59.27,22.71,5.53,0.974,0.26,0,1,8,0,68.3,7,2,1,3,0.525,0.389,0.086,high,polyester,459.5
12.87,1.22,6.27,0.507,0.0,0,0,0,30,83.2,7,1,0,1,0.127,0.781,0.092,high,polyester,212.0
0.53,31.23,6.45,0.196,0.0,0,0,6,20,56.2,90,3,1,6,0.545,0.249,0.206,ultra_high,laminate,797.7
1.08,28.9,6.27,0.211,0.0,0,0,6,40,30.4,5,4,3,6,0.125,0.404,0.471,ultra_high,laminate,295.3
9.8,2.06,6.31,0.536,0.7,0,0,9,25,48.3,3,0,0,1,0.244,0.44,0.317,high,laminate,250.4
85.6,0.0,3.91,0.984,10.59,1,1,2,8,46.3,60,0,1,3,0.288,0.368,0.343,breathable,specialty,15.9
3.5,17.57,7.45,0.303,0.06,0,0,1,30,34.6,365,4,0,1,0.454,0.413,0.133,high,polyester,298.8
56.75,21.95,5.44,0.982,0.0,0,1,8,8,69.8,3,2,2,3,0.414,0.348,0.238,high,barrier_film,298.3
90.82,0.76,6.72,0.953,71.18,1,1,10,10,79.7,21,1,2,4,0.624,0.228,0.148,breathable,specialty,29.0
79.04,2.15,7.45,1.0,1.46,0,1,11,2,29.6,60,1,1,3,0.255,0.257,0.488,medium,polyester,70.4
12.55,0.82,6.02,0.597,0.26,0,0,9,20,36.2,120,3,3,1,0.624,0.079,0.298,high,polyester,499.9
4.71,27.82,5.97,0.24,0.0,0,0,6,25,48.4,60,0,2,6,0.533,0.43,0.037,ultra_high,barrier_film,720.7
100.0,0.0,3.52,0.945,0.0,0,1,4,40,85.2,7,1,2,3,0.334,0.491,0.175,medium,polyester,9.1
60.49,0.52,5.02,0.969,26.25,1,1,2,8,77.8,180,3,3,4,0.437,0.16,0.403,breathable,specialty,39.9
83.91,0.25,3.38,1.0,0.0,0,0,4,20,81.8,5,1,2,0,0.419,0.579,0.002,medium,polyolefin,7.0
3.77,51.2,6.4,0.357,0.0,0,0,6,25,62.9,60,4,1,6,0.551,0.145,0.304,ultra_high,barrier_film,833.2
73.34,0.09,3.16,0.971,7.6,1,1,2,15,78.9,365,3,0,2,0.446,0.28,0.274,breathable,specialty,19.9
63.42,0.0,4.2,0.974,10.01,1,1,2,4,65.1,30,3,1,3,0.103,0.398,0.499,breathable,specialty,44.2
3.48,52.01,6.3,0.36,0.0,0,0,6,20,62.2,90,3,2,6,0.091,0.443,0.466,ultra_high,barrier_film,794.1
92.18,0.63,3.99,0.948,7.69,1,1,2,15,64.0,7,3,2,3,0.748,0.112,0.14,breathable,specialty,13.6
6.07,21.03,7.62,0.299,0.0,0,0,1,25,27.2,120,2,2,1,0.036,0.666,0.298,ultra_high,barrier_film,567.3
5.7,57.49,5.62,0.378,0.0,0,0,6,20,29.4,365,3,1,6,0.184,0.402,0.414,ultra_high,laminate,725.6
87.41,1.38,6.85,0.989,70.82,1,1,10,20,88.0,21,0,0,4,0.608,0.335,0.057,breathable,specialty,9.4
3.89,16.64,5.81,0.234,2.14,0,0,4,40,93.1,30,0,3,0,0.525,0.438,0.037,ultra_high,laminate,209.4
70.92,0.0,3.61,0.974,8.21,1,1,2,4,58.8,5,0,2,2,0.432,0.444,0.124,breathable,specialty,61.6
100.0,0.45,6.35,0.965,119.27,1,1,10,10,49.7,365,0,2,3,0.248,0.277,0.475,breathable,specialty,23.4
2.57,49.29,5.8,0.345,0.57,0,0,6,40,47.8,21,3,0,6,0.456,0.348,0.196,ultra_high,laminate,243.9
8.28,13.46,5.89,0.381,0.7,0,0,7,20,41.0,30,4,3,0,0.536,0.21,0.254,ultra_high,barrier_film,1234.8
76.96,3.73,6.86,0.98,0.4,0,1,8,4,28.8,60,2,3,3,0.293,0.648,0.059,medium,polyester,194.2
9.93,13.3,4.75,0.385,0.0,0,0,7,30,62.0,7,4,0,0,0.68,0.044,0.276,ultra_high,barrier_film,337.7
3.05,18.72,6.8,0.315,0.17,0,0,1,20,71.8,3,4,2,1,0.033,0.256,0.711,high,paper_based,265.3
0.59,100.0,7.97,0.0,0.0,0,0,3,35,30.8,180,0,1,0,0.602,0.188,0.21,ultra_high,barrier_film,442.0
81.33,0.0,5.51,0.949,6.93,1,1,10,8,86.2,5,1,0,2,0.105,0.383,0.513,breathable,specialty,35.6
1.76,59.99,6.59,0.353,0.09,0,0,6,20,25.4,30,0,2,6,0.164,0.644,0.192,ultra_high,barrier_film,1098.7
3.63,0.72,5.71,0.238,0.0,0,0,4,35,30.3,90,1,1,1,0.478,0.283,0.238,high,polyester,137.4
94.99,0.06,3.5,0.973,1.0,0,1,4,40,40.2,21,0,1,3,0.002,0.455,0.542,medium,paper_based,7.8
9.65,0.86,5.84,0.568,1.15,0,0,9,40,31.5,14,2,1,1,0.366,0.173,0.462,high,barrier_film,147.4
11.15,3.38,6.09,0.503,1.26,0,0,7,40,29.1,365,0,3,1,0.375,0.389,0.236,high,polyester,175.8
3.58,20.08,6.93,0.286,0.0,0,0,1,25,80.3,14,1,2,1,0.495,0.351,0.154,ultra_high,laminate,534.1
20.14,17.03,6.65,0.865,0.28,0,1,1,20,34.2,90,1,3,3,0.469,0.156,0.375,high,laminate,178.7
76.02,0.05,5.29,0.958,25.48,1,1,10,4,47.9,30,0,0,2,0.416,0.573,0.011,breathable,specialty,17.4
6.08,1.11,5.01,0.212,0.0,0,0,4,30,38.9,3,1,0,1,0.314,0.56,0.126,high,barrier_film,246.3
2.93,2.17,5.73,0.241,0.92,0,0,4,40,57.3,30,4,1,1,0.466,0.466,0.069,high,laminate,131.3
12.49,1.39,5.9,0.514,0.61,0,0,9,25,54.0,30,2,1,1,0.462,0.461,0.078,high,barrier_film,318.9
5.89,22.37,7.12,0.288,0.0,0,0,1,25,59.7,7,0,1,1,0.35,0.605,0.045,ultra_high,laminate,261.6
80.23,0.0,3.03,0.994,7.17,1,1,2,8,50.0,120,4,0,2,0.261,0.404,0.335,breathable,specialty,10.4
86.76,0.0,5.92,0.978,11.56,1,1,10,8,42.9,90,4,1,2,0.368,0.592,0.041,breathable,specialty,51.1
87.36,4.47,6.07,1.0,0.0,0,1,5,-18,70.9,7,1,3,3,0.718,0.07,0.212,medium,polyolefin,170.4
14.34,2.41,6.32,0.553,0.0,0,0,9,25,88.7,7,4,0,1,0.479,0.488,0.033,high,polyester,205.7
77.8,0.0,3.49,0.97,5.78,1,1,2,8,73.8,7,1,1,2,0.387,0.473,0.141,breathable,specialty,37.7
79.56,0.89,6.3,0.979,2.3,1,0,10,8,31.0,60,2,3,2,0.484,0.4,0.116,breathable,specialty,23.3
13.07,1.29,5.91,0.555,0.0,0,0,9,25,37.9,5,0,1,1,0.387,0.051,0.562,high,polyester,391.8
6.22,15.33,5.61,0.391,0.0,0,0,7,20,86.3,3,2,1,0,0.341,0.308,0.35,ultra_high,laminate,436.3
72.77,0.03,6.54,1.0,49.42,1,1,10,8,60.3,120,2,3,4,0.208,0.411,0.381,breathable,specialty,19.8
54.65,27.49,6.02,0.991,0.32,0,1,8,-18,47.3,180,2,2,3,0.741,0.028,0.231,high,laminate,2471.6
0.2,84.23,6.75,0.0,0.0,0,0,3,25,63.9,14,1,1,0,0.504,0.262,0.233,ultra_high,laminate,622.9
12.73,0.0,6.43,0.584,1.19,0,0,9,30,48.6,365,1,0,1,0.294,0.393,0.314,high,barrier_film,175.3
1.32,95.75,6.96,0.0,0.44,0,0,3,30,91.8,5,4,3,0,0.422,0.25,0.328,ultra_high,laminate,326.8
13.86,9.12,6.11,0.418,1.15,0,0,7,25,41.3,21,1,0,0,0.07,0.213,0.717,ultra_high,barrier_film,600.6
100.0,3.24,4.14,1.0,0.18,0,1,8,8,67.1,365,2,3,3,0.428,0.331,0.241,medium,polyolefin,34.9
0.14,100.0,6.81,0.096,0.0,0,0,3,30,56.4,60,4,3,0,0.169,0.052,0.779,ultra_high,barrier_film,502.1
7.39,10.9,6.33,0.386,2.1,0,0,7,30,66.8,5,2,1,0,0.192,0.355,0.453,ultra_high,barrier_film,306.7
5.14,23.56,7.02,0.322,0.54,0,0,1,30,89.8,180,0,2,1,0.728,0.11,0.162,ultra_high,laminate,478.4
81.79,0.0,3.55,0.969,0.0,0,1,4,30,50.8,14,0,3,3,0.495,0.141,0.364,medium,polyester,28.7
85.89,0.43,4.96,0.947,21.55,1,1,2,4,39.5,5,0,2,4,0.438,0.213,0.349,breathable,specialty,28.5
8.22,1.6,5.88,0.642,0.0,0,0,9,35,52.7,21,3,0,1,0.759,0.153,0.088,medium,polyester,93.2
12.63,2.35,6.06,0.521,0.0,0,0,7,35,81.1,30,3,1,1,0.584,0.007,0.409,high,barrier_film,115.7
0.0,82.1,6.77,0.057,2.11,0,0,3,30,52.6,365,4,0,0,0.336,0.639,0.025,ultra_high,laminate,396.2
81.87,1.07,5.64,0.977,28.13,1,1,10,15,80.4,5,1,3,2,0.07,0.505,0.425,breathable,specialty,25.6
99.18,0.64,5.93,1.0,102.2,1,1,10,20,29.7,180,1,3,3,0.389,0.186,0.424,breathable,specialty,12.0
81.03,0.0,2.9,0.999,0.0,0,0,4,25,74.8,180,1,1,0,0.565,0.434,0.002,medium,polyester,18.9
10.21,1.6,6.15,0.554,0.0,0,0,9,40,63.9,3,4,1,1,0.52,0.27,0.211,high,polyester,109.0
88.59,0.45,6.03,0.991,140.97,1,1,10,25,72.5,14,4,1,3,0.228,0.446,0.326,breathable,specialty,5.4
9.41,5.9,6.34,0.558,0.0,0,0,0,25,40.8,14,1,1,1,0.214,0.386,0.4,high,polyester,514.7
12.94,5.99,7.09,0.548,0.0,0,0,0,25,38.1,30,3,0,1,0.34,0.452,0.208,high,laminate,475.2
54.66,30.33,5.89,0.948,0.11,0,1,8,8,28.9,120,0,2,3,0.188,0.541,0.271,high,barrier_film,421.4
14.19,0.54,6.26,0.521,0.0,0,0,9,20,40.4,60,1,3,1,0.197,0.349,0.454,high,laminate,691.0
70.36,4.59,6.11,1.0,0.0,0,1,5,0,70.4,5,1,0,3,0.475,0.282,0.243,medium,polyester,203.1
4.13,1.44,6.19,0.255,1.34,0,0,4,40,42.6,180,2,3,1,0.17,0.328,0.502,high,laminate,108.6
73.8,0.83,5.03,0.973,21.09,1,1,2,2,37.0,365,0,1,4,0.314,0.517,0.169,breathable,specialty,41.7
0.0,100.0,6.82,0.0,0.0,0,0,3,25,28.5,7,3,3,0,0.415,0.12,0.465,ultra_high,laminate,867.4
5.15,0.45,5.29,0.272,0.0,0,0,4,40,59.2,30,1,1,1,0.356,0.271,0.372,high,polyester,108.4
1.44,100.0,6.91,0.011,1.43,0,0,3,40,78.7,30,1,1,0,0.415,0.157,0.428,ultra_high,laminate,147.4
6.25,15.13,6.39,0.449,0.0,0,0,7,35,31.8,3,0,1,0,0.287,0.407,0.305,ultra_high,barrier_film,165.3
61.53,10.76,5.23,0.965,0.32,0,1,5,-10,59.1,30,3,0,3,0.038,0.541,0.421,high,barrier_film,252.0
78.56,5.63,6.02,1.0,0.0,0,1,5,2,60.9,5,0,2,3,0.211,0.659,0.13,medium,polyester,140.6
24.57,14.07,6.4,0.86,0.55,0,1,1,25,62.6,21,1,0,3,0.384,0.258,0.358,high,polyester,90.4
8.59,2.7,5.91,0.529,0.03,0,0,7,30,98.0,21,1,2,1,0.346,0.344,0.31,high,laminate,130.1
0.0,91.12,7.02,0.031,0.5,0,0,3,35,48.1,14,4,2,0,0.315,0.158,0.526,ultra_high,laminate,326.0
8.95,3.0,5.92,0.468,0.26,0,0,7,40,83.9,120,4,2,1,0.79,0.129,0.081,high,polyester,83.1
96.38,0.78,5.76,0.985,28.66,1,1,10,4,47.9,365,3,2,2,0.104,0.631,0.265,breathable,specialty,40.1
92.39,0.31,3.27,0.987,8.61,1,1,2,15,39.3,180,0,0,2,0.288,0.597,0.115,breathable,specialty,17.5
23.25,16.3,6.21,0.875,0.0,0,1,1,30,81.7,365,3,0,3,0.45,0.24,0.31,high,polyester,10.8
10.27,5.27,6.67,0.579,0.0,0,0,0,20,41.3,120,4,2,1,0.779,0.179,0.042,high,barrier_film,502.5
89.85,0.0,2.8,1.0,0.0,0,0,4,25,82.3,5,0,2,0,0.459,0.357,0.184,medium,polyolefin,17.9
88.56,0.48,5.43,0.968,23.05,1,1,2,15,83.8,21,3,0,4,0.086,0.768,0.146,breathable,specialty,10.2
10.37,10.31,6.25,0.399,0.19,0,0,7,25,69.1,30,0,1,0,0.567,0.336,0.097,ultra_high,barrier_film,558.2
9.58,2.17,6.01,0.487,2.14,0,0,7,40,97.1,14,0,1,1,0.623,0.359,0.018,high,barrier_film,128.6
12.38,1.55,5.93,0.562,0.0,0,0,9,35,88.5,90,2,0,1,0.473,0.26,0.267,high,polyester,71.9
8.02,25.65,6.2,0.475,0.1,0,0,7,25,41.2,180,4,2,0,0.029,0.168,0.803,ultra_high,bioplastic,741.1
100.0,0.58,5.8,1.0,65.02,1,1,10,25,84.8,3,0,3,4,0.283,0.41,0.307,breathable,specialty,6.7
100.0,3.83,6.58,0.946,0.0,0,1,8,2,86.2,5,3,3,3,0.154,0.379,0.467,medium,polyester,107.4
83.51,3.22,6.92,0.975,0.27,0,1,8,-10,46.7,120,0,1,3,0.516,0.385,0.1,medium,polyolefin,130.3
8.02,7.84,5.97,0.389,0.01,0,0,7,25,62.3,180,0,1,0,0.842,0.073,0.086,ultra_high,laminate,200.9
91.84,0.76,3.28,0.971,70.82,1,1,2,20,28.0,90,0,3,3,0.658,0.038,0.305,breathable,specialty,10.6
68.46,0.0,5.8,0.989,0.67,1,0,10,25,27.2,90,0,1,2,0.467,0.447,0.087,breathable,specialty,5.3
2.25,30.51,5.84,0.263,0.6,0,0,6,35,82.3,30,2,3,6,0.158,0.155,0.687,ultra_high,laminate,130.4
100.0,0.24,5.59,1.0,141.12,1,1,10,15,60.4,120,4,2,3,0.628,0.363,0.009,breathable,specialty,20.0
3.72,1.41,5.26,0.272,0.46,0,0,4,35,58.6,21,4,1,1,0.169,0.511,0.32,high,polyester,149.9
11.79,2.03,5.97,0.506,0.5,0,0,0,25,32.4,60,0,3,1,0.652,0.067,0.281,high,barrier_film,456.2
92.69,0.53,6.61,1.0,9.97,1,1,10,4,28.6,7,4,2,2,0.372,0.426,0.202,breathable,specialty,46.9
88.92,0.0,2.33,1.0,0.0,0,0,4,25,25.6,60,3,0,0,0.464,0.234,0.302,medium,polyolefin,25.9
80.87,0.71,5.85,0.965,0.25,1,0,10,4,77.4,7,0,0,2,0.743,0.119,0.138,breathable,specialty,45.9
4.82,9.84,6.22,0.413,0.61,0,0,7,35,72.6,90,3,2,0,0.369,0.066,0.565,ultra_high,barrier_film,243.1
52.01,26.99,6.18,0.998,1.78,0,1,8,-10,70.0,120,3,3,3,0.426,0.246,0.327,high,polyester,841.4
50.63,23.45,6.14,0.946,0.08,0,1,8,2,78.5,7,1,2,3,0.155,0.123,0.723,high,paper_based,407.8
95.56,0.69,6.43,0.996,103.07,1,1,10,25,27.6,21,3,0,3,0.319,0.617,0.064,breathable,specialty,6.0
0.0,92.32,6.67,0.0,0.0,0,0,3,25,27.1,120,0,0,0,0.386,0.407,0.207,ultra_high,laminate,555.0
10.75,14.03,5.81,0.447,0.0,0,0,7,20,53.7,365,0,2,0,0.451,0.137,0.412,ultra_high,laminate,833.7
6.99,14.71,5.52,0.468,0.83,0,0,7,40,34.6,3,3,3,0,0.46,0.242,0.299,ultra_high,barrier_film,270.9
100.0,0.0,5.66,1.0,22.14,1,1,10,25,38.1,14,3,3,2,0.255,0.063,0.682,breathable,specialty,9.3
3.71,31.97,6.02,0.188,0.0,0,0,6,40,50.6,5,0,0,6,0.481,0.404,0.115,ultra_high,laminate,241.1
99.03,0.76,5.7,0.987,56.62,1,1,10,20,71.6,5,4,3,4,0.368,0.469,0.163,breathable,specialty,7.3
71.21,5.01,6.68,0.999,0.0,0,1,5,-10,24.5,365,4,0,3,0.129,0.424,0.447,medium,polyester,135.0
4.67,19.73,7.4,0.285,0.0,0,0,1,40,93.2,120,1,2,1,0.464,0.314,0.221,high,barrier_film,128.3
86.11,0.0,6.31,0.955,45.06,1,1,10,15,88.9,30,4,0,4,0.344,0.501,0.155,breathable,specialty,8.5
84.14,0.5,5.95,1.0,6.67,1,1,10,20,46.1,7,4,0,2,0.117,0.516,0.366,breathable,specialty,6.3
9.78,14.58,5.25,0.384,0.0,0,0,7,40,58.5,21,3,2,0,0.406,0.327,0.267,ultra_high,barrier_film,201.2
84.28,2.64,6.25,0.99,0.0,0,1,11,2,71.2,365,2,1,3,0.452,0.325,0.223,medium,polyester,131.0
2.93,44.26,5.79,0.382,0.71,0,0,6,35,33.7,30,1,0,6,0.083,0.497,0.421,ultra_high,laminate,317.3
81.8,3.66,4.73,0.994,0.53,0,1,8,0,53.3,120,0,1,3,0.395,0.605,0.0,medium,polyester,138.2
7.05,3.08,5.79,0.496,0.0,0,0,7,20,68.1,30,3,1,1,0.322,0.667,0.011,high,laminate,530.3
13.94,0.73,5.65,0.619,1.68,0,0,9,40,53.8,365,1,0,1,0.172,0.423,0.405,medium,polyester,46.4
100.0,0.0,5.87,0.953,114.61,1,1,10,2,73.1,90,0,0,3,0.559,0.103,0.338,breathable,specialty,48.9
0.5,88.99,6.62,0.093,0.27,0,0,3,30,56.7,7,4,0,0,0.339,0.271,0.389,ultra_high,barrier_film,172.2
99.85,4.52,6.32,1.0,0.62,0,1,8,0,71.9,180,3,3,3,0.418,0.507,0.075,medium,polyester,134.7
0.73,100.0,7.39,0.0,0.0,0,0,3,30,65.1,21,3,3,0,0.57,0.209,0.22,ultra_high,barrier_film,270.8
9.67,25.75,6.15,0.427,0.0,0,0,7,20,43.2,21,2,2,0,0.683,0.137,0.18,ultra_high,laminate,1011.5
77.7,0.0,6.6,0.987,57.91,1,1,10,25,76.7,7,3,3,4,0.366,0.527,0.107,breathable,specialty,4.4
5.33,14.19,5.88,0.466,0.62,0,0,7,25,84.0,30,1,2,0,0.698,0.161,0.141,ultra_high,barrier_film,408.3
100.0,0.58,3.38,0.965,6.94,1,1,2,8,63.1,90,2,2,3,0.341,0.408,0.252,breathable,specialty,26.9
5.59,17.69,7.15,0.287,0.96,0,0,1,20,45.0,180,2,3,1,0.648,0.208,0.143,high,barrier_film,613.9
73.77,1.92,6.65,1.0,1.53,0,1,11,8,42.6,14,4,1,3,0.505,0.04,0.455,medium,polyester,63.9
8.57,13.35,5.96,0.45,0.5,0,0,7,30,77.2,5,2,1,0,0.334,0.566,0.1,ultra_high,laminate,360.8
80.67,4.19,6.54,0.997,0.61,0,1,5,8,57.9,14,2,2,3,0.35,0.236,0.414,medium,polyolefin,40.4
4.68,39.41,6.24,0.357,0.25,0,0,6,40,72.9,180,2,3,6,0.478,0.212,0.31,ultra_high,barrier_film,207.9
4.54,38.34,6.28,0.366,0.0,0,0,6,40,28.9,120,1,2,6,0.384,0.5,0.116,ultra_high,barrier_film,169.3
9.76,10.73,5.88,0.446,0.14,0,0,7,40,77.5,90,4,2,0,0.467,0.299,0.234,ultra_high,barrier_film,145.9
8.02,14.22,5.86,0.449,0.0,0,0,7,20,59.0,180,3,0,0,0.326,0.18,0.494,ultra_high,barrier_film,935.4
10.01,2.39,6.2,0.492,0.0,0,0,7,30,91.2,14,3,3,1,0.519,0.083,0.397,high,polyester,212.2
11.02,0.34,5.5,0.599,0.29,0,0,9,20,68.8,14,4,3,1,0.508,0.043,0.449,high,laminate,233.6
73.12,0.0,5.68,0.944,24.01,1,1,2,4,85.8,5,3,3,4,0.135,0.338,0.527,breathable,specialty,45.2
4.68,53.08,5.7,0.37,0.0,0,0,6,40,85.9,3,3,0,6,0.12,0.41,0.471,ultra_high,barrier_film,215.8
73.51,0.0,5.7,0.967,2.32,1,0,10,15,58.8,21,1,2,3,0.418,0.239,0.343,breathable,specialty,7.3
9.48,18.51,6.29,0.425,0.86,0,0,7,25,50.7,14,3,1,0,0.417,0.405,0.179,ultra_high,barrier_film,832.0
94.52,0.3,6.37,0.968,50.54,1,1,10,4,47.7,14,4,0,4,0.29,0.334,0.376,breathable,specialty,73.2
43.73,3.38,5.38,0.979,0.77,0,1,1,35,91.4,60,1,3,5,0.461,0.208,0.331,low,polyolefin,24.2
10.29,5.17,6.66,0.653,0.0,0,0,9,35,39.9,90,0,1,3,0.442,0.244,0.314,medium,polyolefin,103.9
12.22,5.28,6.33,0.661,1.42,0,0,9,35,32.0,3,0,3,3,0.41,0.149,0.441,medium,polyolefin,61.9
6.81,14.59,6.26,0.392,1.45,0,0,7,40,31.0,7,3,1,0,0.735,0.25,0.014,ultra_high,barrier_film,344.0
78.42,0.49,5.78,0.98,2.02,1,0,10,8,87.8,14,0,3,2,0.444,0.04,0.516,breathable,specialty,34.4
98.97,0.0,2.79,0.988,0.55,0,0,4,30,73.2,120,3,2,0,0.177,0.382,0.441,medium,polyester,14.6
1.99,31.15,6.09,0.192,0.0,0,0,6,35,92.0,120,4,0,6,0.352,0.318,0.331,ultra_high,barrier_film,167.8
98.11,1.46,2.97,0.972,68.71,1,1,2,4,67.9,90,3,2,3,0.165,0.157,0.678,breathable,specialty,25.1
5.06,20.13,7.0,0.303,2.2,0,0,1,30,40.5,120,3,0,1,0.298,0.286,0.417,ultra_high,barrier_film,300.7
14.71,6.48,6.64,0.539,0.23,0,0,0,30,60.4,90,1,0,1,0.035,0.492,0.473,high,polyester,172.1
11.13,1.2,6.36,0.569,0.08,0,0,0,20,33.8,180,3,2,1,0.165,0.723,0.113,high,laminate,355.0
3.78,39.29,6.17,0.366,0.0,0,0,6,35,47.0,7,1,2,6,0.342,0.568,0.09,ultra_high,laminate,312.0
3.41,14.17,4.87,0.205,0.15,0,0,4,25,49.1,60,4,3,0,0.095,0.718,0.187,ultra_high,laminate,773.8
3.73,14.58,5.47,0.185,0.89,0,0,4,25,60.5,60,1,0,0,0.555,0.114,0.331,ultra_high,laminate,775.5
0.0,100.0,6.84,0.0,1.24,0,0,3,20,28.9,90,1,3,0,0.039,0.858,0.102,ultra_high,barrier_film,945.3
9.92,0.48,6.35,0.606,1.09,0,0,9,35,37.1,7,0,0,1,0.451,0.132,0.417,medium,polyolefin,86.5
73.71,10.39,6.08,0.942,0.0,0,1,5,0,50.1,14,3,0,3,0.167,0.107,0.726,high,paper_based,172.8
93.28,0.66,6.47,0.987,56.57,1,1,10,15,51.7,5,1,0,4,0.481,0.178,0.341,breathable,specialty,14.0
86.51,0.48,5.36,0.961,22.7,1,1,10,4,38.1,90,3,0,2,0.193,0.388,0.419,breathable,specialty,11.8
7.43,1.91,5.63,0.233,0.0,0,0,4,20,39.6,5,0,0,1,0.318,0.508,0.175,high,barrier_film,653.7
99.79,2.97,4.14,0.944,0.58,0,1,8,4,58.5,120,3,1,3,0.09,0.582,0.328,medium,polyester,58.6
24.77,16.79,6.57,0.887,0.0,0,1,1,40,29.5,180,0,3,3,0.103,0.667,0.23,high,laminate,29.9
3.81,41.53,6.47,0.336,0.63,0,0,6,40,79.3,365,1,1,6,0.136,0.479,0.384,ultra_high,barrier_film,118.2
85.96,0.29,3.07,0.979,56.0,1,1,2,4,82.9,3,1,0,3,0.378,0.104,0.519,breathable,specialty,25.0
79.62,0.55,3.87,0.957,8.24,1,1,2,15,70.0,60,1,2,2,0.207,0.454,0.339,breathable,specialty,8.2
72.69,0.13,3.7,0.905,8.44,1,1,2,25,31.0,3,4,0,2,0.356,0.427,0.218,breathable,specialty,6.0
72.65,11.05,6.02,0.964,1.23,0,1,5,2,78.7,180,0,3,3,0.295,0.697,0.008,high,polyester,285.1
0.0,36.25,5.93,0.254,1.33,0,0,6,40,70.6,21,1,1,6,0.353,0.435,0.212,ultra_high,laminate,160.3
75.29,0.07,6.14,0.985,1.06,1,0,10,8,66.3,7,4,2,2,0.791,0.023,0.187,breathable,specialty,26.3
75.75,0.54,3.82,0.991,9.04,1,1,2,15,70.5,180,2,2,3,0.402,0.328,0.271,breathable,specialty,12.9
92.71,0.76,4.45,1.0,27.04,1,1,2,25,70.2,5,4,1,4,0.246,0.313,0.441,breathable,specialty,2.7
96.82,1.05,3.73,0.999,7.54,1,1,2,8,80.0,30,1,3,2,0.359,0.514,0.128,breathable,specialty,35.2
9.71,1.96,6.33,0.55,0.0,0,0,9,40,33.6,120,2,0,1,0.432,0.316,0.253,high,polyester,175.2
7.81,22.34,5.68,0.414,0.19,0,0,7,35,70.5,7,1,0,0,0.074,0.562,0.364,ultra_high,laminate,140.5
26.3,15.34,6.97,0.82,0.66,0,1,1,40,86.2,365,3,0,3,0.579,0.111,0.31,high,laminate,29.4
74.94,0.21,3.5,0.966,9.0,1,1,2,25,44.2,21,3,0,2,0.122,0.21,0.668,breathable,specialty,8.3
12.06,1.16,6.23,0.546,0.0,0,0,9,20,48.1,90,1,2,1,0.268,0.17,0.562,high,polyester,552.1
32.38,32.57,5.14,0.908,0.0,0,1,8,8,34.9,60,3,0,3,0.342,0.411,0.247,high,laminate,413.9
100.0,2.71,4.18,0.988,1.84,0,1,8,2,87.3,120,3,2,3,0.301,0.189,0.51,medium,bioplastic,59.4
0.55,100.0,5.91,0.124,0.29,0,0,3,40,57.6,21,1,1,0,0.425,0.452,0.123,ultra_high,barrier_film,316.0
39.16,23.21,5.96,0.985,0.0,0,1,8,4,75.6,30,1,2,3,0.016,0.741,0.242,high,laminate,273.6
8.49,9.66,6.32,0.421,0.0,0,0,7,40,66.6,5,4,1,0,0.589,0.002,0.409,ultra_high,laminate,220.3
4.4,39.86,6.36,0.323,0.0,0,0,6,30,66.4,60,4,0,6,0.383,0.179,0.439,ultra_high,laminate,418.7
84.63,0.09,6.13,1.0,1.45,1,0,10,8,34.1,7,1,0,2,0.374,0.483,0.143,breathable,specialty,22.9
88.15,0.0,3.8,1.0,7.11,1,1,2,2,27.2,14,1,0,2,0.331,0.112,0.557,breathable,specialty,26.6
0.27,98.33,7.2,0.009,0.64,0,0,3,35,89.2,5,1,0,0,0.074,0.369,0.558,ultra_high,barrier_film,174.1
91.91,0.07,3.2,0.976,73.66,1,1,2,8,77.8,180,0,2,3,0.531,0.407,0.062,breathable,specialty,13.4
13.03,2.17,5.92,0.494,0.88,0,0,7,30,69.3,7,0,0,1,0.453,0.143,0.405,high,laminate,248.9
93.51,0.0,6.7,0.995,67.11,1,1,10,10,32.0,120,4,0,4,0.401,0.226,0.374,breathable,specialty,29.4
0.97,90.83,7.23,0.0,0.0,0,0,3,25,60.1,30,1,0,0,0.499,0.242,0.259,ultra_high,laminate,724.1
78.05,0.0,3.31,0.994,8.95,1,1,2,2,37.4,365,2,2,2,0.181,0.653,0.165,breathable,specialty,43.4
86.87,0.19,5.91,0.959,2.11,1,0,10,25,56.2,21,3,3,3,0.454,0.533,0.013,breathable,specialty,5.3
5.35,16.33,5.69,0.195,0.0,0,0,4,25,23.3,30,0,0,0,0.322,0.35,0.328,ultra_high,barrier_film,811.1
86.83,0.67,4.24,0.974,6.78,1,1,2,25,35.9,21,1,0,2,0.28,0.42,0.3,breathable,specialty,6.5
81.8,2.04,6.45,0.999,0.0,0,1,11,-18,92.5,3,2,1,3,0.86,0.095,0.044,medium,polyolefin,250.7
5.01,29.68,5.56,0.27,0.24,0,0,6,40,96.0,30,1,2,6,0.336,0.096,0.567,ultra_high,laminate,156.3
57.98,10.82,6.0,1.0,0.63,0,1,5,-18,45.1,90,1,2,3,0.443,0.392,0.165,high,barrier_film,1404.5
5.05,19.02,7.18,0.308,0.0,0,0,1,40,32.8,30,2,2,1,0.388,0.518,0.094,high,polyester,119.0
10.96,1.4,6.13,0.566,0.1,0,0,9,30,84.2,21,3,3,1,0.113,0.064,0.822,high,bioplastic,211.4
71.69,2.11,6.67,0.958,0.0,0,1,11,-10,61.2,365,0,1,3,0.702,0.228,0.07,medium,polyester,177.7
10.58,8.27,5.73,0.4,0.0,0,0,7,20,40.5,180,1,2,0,0.404,0.443,0.153,ultra_high,barrier_film,1246.1
70.53,0.08,5.83,0.98,23.17,1,1,10,10,80.7,60,1,1,2,0.605,0.049,0.346,breathable,specialty,29.0
4.29,29.37,5.86,0.255,0.0,0,0,6,40,58.7,120,3,0,6,0.027,0.606,0.367,ultra_high,barrier_film,85.1
79.18,2.8,4.45,0.986,0.0,0,1,8,-18,51.6,3,4,1,3,0.414,0.322,0.264,medium,polyolefin,228.8
11.3,5.49,6.3,0.52,0.0,0,0,0,35,70.5,180,3,3,1,0.131,0.284,0.586,high,barrier_film,61.1
14.37,4.17,6.61,0.66,0.25,0,0,9,25,62.9,14,1,0,3,0.422,0.115,0.463,medium,polyolefin,370.2
27.45,13.09,6.09,0.852,0.47,0,1,1,25,29.7,21,1,2,3,0.591,0.287,0.122,high,polyester,75.8
100.0,0.05,5.54,0.979,19.14,1,1,10,4,27.2,7,3,0,2,0.198,0.73,0.071,breathable,specialty,32.5
91.62,0.43,4.02,0.954,9.51,1,1,2,4,86.6,5,3,1,3,0.42,0.369,0.211,breathable,specialty,18.9
7.87,9.66,5.72,0.411,0.0,0,0,7,40,42.4,5,3,1,0,0.244,0.44,0.317,ultra_high,laminate,215.2
11.52,1.47,5.65,0.578,0.0,0,0,9,30,71.7,180,4,2,1,0.509,0.416,0.075,high,barrier_film,264.3
76.75,11.8,6.01,1.0,0.31,0,1,5,8,28.1,21,4,3,3,0.447,0.516,0.037,high,laminate,75.6
82.34,0.29,5.83,0.965,8.38,1,1,10,15,83.3,365,4,2,2,0.404,0.577,0.019,breathable,specialty,10.5
75.31,0.49,3.3,0.996,8.5,1,1,2,15,28.7,365,0,1,2,0.503,0.108,0.388,breathable,specialty,18.9
8.98,13.3,5.73,0.403,0.0,0,0,7,25,39.7,7,2,1,0,0.695,0.126,0.179,ultra_high,laminate,592.3
100.0,3.0,6.25,1.0,1.57,0,1,8,-10,54.1,21,2,0,3,0.444,0.357,0.199,medium,polyolefin,185.6
92.24,0.0,6.38,0.978,120.94,1,1,10,15,66.7,7,0,0,3,0.33,0.458,0.213,breathable,specialty,12.6
10.01,0.78,6.58,0.495,0.31,0,0,0,35,45.1,180,4,1,1,0.185,0.09,0.725,high,paper_based,171.2
23.78,16.35,6.85,0.887,0.0,0,1,1,30,82.7,5,4,1,3,0.442,0.153,0.404,high,barrier_film,31.9
4.9,20.66,6.78,0.302,0.0,0,0,1,30,64.2,30,1,3,1,0.719,0.082,0.2,ultra_high,laminate,459.2
4.36,18.66,7.4,0.301,0.0,0,0,1,30,44.8,7,2,0,1,0.065,0.735,0.199,high,polyester,296.6
81.88,0.56,3.47,0.969,7.51,1,1,2,4,79.3,3,4,3,2,0.372,0.345,0.283,breathable,specialty,47.9
79.3,0.98,6.61,0.981,69.41,1,1,10,20,92.1,21,2,0,4,0.422,0.321,0.257,breathable,specialty,9.7
79.01,10.3,5.51,1.0,2.0,0,1,5,-10,68.5,180,4,3,3,0.464,0.269,0.266,high,barrier_film,476.7
0.46,27.34,5.9,0.241,0.0,0,0,6,30,83.1,120,4,1,6,0.415,0.231,0.354,ultra_high,barrier_film,202.0
84.91,5.66,6.55,0.993,0.0,0,1,5,4,90.9,7,2,2,3,0.263,0.356,0.381,medium,polyolefin,79.4
2.61,48.6,6.28,0.386,0.47,0,0,6,25,50.1,365,3,1,6,0.204,0.451,0.345,ultra_high,barrier_film,858.7
85.41,0.23,6.0,0.968,25.08,1,1,10,8,72.4,180,1,0,2,0.32,0.296,0.385,breathable,specialty,16.9
5.39,20.51,7.67,0.3,1.46,0,0,1,20,66.5,30,3,1,1,0.301,0.504,0.195,ultra_high,laminate,1014.3
95.63,0.46,3.6,0.963,8.12,1,1,2,4,36.3,7,2,3,3,0.176,0.75,0.074,breathable,specialty,43.8
45.18,31.34,5.41,0.918,0.98,0,1,8,2,30.7,365,3,0,3,0.125,0.419,0.456,high,laminate,530.0
10.34,15.13,6.03,0.462,0.0,0,0,7,35,81.3,7,1,0,0,0.156,0.682,0.162,ultra_high,barrier_film,304.5
0.0,100.0,7.25,0.0,1.47,0,0,3,35,48.2,21,2,0,0,0.138,0.152,0.709,ultra_high,barrier_film,227.2
77.88,3.58,6.77,0.988,0.43,0,1,8,0,68.4,21,1,0,3,0.323,0.351,0.327,medium,polyolefin,105.1
78.29,1.97,7.0,1.0,0.0,0,1,11,-10,47.4,7,0,1,3,0.378,0.269,0.353,medium,polyolefin,346.2
10.74,2.03,6.1,0.561,0.58,0,0,9,35,66.5,3,1,2,1,0.183,0.383,0.433,high,barrier_film,146.9
33.78,32.65,5.13,0.889,0.0,0,1,8,0,29.5,365,0,0,3,0.515,0.134,0.351,high,polyester,551.3
10.91,1.44,6.45,0.517,0.0,0,0,0,20,69.7,14,3,0,1,0.307,0.43,0.263,high,polyester,303.3
9.39,11.17,6.19,0.391,0.08,0,0,7,35,30.9,120,3,2,0,0.267,0.166,0.567,ultra_high,barrier_film,495.3
7.07,2.14,6.63,0.53,0.0,0,0,9,20,71.9,30,4,0,1,0.304,0.095,0.6,high,bioplastic,307.6
77.09,1.64,6.25,1.0,0.0,0,1,11,-10,49.8,60,3,0,3,0.654,0.034,0.313,medium,polyolefin,250.0
80.06,2.12,6.18,0.992,0.45,0,1,11,2,85.4,5,4,1,3,0.528,0.236,0.236,medium,polyolefin,129.8
80.55,0.0,3.79,0.999,22.61,1,1,10,25,50.9,365,4,0,3,0.335,0.439,0.226,breathable,specialty,8.3
83.02,0.0,6.24,0.963,6.8,1,1,10,20,90.4,30,2,0,2,0.278,0.31,0.411,breathable,specialty,11.1
29.72,15.78,6.03,0.837,0.12,0,1,1,35,76.3,90,0,3,3,0.096,0.292,0.612,high,bioplastic,25.5
5.21,0.95,5.7,0.284,0.0,0,0,4,40,87.5,180,0,1,1,0.285,0.382,0.333,high,laminate,119.4
8.74,1.63,6.23,0.549,0.0,0,0,9,40,52.6,7,3,2,1,0.656,0.195,0.149,high,polyester,86.8
90.51,0.0,3.99,1.0,21.32,1,1,10,2,46.5,30,4,3,3,0.293,0.487,0.22,breathable,specialty,66.5
1.93,35.08,5.98,0.227,2.0,0,0,6,25,79.8,120,2,1,6,0.342,0.304,0.354,ultra_high,laminate,304.0
26.22,34.17,5.63,0.901,0.76,0,1,8,-10,79.3,5,2,0,3,0.251,0.647,0.102,high,polyester,869.7
79.27,0.0,3.6,1.0,1.09,0,1,4,40,41.0,60,2,0,3,0.059,0.091,0.85,medium,bioplastic,1.4
72.15,0.34,3.4,0.965,7.36,1,1,2,25,90.9,21,2,2,3,0.521,0.018,0.461,breathable,specialty,3.8
82.01,0.0,2.41,0.979,0.0,0,0,4,20,60.5,120,0,3,0,0.307,0.293,0.4,medium,polyolefin,30.3
71.23,5.15,5.85,0.981,0.4,0,1,5,-18,58.1,3,1,3,3,0.194,0.662,0.143,medium,polyolefin,569.4
51.21,23.84,5.78,1.0,0.0,0,1,8,-18,24.5,7,0,2,3,0.076,0.494,0.43,high,barrier_film,1178.3
30.1,30.5,5.36,0.896,0.16,0,1,8,-18,42.8,120,2,3,3,0.366,0.424,0.21,high,barrier_film,858.1
7.13,20.02,6.92,0.319,1.14,0,0,1,30,33.8,30,2,1,1,0.309,0.262,0.43,ultra_high,laminate,268.6
89.43,3.1,6.92,0.992,0.0,0,1,8,4,72.7,7,0,2,3,0.409,0.233,0.358,medium,polyester,57.5
54.91,3.99,4.41,0.976,0.99,0,1,8,2,70.7,180,4,3,3,0.511,0.101,0.389,low,polyolefin,163.8
94.45,0.0,3.02,0.995,0.0,0,0,4,25,58.2,180,4,1,0,0.145,0.833,0.022,medium,polyolefin,28.0
39.21,39.25,4.58,0.941,2.04,0,1,8,8,86.0,7,4,1,3,0.432,0.442,0.127,high,laminate,160.9
65.09,10.2,6.08,0.979,0.0,0,1,5,4,42.1,3,4,2,3,0.053,0.451,0.496,high,barrier_film,51.6
2.65,100.0,6.94,0.003,0.66,0,0,3,20,78.5,365,3,3,0,0.494,0.408,0.097,ultra_high,laminate,691.3
77.86,0.0,3.83,0.956,0.0,0,1,4,20,29.2,14,4,3,3,0.408,0.436,0.156,medium,polyolefin,44.2
1.02,36.24,5.88,0.185,0.0,0,0,6,25,45.6,3,2,1,6,0.586,0.318,0.097,ultra_high,laminate,1005.1
27.68,3.52,6.08,0.979,0.0,0,1,1,25,68.5,120,0,2,5,0.008,0.245,0.747,low,paper_based,27.1
75.77,0.36,3.8,0.994,5.01,1,1,2,4,86.4,365,2,0,2,0.218,0.563,0.219,breathable,specialty,49.5
8.11,22.84,6.15,0.478,0.0,0,0,7,20,32.8,90,3,3,0,0.576,0.197,0.228,ultra_high,barrier_film,1115.6
4.07,46.87,6.44,0.359,0.83,0,0,6,40,65.7,5,4,1,6,0.393,0.165,0.441,ultra_high,laminate,220.5
9.98,9.31,6.14,0.387,0.0,0,0,7,35,56.7,3,3,3,0,0.161,0.396,0.443,ultra_high,laminate,374.5
4.75,13.68,5.45,0.216,1.02,0,0,4,20,81.5,120,2,0,0,0.477,0.173,0.35,ultra_high,barrier_film,763.1
94.76,0.28,6.35,0.966,119.41,1,1,10,8,70.1,5,0,2,3,0.168,0.279,0.553,breathable,specialty,27.0
88.1,4.24,6.78,0.987,0.0,0,1,8,-18,50.2,3,4,1,3,0.297,0.332,0.37,medium,polyolefin,434.2
16.42,0.85,6.51,0.545,0.0,0,0,0,20,88.3,120,0,1,1,0.14,0.345,0.515,high,polyester,71.7
98.58,3.18,6.11,1.0,0.0,0,1,8,-18,76.7,90,4,0,3,0.562,0.298,0.14,medium,polyolefin,797.9
7.94,8.53,6.05,0.413,0.13,0,0,7,25,44.8,3,1,3,0,0.304,0.514,0.181,ultra_high,laminate,443.6
82.31,10.42,5.53,0.976,1.32,0,1,5,-18,79.2,5,4,0,3,0.354,0.369,0.276,high,laminate,624.9
82.55,0.0,6.31,0.972,138.38,1,1,10,15,52.1,120,0,2,3,0.249,0.533,0.218,breathable,specialty,22.6
100.0,3.32,4.34,0.952,0.1,0,1,8,-10,70.5,90,0,3,3,0.487,0.187,0.327,medium,polyolefin,89.8
92.17,0.0,4.43,0.97,23.42,1,1,2,10,88.5,5,2,3,4,0.267,0.384,0.348,breathable,specialty,18.0
38.7,30.33,4.97,0.913,0.44,0,1,8,0,78.6,180,3,0,3,0.093,0.661,0.246,high,laminate,717.9
80.65,0.72,4.69,0.963,25.79,1,1,2,10,32.9,30,0,3,4,0.274,0.455,0.271,breathable,specialty,23.9
88.48,0.0,6.86,1.0,59.89,1,1,10,15,70.4,5,0,1,4,0.456,0.273,0.271,breathable,specialty,24.7
1.48,100.0,6.73,0.102,0.36,0,0,3,35,91.7,30,4,3,0,0.447,0.191,0.363,ultra_high,laminate,223.1
0.0,89.62,7.53,0.039,0.0,0,0,3,35,54.5,365,2,2,0,0.248,0.412,0.34,ultra_high,laminate,371.2
4.03,29.43,5.94,0.267,0.0,0,0,6,20,79.9,120,0,3,6,0.232,0.385,0.382,ultra_high,barrier_film,514.1
88.18,3.25,4.28,0.961,0.99,0,1,8,-18,52.9,60,3,0,3,0.089,0.706,0.204,medium,polyolefin,416.1
38.68,3.01,5.09,0.959,0.11,0,1,1,35,23.5,7,1,2,5,0.369,0.046,0.585,low,bioplastic,36.6
6.62,1.01,5.32,0.224,0.99,0,0,4,20,51.9,60,0,2,1,0.254,0.389,0.358,high,barrier_film,537.4
11.34,4.47,6.41,0.647,0.0,0,0,9,30,41.7,5,2,3,3,0.338,0.234,0.428,medium,polyester,114.1
0.0,94.92,7.19,0.09,0.59,0,0,3,25,57.5,30,3,0,0,0.301,0.182,0.517,ultra_high,barrier_film,709.9
18.08,17.27,6.26,0.866,0.37,0,1,1,35,82.1,90,0,2,3,0.72,0.007,0.274,high,polyester,31.3
81.35,3.65,6.9,1.0,0.0,0,1,8,2,36.2,365,1,1,3,0.169,0.502,0.33,medium,polyester,139.2
83.49,1.16,6.78,0.947,67.93,1,1,10,15,88.0,180,1,2,4,0.27,0.541,0.189,breathable,specialty,17.1
3.17,31.24,6.21,0.204,0.54,0,0,6,30,83.6,3,0,3,6,0.486,0.139,0.375,ultra_high,barrier_film,311.5
7.31,14.02,5.36,0.394,0.0,0,0,7,35,46.6,30,0,2,0,0.076,0.416,0.508,ultra_high,barrier_film,515.8
5.46,23.31,5.86,0.441,0.5,0,0,7,20,79.6,60,2,1,0,0.678,0.136,0.187,ultra_high,barrier_film,823.3
98.88,0.1,6.29,0.993,68.64,1,1,10,20,68.8,3,3,3,4,0.017,0.433,0.55,breathable,specialty,9.5
2.38,31.69,6.08,0.233,0.0,0,0,6,30,43.9,365,2,0,6,0.382,0.03,0.588,ultra_high,barrier_film,383.5
68.48,11.49,6.03,0.973,0.06,0,1,5,2,56.4,60,1,2,3,0.618,0.002,0.38,high,barrier_film,165.2
89.11,3.56,4.62,0.977,0.65,0,1,8,0,53.1,5,2,3,3,0.428,0.395,0.177,medium,polyester,235.4
3.43,39.45,5.61,0.353,0.0,0,0,6,40,89.4,5,2,3,6,0.534,0.445,0.021,ultra_high,barrier_film,180.5
4.3,14.03,5.23,0.169,0.0,0,0,4,25,80.8,14,4,2,0,0.092,0.093,0.815,ultra_high,bioplastic,316.0
2.16,33.7,6.09,0.193,0.0,0,0,6,30,37.4,21,0,0,6,0.338,0.137,0.525,ultra_high,laminate,504.5
6.15,43.78,5.88,0.372,0.98,0,0,6,25,55.6,60,3,3,6,0.465,0.476,0.06,ultra_high,laminate,637.8
2.26,19.59,6.73,0.302,0.0,0,0,1,20,58.3,120,0,3,1,0.106,0.524,0.37,high,polyester,611.0
79.57,3.78,3.87,0.969,0.54,0,1,8,-18,88.3,365,2,3,3,0.302,0.332,0.366,medium,polyolefin,578.4
17.46,4.52,6.7,0.633,0.54,0,0,9,20,95.2,120,0,1,3,0.142,0.411,0.447,low,polyolefin,46.9
7.7,18.68,5.8,0.459,0.0,0,0,7,35,50.0,30,2,3,0,0.114,0.654,0.232,ultra_high,barrier_film,294.7
75.35,0.76,3.96,0.975,27.65,1,1,2,8,74.5,3,2,0,4,0.298,0.323,0.38,breathable,specialty,50.2
7.81,16.39,5.21,0.388,0.0,0,0,7,25,41.6,120,3,3,0,0.513,0.476,0.01,ultra_high,barrier_film,625.9
5.04,20.19,7.21,0.339,0.0,0,0,1,25,46.7,120,3,0,1,0.255,0.612,0.133,ultra_high,laminate,340.7
13.82,1.63,6.55,0.526,0.35,0,0,9,20,74.3,60,0,3,1,0.386,0.364,0.25,high,polyester,368.9
9.4,1.25,6.48,0.514,0.0,0,0,0,20,51.5,30,0,3,1,0.283,0.564,0.153,high,polyester,134.4
75.0,0.0,3.36,0.969,8.0,1,1,2,8,70.6,365,4,0,2,0.001,0.874,0.125,breathable,specialty,24.0
78.48,0.0,6.71,0.994,76.73,1,1,10,15,93.5,7,2,2,4,0.24,0.447,0.313,breathable,specialty,15.4
13.85,1.97,6.03,0.531,0.0,0,0,9,40,49.3,5,2,0,1,0.222,0.353,0.426,high,polyester,107.4
69.08,0.2,3.78,1.0,8.33,1,1,2,10,76.5,120,2,0,2,0.47,0.116,0.415,breathable,specialty,38.5
44.76,3.14,5.45,0.931,0.0,0,1,1,35,58.3,90,2,1,5,0.151,0.771,0.077,low,polyolefin,23.9
4.83,56.43,6.11,0.346,1.53,0,0,6,20,63.0,120,4,1,6,0.463,0.178,0.358,ultra_high,barrier_film,799.3
30.67,29.91,5.51,0.903,0.31,0,1,8,8,41.3,14,3,0,3,0.378,0.328,0.294,high,barrier_film,301.8
5.24,0.85,5.36,0.216,0.86,0,0,4,30,89.6,120,3,0,1,0.398,0.272,0.33,high,laminate,104.2
74.11,0.0,3.54,0.97,7.6,1,1,2,25,89.3,120,4,0,3,0.225,0.365,0.41,breathable,specialty,9.1
7.38,22.03,5.75,0.441,1.69,0,0,7,35,39.6,60,4,1,0,0.296,0.367,0.337,ultra_high,laminate,145.6
70.65,0.0,5.23,0.992,24.01,1,1,2,20,88.3,365,4,0,4,0.084,0.317,0.6,breathable,specialty,10.7
100.0,0.09,6.08,0.983,69.05,1,1,10,2,65.7,7,0,3,4,0.636,0.357,0.006,breathable,specialty,52.2
100.0,0.29,5.6,0.994,1.53,1,0,10,15,69.1,14,1,2,3,0.396,0.218,0.386,breathable,specialty,11.6
27.3,14.47,6.37,0.869,0.0,0,1,1,35,93.2,120,1,1,3,0.013,0.663,0.325,high,laminate,14.5
95.68,0.0,6.1,0.974,7.19,1,1,10,20,93.7,30,3,0,2,0.344,0.422,0.234,breathable,specialty,5.1
7.71,1.42,6.18,0.556,0.0,0,0,9,25,32.6,5,2,0,1,0.061,0.573,0.366,high,polyester,422.2
14.69,1.38,6.32,0.539,0.0,0,0,9,30,79.3,60,4,0,1,0.248,0.33,0.421,high,laminate,120.1
91.99,1.74,6.64,0.964,53.27,1,1,10,8,62.8,90,4,2,4,0.228,0.748,0.024,breathable,specialty,23.3
46.44,2.74,5.69,0.956,0.58,0,1,1,25,92.0,90,4,1,5,0.436,0.164,0.401,low,polyolefin,25.8
75.72,0.0,6.19,0.997,8.95,1,1,10,15,91.8,14,0,1,2,0.461,0.073,0.466,breathable,specialty,19.3
97.39,0.8,3.54,0.997,0.0,0,1,4,30,36.6,120,2,2,3,0.416,0.304,0.28,medium,polyester,23.1
7.54,15.33,5.27,0.403,0.23,0,0,7,40,51.4,120,2,0,0,0.345,0.227,0.429,ultra_high,laminate,173.0
11.18,3.02,6.18,0.521,1.07,0,0,7,20,82.2,21,0,1,1,0.201,0.22,0.579,high,laminate,259.1
3.94,50.78,5.81,0.316,0.0,0,0,6,25,74.8,7,4,3,6,0.207,0.546,0.247,ultra_high,laminate,408.1
71.75,0.85,6.1,1.0,74.23,1,1,10,15,60.9,7,0,1,4,0.124,0.456,0.419,breathable,specialty,8.0
33.33,33.52,5.37,0.913,0.0,0,1,8,-10,91.4,3,1,1,3,0.209,0.664,0.127,high,polyester,848.8
11.09,0.0,5.4,0.586,0.0,0,0,9,20,30.3,90,3,0,1,0.223,0.513,0.264,high,laminate,636.7
0.39,100.0,7.07,0.0,0.0,0,0,3,30,62.8,21,1,3,0,0.294,0.084,0.622,ultra_high,barrier_film,363.0
66.52,0.0,3.4,1.0,6.79,1,1,2,8,52.8,180,1,1,3,0.479,0.247,0.274,breathable,specialty,30.0
0.67,100.0,7.33,0.0,0.35,0,0,3,25,77.6,30,2,0,0,0.328,0.385,0.287,ultra_high,barrier_film,308.2
12.5,5.57,6.73,0.569,0.0,0,0,0,30,59.1,14,1,0,1,0.381,0.364,0.255,high,polyester,202.0
70.79,5.91,6.28,0.997,0.0,0,1,5,2,75.2,120,3,2,3,0.664,0.129,0.206,medium,polyolefin,134.6
9.89,4.96,6.18,0.661,1.16,0,0,9,30,71.2,3,0,0,3,0.434,0.241,0.325,medium,polyester,122.9
8.55,22.44,6.05,0.473,0.0,0,0,7,20,62.2,120,0,3,0,0.363,0.55,0.087,ultra_high,barrier_film,777.2
26.9,13.7,5.95,0.839,0.66,0,1,1,40,82.5,14,1,0,3,0.527,0.196,0.277,high,barrier_film,22.8
90.11,0.7,4.89,0.979,30.69,1,1,10,8,79.3,3,2,1,2,0.095,0.737,0.167,breathable,specialty,28.0
32.92,33.19,5.43,0.908,0.0,0,1,8,-18,89.1,60,3,1,3,0.129,0.681,0.189,high,barrier_film,1754.3
98.33,0.28,3.56,0.988,58.57,1,1,2,10,39.2,365,0,0,3,0.308,0.301,0.391,breathable,specialty,24.5
11.93,1.03,6.02,0.609,0.09,0,0,9,25,71.8,60,0,1,1,0.222,0.64,0.138,medium,polyolefin,133.2
11.13,1.16,5.84,0.634,0.0,0,0,9,20,38.0,21,4,3,1,0.517,0.186,0.298,medium,polyolefin,427.0
0.0,87.29,6.65,0.089,0.0,0,0,3,30,36.8,180,3,1,0,0.072,0.651,0.278,ultra_high,laminate,719.3
79.12,3.33,4.34,0.967,0.09,0,1,8,-10,47.0,14,4,0,3,0.225,0.312,0.464,medium,polyolefin,48.9
11.02,2.47,6.14,0.539,1.25,0,0,9,30,86.4,60,3,2,1,0.358,0.216,0.426,high,polyester,95.8
92.55,0.0,5.94,0.971,59.93,1,1,10,4,78.3,60,3,1,4,0.114,0.472,0.415,breathable,specialty,18.3
7.15,13.52,4.99,0.175,0.13,0,0,4,30,62.4,120,2,3,0,0.334,0.467,0.199,ultra_high,laminate,358.1
6.67,9.47,6.04,0.427,0.97,0,0,7,20,57.6,5,2,1,0,0.08,0.392,0.528,ultra_high,laminate,767.8
17.12,4.83,6.21,0.653,0.0,0,0,9,20,30.3,21,4,3,3,0.338,0.358,0.304,low,polyolefin,90.2
53.05,21.76,6.42,1.0,1.0,0,1,8,-10,69.6,21,3,3,3,0.504,0.386,0.11,high,polyester,334.2
76.33,0.7,5.83,0.997,8.68,1,1,10,2,59.0,7,4,2,2,0.585,0.404,0.012,breathable,specialty,24.8
100.0,0.46,2.71,0.971,0.0,0,0,4,40,63.2,90,0,3,0,0.151,0.38,0.47,medium,polyester,6.3
58.64,26.45,5.81,0.965,0.0,0,1,8,4,72.8,21,4,0,3,0.212,0.076,0.712,high,paper_based,440.2
79.97,0.28,3.03,0.942,0.0,0,0,4,30,35.3,180,4,2,0,0.321,0.28,0.399,medium,polyolefin,10.2
100.0,0.16,4.06,0.981,9.56,1,1,2,20,69.4,365,0,0,3,0.715,0.248,0.038,breathable,specialty,16.9
70.66,0.23,6.23,1.0,74.68,1,1,10,2,84.5,5,4,0,4,0.71,0.107,0.183,breathable,specialty,45.1
9.5,3.37,6.06,0.506,0.0,0,0,7,20,81.1,90,4,0,1,0.293,0.466,0.241,high,barrier_film,402.8
88.67,0.71,4.58,0.957,25.47,1,1,10,4,88.6,5,4,2,3,0.364,0.298,0.338,breathable,specialty,41.8
96.65,1.19,3.09,0.97,7.85,1,1,2,25,71.5,90,2,2,2,0.529,0.368,0.104,breathable,specialty,5.1
32.33,3.09,5.25,0.951,0.0,0,1,1,25,71.8,5,0,3,5,0.341,0.503,0.156,low,polyolefin,22.6
10.32,11.25,6.18,0.411,1.5,0,0,7,20,51.4,14,2,0,0,0.473,0.325,0.201,ultra_high,laminate,750.3
11.75,5.5,6.69,0.55,0.0,0,0,0,20,25.9,7,2,2,1,0.419,0.363,0.218,high,laminate,324.0
0.0,100.0,7.27,0.0,0.0,0,0,3,40,37.8,3,0,2,0,0.39,0.551,0.059,ultra_high,barrier_film,176.9
95.93,0.0,2.57,1.0,1.48,0,0,4,25,56.2,365,0,3,0,0.576,0.306,0.118,medium,polyolefin,18.8
59.11,22.98,5.74,0.963,0.92,0,1,8,0,26.6,14,0,3,3,0.223,0.507,0.27,high,barrier_film,575.0
64.61,2.31,6.52,0.989,0.0,0,1,11,2,65.8,180,0,2,3,0.053,0.425,0.522,medium,bioplastic,93.3
37.6,36.39,5.41,0.912,0.16,0,1,8,-10,38.3,120,1,1,3,0.038,0.452,0.51,high,laminate,296.0
91.52,3.54,6.59,0.981,0.44,0,1,11,8,90.0,120,2,3,3,0.341,0.106,0.553,medium,bioplastic,31.7
6.32,12.57,6.25,0.444,0.0,0,0,7,35,44.7,7,4,1,0,0.5,0.004,0.496,ultra_high,barrier_film,446.6
82.64,0.45,3.2,0.987,0.0,0,0,4,25,70.5,3,0,0,0,0.224,0.08,0.696,medium,paper_based,21.4
10.72,2.81,6.04,0.466,1.2,0,0,7,30,62.5,120,3,3,1,0.099,0.68,0.221,high,barrier_film,352.5
3.06,0.77,5.71,0.252,0.0,0,0,4,40,87.0,3,1,3,1,0.334,0.387,0.279,high,barrier_film,115.4
3.99,24.47,7.03,0.332,0.0,0,0,1,30,69.7,30,2,3,1,0.182,0.352,0.466,ultra_high,laminate,330.5
4.04,49.89,5.32,0.375,0.0,0,0,6,30,49.6,7,4,3,6,0.373,0.513,0.114,ultra_high,barrier_film,374.2
4.05,18.07,7.1,0.295,0.0,0,0,1,20,43.0,60,4,0,1,0.047,0.716,0.238,high,laminate,529.4
11.1,1.75,6.37,0.492,0.0,0,0,0,30,48.0,90,3,1,1,0.008,0.725,0.267,high,laminate,210.1
93.98,0.22,6.49,0.992,63.6,1,1,10,20,40.2,21,0,2,4,0.237,0.56,0.203,breathable,specialty,14.0
4.64,23.1,5.94,0.448,0.54,0,0,7,35,33.1,7,2,1,0,0.698,0.043,0.259,ultra_high,laminate,332.8
9.25,2.63,6.09,0.513,1.24,0,0,7,25,72.1,60,1,0,1,0.105,0.685,0.21,high,laminate,175.1
3.55,14.56,5.19,0.219,1.29,0,0,4,25,28.8,21,0,3,0,0.113,0.591,0.296,ultra_high,laminate,575.1
95.78,0.11,5.65,1.0,26.9,1,1,10,4,87.4,30,0,1,2,0.308,0.453,0.238,breathable,specialty,60.3
9.03,15.04,5.61,0.465,1.25,0,0,7,25,41.2,30,4,1,0,0.382,0.308,0.31,ultra_high,laminate,636.4
3.11,41.17,5.86,0.359,0.0,0,0,6,30,84.0,90,0,2,6,0.003,0.627,0.37,ultra_high,barrier_film,185.5
90.17,0.81,6.59,0.958,64.83,1,1,10,4,29.8,60,3,3,4,0.049,0.35,0.6,breathable,specialty,39.4
10.08,9.08,6.03,0.39,0.0,0,0,7,25,84.8,180,0,0,0,0.207,0.47,0.323,ultra_high,barrier_film,344.4
8.9,16.52,6.25,0.437,1.24,0,0,7,25,73.7,5,2,3,0,0.072,0.396,0.532,ultra_high,laminate,507.4
6.29,1.37,4.84,0.237,1.39,0,0,4,35,80.6,60,1,2,1,0.633,0.14,0.228,high,barrier_film,81.3
87.04,0.0,3.48,0.946,7.31,1,1,2,4,57.7,5,0,2,3,0.117,0.369,0.514,breathable,specialty,78.9
11.0,4.83,6.83,0.636,0.0,0,0,9,25,88.5,14,0,1,3,0.508,0.371,0.121,medium,polyolefin,157.4
75.33,4.38,6.18,1.0,0.0,0,1,5,2,58.2,30,4,0,3,0.147,0.238,0.616,medium,bioplastic,117.8
9.75,0.89,6.29,0.512,0.0,0,0,0,25,57.1,90,1,2,1,0.468,0.369,0.163,high,laminate,367.9
8.65,4.77,6.38,0.635,0.01,0,0,9,35,45.9,120,3,2,3,0.271,0.156,0.573,medium,paper_based,76.6
69.89,0.96,4.7,1.0,16.23,1,1,2,10,46.2,60,4,2,4,0.402,0.085,0.513,breathable,specialty,26.5
5.57,17.78,7.31,0.343,0.0,0,0,1,40,55.3,180,1,2,1,0.127,0.246,0.627,high,bioplastic,97.3
89.35,0.03,2.92,1.0,0.87,0,0,4,20,47.9,30,3,3,0,0.105,0.123,0.772,medium,paper_based,25.8
77.5,0.99,4.87,0.968,19.58,1,1,2,4,91.3,14,1,3,4,0.312,0.397,0.291,breathable,specialty,53.9
8.71,1.73,6.26,0.512,0.0,0,0,0,25,59.5,365,1,1,1,0.331,0.321,0.348,high,laminate,399.6
100.0,0.0,7.22,0.998,77.95,1,1,10,20,71.9,21,4,2,4,0.45,0.476,0.074,breathable,specialty,10.1
9.87,0.86,5.94,0.598,0.15,0,0,9,40,68.2,60,3,0,1,0.441,0.197,0.361,high,polyester,88.2
12.01,8.7,5.95,0.397,2.22,0,0,7,30,69.4,3,0,1,0,0.499,0.406,0.095,ultra_high,laminate,510.5
100.0,3.72,6.71,0.989,0.7,0,1,8,2,31.7,90,2,0,3,0.617,0.032,0.351,medium,polyester,103.9
81.53,0.79,4.78,0.988,27.68,1,1,2,20,38.3,30,1,0,4,0.342,0.462,0.196,breathable,specialty,6.9
87.25,1.06,5.18,0.983,21.74,1,1,2,8,59.7,5,3,3,4,0.622,0.023,0.355,breathable,specialty,22.9
26.28,12.88,6.16,0.865,0.0,0,1,1,25,55.9,5,3,0,3,0.385,0.51,0.105,high,polyester,97.5
1.64,45.95,5.79,0.362,0.0,0,0,6,25,36.4,60,0,3,6,0.352,0.293,0.354,ultra_high,barrier_film,755.0
91.41,3.94,6.31,0.984,0.0,0,1,8,-10,71.5,30,1,2,3,0.23,0.392,0.378,medium,polyester,238.5
97.05,0.44,2.86,0.967,0.0,0,0,4,30,69.6,21,3,3,0,0.153,0.444,0.403,medium,polyester,24.4
11.21,4.03,5.67,0.505,0.0,0,0,7,25,52.7,30,0,2,1,0.098,0.421,0.481,high,barrier_film,378.1
3.77,15.64,5.88,0.401,0.99,0,0,7,20,63.5,180,3,1,0,0.27,0.356,0.374,ultra_high,laminate,489.4
100.0,0.0,5.34,0.989,8.57,1,1,10,25,69.5,21,1,2,2,0.431,0.484,0.085,breathable,specialty,6.8
1.0,100.0,7.1,0.004,0.74,0,0,3,30,35.8,14,2,2,0,0.412,0.379,0.209,ultra_high,barrier_film,344.2
1.87,11.28,5.35,0.215,1.42,0,0,4,35,27.9,365,4,3,0,0.563,0.337,0.1,ultra_high,barrier_film,263.6
24.16,15.24,6.15,0.831,0.0,0,1,1,30,89.7,21,0,0,3,0.141,0.321,0.538,high,laminate,70.2
51.48,22.83,5.88,0.943,0.61,0,1,8,-18,69.5,5,2,1,3,0.214,0.328,0.459,high,laminate,1191.9
9.57,5.1,6.23,0.68,0.0,0,0,9,30,29.4,5,0,0,3,0.11,0.602,0.288,medium,polyester,181.8
77.81,3.53,4.26,0.995,0.0,0,1,8,2,90.5,120,1,1,3,0.463,0.33,0.207,medium,polyolefin,81.7
97.93,0.81,5.37,0.982,24.96,1,1,10,20,72.2,60,3,2,2,0.145,0.223,0.632,breathable,specialty,10.0
64.8,8.27,5.56,1.0,0.1,0,1,5,2,68.4,30,2,1,3,0.08,0.308,0.612,medium,bioplastic,109.7
4.83,0.91,5.43,0.254,0.0,0,0,4,20,54.7,5,4,0,1,0.189,0.306,0.506,high,barrier_film,447.3
88.98,0.16,3.2,0.955,0.88,0,1,4,35,89.8,365,1,3,3,0.397,0.338,0.265,medium,polyester,11.5
80.55,0.0,3.22,0.982,49.68,1,1,2,20,28.8,21,4,0,3,0.537,0.365,0.098,breathable,specialty,7.2
71.44,1.09,3.65,0.963,7.32,1,1,2,4,26.2,21,1,3,3,0.604,0.069,0.327,breathable,specialty,31.0
100.0,0.14,4.26,1.0,0.0,0,1,4,20,47.2,180,2,3,3,0.291,0.371,0.338,medium,polyester,34.7
14.53,1.92,6.28,0.55,0.0,0,0,9,25,83.1,14,0,3,1,0.39,0.177,0.433,high,polyester,262.7
2.42,29.22,5.84,0.278,0.0,0,0,6,35,77.9,30,0,0,6,0.35,0.355,0.296,ultra_high,laminate,148.7
84.11,0.0,6.8,0.985,60.98,1,1,10,20,83.7,30,0,0,4,0.408,0.209,0.383,breathable,specialty,6.3
87.63,3.26,3.91,0.99,0.0,0,1,8,-18,69.6,14,3,3,3,0.63,0.304,0.066,medium,polyester,692.3
0.0,85.86,7.01,0.0,0.0,0,0,3,30,73.8,120,0,1,0,0.337,0.436,0.227,ultra_high,laminate,131.5
68.69,10.15,6.15,0.953,0.0,0,1,5,-18,53.6,3,0,2,3,0.612,0.302,0.086,high,laminate,521.8
69.26,0.0,6.68,1.0,143.58,1,1,10,8,85.4,5,4,3,3,0.834,0.097,0.069,breathable,specialty,25.7
86.12,0.11,3.46,0.968,0.0,0,1,4,25,74.6,90,4,3,3,0.058,0.537,0.405,medium,polyester,9.1
4.24,47.18,5.98,0.339,0.0,0,0,6,40,59.2,365,0,3,6,0.534,0.315,0.152,ultra_high,barrier_film,144.1
94.88,0.39,6.68,0.974,61.1,1,1,10,15,31.5,60,1,0,4,0.398,0.593,0.008,breathable,specialty,17.9
12.01,4.73,6.32,0.533,0.0,0,0,0,35,55.4,14,3,2,1,0.162,0.346,0.493,high,polyester,261.5
8.36,2.14,6.78,0.495,0.0,0,0,0,35,52.8,3,3,3,1,0.209,0.249,0.542,high,laminate,212.6
78.45,0.92,4.45,0.937,7.35,1,1,2,25,67.3,14,2,1,3,0.388,0.255,0.357,breathable,specialty,2.5
78.08,0.0,3.67,0.998,0.0,0,1,4,35,90.1,21,4,2,3,0.711,0.031,0.258,medium,polyolefin,5.4
100.0,0.0,3.46,0.991,8.92,1,1,2,25,67.9,120,1,2,2,0.383,0.458,0.158,breathable,specialty,9.0
2.26,35.15,5.96,0.183,0.29,0,0,6,20,67.3,7,4,2,6,0.592,0.119,0.289,ultra_high,laminate,704.2
0.07,87.08,6.89,0.0,1.0,0,0,3,25,88.2,180,2,2,0,0.3,0.415,0.285,ultra_high,laminate,580.1
73.75,0.41,3.94,0.97,8.62,1,1,2,20,80.4,3,2,2,3,0.73,0.24,0.03,breathable,specialty,9.5
87.51,0.63,3.76,1.0,7.59,1,1,2,4,88.1,90,4,2,3,0.424,0.466,0.11,breathable,specialty,49.5
88.54,0.1,2.98,0.99,0.0,0,0,4,30,44.9,120,3,3,0,0.167,0.392,0.441,medium,polyester,7.4
82.93,2.24,6.65,1.0,0.74,0,1,11,2,29.3,180,0,1,3,0.623,0.073,0.304,medium,polyolefin,87.0
5.31,1.54,6.0,0.257,0.42,0,0,4,20,61.5,90,1,1,1,0.547,0.211,0.242,high,barrier_film,503.1
68.71,5.37,6.09,0.95,0.53,0,1,5,-18,42.7,60,0,2,3,0.43,0.281,0.289,medium,polyolefin,379.2
0.96,95.7,7.04,0.027,0.0,0,0,3,25,70.3,180,2,0,0,0.06,0.499,0.441,ultra_high,barrier_film,525.9
0.54,88.78,7.13,0.0,0.0,0,0,3,35,35.7,365,0,1,0,0.401,0.11,0.489,ultra_high,laminate,310.6
85.73,0.0,4.47,0.997,26.53,1,1,10,8,27.2,365,1,1,3,0.194,0.187,0.619,breathable,specialty,38.2
77.75,3.7,6.61,0.985,0.0,0,1,8,-18,77.6,21,2,1,3,0.333,0.245,0.422,medium,polyolefin,519.8
90.73,4.38,7.05,0.97,0.91,0,1,8,4,56.5,90,0,0,3,0.484,0.289,0.227,medium,polyester,144.0
1.51,100.0,7.53,0.0,0.58,0,0,3,25,68.9,5,3,1,0,0.065,0.101,0.833,ultra_high,bioplastic,490.8
0.25,100.0,6.71,0.0,1.42,0,0,3,35,36.9,365,3,3,0,0.029,0.124,0.847,ultra_high,bioplastic,407.7
2.49,20.17,6.85,0.338,0.0,0,0,1,20,44.3,14,0,2,1,0.713,0.045,0.242,ultra_high,laminate,1226.9
53.63,21.97,5.45,0.961,0.68,0,1,8,0,80.4,30,0,1,3,0.292,0.325,0.384,high,laminate,754.9
81.24,1.07,4.46,0.967,20.19,1,1,2,20,52.5,21,0,1,4,0.432,0.363,0.205,breathable,specialty,17.2
2.28,27.19,6.55,0.268,0.0,0,0,6,30,62.1,3,0,2,6,0.591,0.007,0.402,ultra_high,laminate,405.5
93.18,0.0,3.35,0.983,60.13,1,1,2,2,77.0,365,3,1,3,0.559,0.009,0.432,breathable,specialty,30.5
98.36,0.0,3.51,1.0,1.66,0,1,4,40,80.4,21,3,3,3,0.042,0.084,0.874,medium,bioplastic,12.1
83.42,0.0,6.08,0.959,1.28,1,0,10,8,91.0,3,4,2,2,0.02,0.662,0.318,breathable,specialty,20.5
4.04,38.72,6.08,0.334,0.0,0,0,6,40,62.8,7,4,3,6,0.135,0.459,0.406,ultra_high,laminate,160.2
9.53,5.0,6.67,0.622,0.0,0,0,9,25,86.8,60,1,2,3,0.429,0.144,0.428,medium,polyolefin,192.6
12.88,1.32,5.87,0.551,0.65,0,0,9,40,65.5,21,0,1,1,0.409,0.136,0.455,high,polyester,113.2
59.27,24.49,5.95,0.929,0.47,0,1,8,8,42.8,3,2,0,3,0.596,0.349,0.055,high,polyester,278.8
73.75,0.4,5.86,0.997,3.63,1,0,10,4,59.7,21,3,0,2,0.235,0.242,0.524,breathable,specialty,53.4
96.84,1.34,6.58,1.0,0.13,0,1,11,-18,47.9,120,1,3,3,0.124,0.503,0.373,medium,polyester,349.6
6.99,14.56,6.5,0.44,0.0,0,0,7,20,73.0,365,1,3,0,0.312,0.2,0.488,ultra_high,barrier_film,1007.1
67.35,1.22,4.58,0.987,22.79,1,1,2,15,39.5,21,3,0,4,0.499,0.019,0.482,breathable,specialty,9.3
74.35,2.21,3.75,0.984,0.0,0,1,8,8,69.2,365,2,3,3,0.233,0.302,0.465,medium,polyester,53.9
95.08,0.56,6.39,1.0,66.73,1,1,10,8,61.4,5,4,0,4,0.005,0.47,0.525,breathable,specialty,35.9
6.83,0.21,5.27,0.287,0.85,0,0,4,20,41.7,180,3,2,1,0.122,0.307,0.571,high,laminate,724.7
0.0,100.0,6.89,0.0,0.0,0,0,3,40,87.2,180,4,0,0,0.108,0.636,0.255,ultra_high,laminate,178.8
74.99,0.2,3.31,0.981,7.7,1,1,2,10,38.3,14,3,0,2,0.31,0.16,0.53,breathable,specialty,25.4
6.65,46.99,5.85,0.375,1.07,0,0,6,25,71.2,30,2,2,6,0.209,0.31,0.48,ultra_high,barrier_film,488.5
10.82,3.69,5.96,0.639,1.11,0,0,9,25,74.8,365,1,1,3,0.346,0.301,0.353,medium,polyester,143.3
0.0,93.92,6.42,0.0,0.0,0,0,3,30,85.8,90,3,1,0,0.41,0.062,0.528,ultra_high,laminate,235.8
100.0,0.73,3.44,1.0,57.44,1,1,2,4,81.1,120,2,2,3,0.284,0.41,0.305,breathable,specialty,52.6
66.57,4.65,6.16,0.956,0.0,0,1,5,2,77.0,365,2,2,3,0.241,0.301,0.458,medium,polyolefin,105.0
0.0,96.18,7.27,0.014,0.11,0,0,3,20,58.1,60,4,0,0,0.779,0.167,0.054,ultra_high,barrier_film,1066.1
69.5,0.34,4.79,0.972,24.85,1,1,2,4,50.4,7,1,1,4,0.053,0.533,0.414,breathable,specialty,16.0
11.28,1.33,6.1,0.537,0.0,0,0,9,30,26.8,5,4,0,1,0.219,0.253,0.529,high,laminate,210.7
13.26,2.2,6.95,0.506,0.06,0,0,0,30,35.7,180,2,3,1,0.457,0.342,0.201,high,barrier_film,182.9
98.31,0.18,2.84,0.99,0.27,0,0,4,30,57.7,30,1,0,0,0.19,0.277,0.533,medium,bioplastic,14.2
88.17,0.0,3.64,0.988,23.88,1,1,10,25,90.8,5,0,1,3,0.295,0.353,0.352,breathable,specialty,4.8
100.0,0.68,5.52,1.0,21.35,1,1,10,10,72.7,7,1,2,2,0.108,0.622,0.27,breathable,specialty,30.5
1.31,83.9,6.66,0.128,0.91,0,0,3,30,35.4,21,1,2,0,0.294,0.702,0.004,ultra_high,laminate,455.8
6.98,12.45,5.53,0.415,0.25,0,0,7,40,62.8,60,4,2,0,0.385,0.252,0.363,ultra_high,barrier_film,205.3
12.8,4.39,7.18,0.633,0.0,0,0,9,35,49.1,14,2,0,3,0.513,0.183,0.304,medium,polyolefin,58.1
84.44,4.17,6.2,1.0,1.68,0,1,5,2,46.5,30,1,2,3,0.246,0.439,0.315,medium,polyolefin,146.8
2.88,29.96,6.04,0.214,0.0,0,0,6,40,61.4,14,2,2,6,0.229,0.348,0.422,ultra_high,barrier_film,153.3
2.37,18.54,7.0,0.304,0.0,0,0,1,20,86.8,60,4,0,1,0.56,0.332,0.108,high,barrier_film,661.0
12.51,0.23,6.45,0.59,0.44,0,0,9,35,59.5,30,3,3,1,0.318,0.0,0.682,high,paper_based,224.9
48.68,25.11,5.36,0.958,0.34,0,1,8,-10,52.2,180,3,2,3,0.482,0.508,0.01,high,laminate,927.9
10.4,2.5,5.86,0.466,0.12,0,0,7,20,42.7,21,1,3,1,0.373,0.577,0.05,high,barrier_film,583.4
88.19,0.22,5.57,0.965,3.28,1,0,10,15,45.5,90,3,1,3,0.156,0.453,0.391,breathable,specialty,16.9
35.23,30.51,4.96,0.879,0.06,0,1,8,4,86.9,3,3,1,3,0.027,0.506,0.466,high,barrier_film,415.4
76.93,0.64,6.4,0.985,64.52,1,1,10,2,85.9,21,4,2,4,0.411,0.504,0.086,breathable,specialty,31.3
80.66,5.11,6.12,1.0,1.56,0,1,5,-10,48.3,21,2,1,3,0.364,0.185,0.451,medium,polyolefin,170.3
11.64,1.62,6.39,0.547,0.0,0,0,9,20,63.3,3,3,1,1,0.149,0.437,0.414,high,laminate,270.8
78.67,0.0,4.95,1.0,21.95,1,1,10,2,70.9,180,4,3,2,0.315,0.168,0.517,breathable,specialty,44.3
8.83,0.34,7.03,0.486,0.0,0,0,0,30,88.4,14,3,3,1,0.343,0.346,0.311,high,barrier_film,132.1
2.71,30.1,6.04,0.247,0.7,0,0,6,30,27.7,21,4,3,6,0.105,0.411,0.484,ultra_high,barrier_film,344.8
14.73,0.84,6.1,0.572,1.87,0,0,9,20,91.7,60,2,3,1,0.219,0.458,0.323,high,laminate,295.9
93.71,1.41,6.62,0.973,0.06,0,1,11,-10,97.4,365,1,3,3,0.597,0.028,0.375,medium,polyester,234.7
38.49,16.06,6.49,0.842,0.0,0,1,1,40,84.5,365,2,3,3,0.53,0.416,0.054,high,polyester,12.5
8.77,21.96,6.5,0.475,0.0,0,0,7,35,89.9,21,3,3,0,0.368,0.572,0.06,ultra_high,barrier_film,243.6
78.5,0.31,3.98,0.98,0.0,0,1,4,35,66.9,7,4,0,3,0.203,0.391,0.407,medium,polyolefin,14.8
62.5,0.18,4.97,0.982,25.3,1,1,2,20,42.2,180,1,3,4,0.024,0.394,0.582,breathable,specialty,10.3
11.28,4.33,6.6,0.646,0.35,0,0,9,20,70.4,60,3,0,3,0.585,0.207,0.208,medium,polyester,118.3
7.69,6.28,6.38,0.563,0.0,0,0,0,25,32.4,14,2,2,1,0.75,0.014,0.236,high,polyester,521.9
73.61,2.04,6.42,0.996,1.31,0,1,11,2,57.7,21,3,3,3,0.657,0.138,0.205,medium,polyolefin,166.5
92.2,0.67,3.72,1.0,10.03,1,1,2,15,89.0,5,2,1,2,0.291,0.351,0.357,breathable,specialty,13.9
75.59,0.15,5.27,0.983,0.67,1,0,10,15,46.3,365,0,1,3,0.197,0.292,0.511,breathable,specialty,12.7
82.49,0.42,5.35,0.95,2.54,1,0,10,15,45.7,21,4,0,3,0.031,0.549,0.42,breathable,specialty,18.7
2.85,36.07,5.83,0.21,0.0,0,0,6,25,41.9,7,0,2,6,0.155,0.477,0.368,ultra_high,laminate,580.8
83.96,0.63,6.17,1.0,1.15,1,0,10,8,88.8,60,0,1,2,0.524,0.272,0.204,breathable,specialty,20.2
79.9,0.33,4.04,0.976,9.29,1,1,2,2,80.2,5,0,3,3,0.422,0.349,0.229,breathable,specialty,48.9
38.68,3.89,5.21,0.987,0.93,0,1,1,25,72.6,180,0,1,5,0.47,0.319,0.211,low,polyolefin,37.2
34.35,34.28,4.84,0.878,0.83,0,1,8,-18,81.9,60,3,0,3,0.493,0.497,0.01,high,polyester,1208.7
85.3,0.0,5.98,0.96,9.41,1,1,10,4,44.3,365,0,3,2,0.146,0.548,0.306,breathable,specialty,33.4
4.63,37.77,6.19,0.352,0.0,0,0,6,20,83.9,3,0,2,6,0.53,0.092,0.377,ultra_high,barrier_film,347.6
2.71,29.32,6.05,0.261,1.38,0,0,6,35,91.2,21,4,2,6,0.158,0.458,0.384,ultra_high,laminate,81.9
85.72,0.26,6.17,1.0,63.04,1,1,10,15,87.5,365,0,1,4,0.177,0.419,0.404,breathable,specialty,14.9
5.26,30.95,6.11,0.236,0.0,0,0,6,30,61.4,21,3,3,6,0.208,0.37,0.422,ultra_high,laminate,448.7
91.74,1.88,6.35,1.0,0.0,0,1,11,-18,58.1,30,2,3,3,0.353,0.139,0.508,medium,paper_based,318.5
34.56,1.96,5.07,0.925,0.89,0,1,1,20,61.3,365,1,1,5,0.092,0.024,0.883,low,bioplastic,43.0
0.83,34.57,5.6,0.253,0.0,0,0,6,20,87.2,180,4,0,6,0.588,0.03,0.383,ultra_high,barrier_film,605.4
7.71,19.2,6.37,0.442,0.0,0,0,7,20,53.7,90,4,0,0,0.27,0.143,0.587,ultra_high,laminate,397.6
28.66,33.76,5.31,0.884,0.26,0,1,8,2,64.3,3,4,2,3,0.199,0.374,0.426,high,polyester,156.8
7.86,3.5,5.85,0.493,0.36,0,0,7,40,73.0,7,1,1,1,0.32,0.379,0.301,high,barrier_film,75.3
90.63,4.02,6.43,0.989,0.0,0,1,8,2,59.4,60,3,0,3,0.243,0.299,0.458,medium,polyester,68.6
6.63,0.57,6.33,0.502,0.17,0,0,0,20,64.2,30,2,2,1,0.399,0.126,0.475,high,polyester,356.2
26.46,14.86,6.32,0.821,0.0,0,1,1,25,63.5,90,2,0,3,0.346,0.286,0.368,high,polyester,61.2
10.76,2.01,6.23,0.542,0.0,0,0,9,30,33.3,180,3,3,1,0.495,0.226,0.28,high,barrier_film,265.2
10.46,1.08,6.23,0.635,0.0,0,0,9,20,31.2,30,4,3,1,0.533,0.09,0.377,medium,polyester,421.4
2.22,32.65,6.06,0.173,0.0,0,0,6,20,70.4,365,4,2,6,0.458,0.333,0.209,ultra_high,laminate,699.1
100.0,0.0,6.73,1.0,133.28,1,1,10,4,47.7,120,3,3,3,0.387,0.202,0.411,breathable,specialty,39.9
67.73,0.85,5.07,0.966,28.34,1,1,2,8,77.8,60,1,3,4,0.495,0.415,0.09,breathable,specialty,19.3
7.54,13.65,5.36,0.393,0.0,0,0,7,35,58.4,365,1,2,0,0.086,0.172,0.742,ultra_high,barrier_film,399.1
91.62,0.0,3.5,0.984,0.0,0,1,4,30,70.0,7,0,1,3,0.213,0.408,0.378,medium,polyolefin,8.6
9.52,1.49,6.11,0.509,0.93,0,0,0,30,25.1,365,4,0,1,0.418,0.056,0.526,high,laminate,356.9
3.89,15.66,4.82,0.233,0.0,0,0,4,35,53.8,180,4,1,0,0.17,0.468,0.362,ultra_high,barrier_film,218.4
2.78,20.63,7.07,0.274,0.19,0,0,1,30,50.1,180,2,1,1,0.51,0.159,0.331,ultra_high,barrier_film,259.4
74.28,0.54,5.12,0.951,1.72,1,0,10,8,84.4,180,0,3,2,0.151,0.595,0.254,breathable,specialty,30.7
78.86,3.19,7.14,0.989,1.89,0,1,8,8,54.7,90,3,1,3,0.16,0.374,0.466,medium,polyester,64.7
3.27,14.82,4.83,0.215,0.88,0,0,4,30,29.4,14,2,2,0,0.261,0.392,0.347,ultra_high,laminate,379.1
83.22,0.25,3.41,0.97,0.79,0,1,4,30,47.1,120,0,2,3,0.435,0.312,0.254,medium,polyolefin,16.0
32.86,34.1,5.5,0.885,1.18,0,1,8,-18,87.7,14,3,1,3,0.401,0.454,0.146,high,polyester,1657.4
67.76,0.38,5.36,0.906,19.4,1,1,2,8,81.6,90,4,3,4,0.312,0.363,0.324,breathable,specialty,32.9
7.47,13.1,6.36,0.449,0.49,0,0,7,30,86.9,60,0,0,0,0.558,0.129,0.312,ultra_high,laminate,386.4
0.0,86.81,7.14,0.002,0.0,0,0,3,35,62.9,365,2,0,0,0.393,0.285,0.322,ultra_high,barrier_film,304.7
100.0,0.97,6.04,0.974,52.1,1,1,10,15,55.6,90,3,1,4,0.437,0.202,0.36,breathable,specialty,19.8
5.66,0.25,5.42,0.247,0.49,0,0,4,40,70.6,14,2,0,1,0.224,0.149,0.627,high,bioplastic,71.2
80.61,0.35,3.22,0.978,8.87,1,1,2,15,43.7,60,3,1,3,0.415,0.406,0.179,breathable,specialty,8.7
87.85,0.08,3.99,0.967,8.36,1,1,2,20,22.0,365,0,3,3,0.288,0.18,0.532,breathable,specialty,4.2
3.5,27.25,6.18,0.252,0.37,0,0,6,35,38.5,90,4,2,6,0.086,0.485,0.429,ultra_high,barrier_film,228.4
99.74,0.0,4.72,0.98,26.47,1,1,10,20,42.0,30,1,3,3,0.719,0.159,0.121,breathable,specialty,5.9
98.94,0.0,6.7,0.975,60.41,1,1,10,8,77.4,365,2,3,4,0.101,0.39,0.509,breathable,specialty,22.2
9.81,9.78,6.42,0.42,0.0,0,0,7,30,28.8,14,3,3,0,0.373,0.525,0.102,ultra_high,laminate,587.2
85.2,0.0,3.23,0.968,1.01,0,1,4,30,89.0,5,4,2,3,0.126,0.456,0.418,medium,polyester,27.6
10.17,5.62,6.51,0.566,0.42,0,0,0,25,60.5,7,4,1,1,0.002,0.012,0.986,high,paper_based,380.9
6.86,10.22,6.0,0.397,0.0,0,0,7,35,32.1,120,1,3,0,0.25,0.497,0.253,ultra_high,barrier_film,242.6
77.19,0.0,3.94,0.976,7.71,1,1,2,15,63.6,120,0,2,3,0.538,0.365,0.096,breathable,specialty,27.2
100.0,0.82,2.5,0.961,0.0,0,0,4,30,33.2,180,4,0,0,0.556,0.198,0.246,medium,polyester,13.0
11.78,5.25,6.97,0.543,0.01,0,0,0,25,45.7,7,2,0,1,0.344,0.3,0.355,high,barrier_film,203.2
83.81,3.42,6.4,1.0,0.0,0,1,8,-18,58.4,21,1,0,3,0.034,0.473,0.493,medium,polyester,257.5
92.78,0.0,6.75,1.0,62.8,1,1,10,15,81.1,3,4,3,4,0.016,0.423,0.561,breathable,specialty,16.7
13.1,3.01,5.72,0.541,0.31,0,0,9,40,78.3,5,0,3,1,0.572,0.17,0.258,high,barrier_film,70.2
9.94,6.29,6.4,0.533,0.59,0,0,0,20,50.3,3,0,1,1,0.07,0.197,0.733,high,paper_based,379.5
3.51,39.4,6.21,0.351,0.71,0,0,6,35,24.4,90,3,0,6,0.11,0.4,0.49,ultra_high,barrier_film,250.5
89.2,0.14,4.95,1.0,24.88,1,1,2,2,59.7,21,4,1,4,0.298,0.318,0.384,breathable,specialty,62.5
2.88,35.03,5.46,0.261,0.0,0,0,6,35,91.6,3,0,3,6,0.615,0.202,0.183,ultra_high,barrier_film,140.2
12.65,0.9,5.98,0.553,0.09,0,0,9,40,91.9,60,3,2,1,0.321,0.352,0.327,high,laminate,108.9
82.51,0.58,3.41,0.979,7.2,1,1,2,10,85.8,14,0,0,2,0.383,0.173,0.443,breathable,specialty,24.4
67.47,0.64,3.89,0.956,27.46,1,1,2,8,85.7,90,3,0,4,0.859,0.046,0.095,breathable,specialty,18.7
2.64,22.28,6.84,0.315,0.76,0,0,1,35,43.1,7,3,1,1,0.598,0.214,0.188,ultra_high,laminate,244.9
0.0,98.82,6.57,0.027,0.0,0,0,3,35,59.5,180,4,1,0,0.277,0.368,0.356,ultra_high,barrier_film,411.4
36.02,29.32,4.78,0.872,1.56,0,1,8,2,65.8,30,3,0,3,0.37,0.134,0.496,high,laminate,518.4
18.9,13.36,6.74,0.808,1.59,0,1,1,20,62.2,14,2,0,3,0.192,0.664,0.145,high,polyester,111.1
94.98,0.0,3.6,0.991,0.69,0,1,4,25,39.2,180,4,1,3,0.555,0.267,0.178,medium,polyester,20.4
38.15,22.27,5.68,0.941,1.38,0,1,8,8,40.1,14,2,3,3,0.456,0.229,0.315,high,polyester,274.3
10.15,3.79,6.5,0.511,0.51,0,0,7,40,88.2,120,2,2,1,0.206,0.472,0.322,high,barrier_film,125.5
79.41,1.12,6.3,1.0,1.01,0,1,11,-18,47.9,14,3,3,3,0.11,0.253,0.636,medium,paper_based,377.1
31.5,2.78,5.22,0.957,0.0,0,1,1,40,39.2,7,0,1,5,0.019,0.499,0.483,low,polyolefin,15.2
3.68,19.9,6.65,0.427,0.24,0,0,7,40,85.6,90,4,3,0,0.322,0.574,0.103,ultra_high,laminate,161.3
5.07,12.97,5.76,0.433,0.0,0,0,7,35,50.7,21,0,3,0,0.474,0.505,0.022,ultra_high,laminate,286.9
92.04,0.0,3.93,0.991,32.79,1,1,10,4,83.4,7,0,0,3,0.197,0.324,0.479,breathable,specialty,45.1
7.27,0.87,6.25,0.474,1.97,0,0,0,35,62.1,7,3,2,1,0.128,0.023,0.849,high,bioplastic,139.2
3.98,21.22,7.57,0.313,0.0,0,0,1,30,52.1,120,1,1,1,0.341,0.65,0.009,ultra_high,barrier_film,514.1
3.34,33.63,5.81,0.233,0.57,0,0,6,30,54.2,180,1,1,6,0.302,0.547,0.152,ultra_high,barrier_film,375.6
0.04,100.0,6.64,0.103,0.0,0,0,3,35,81.7,7,0,1,0,0.048,0.59,0.362,ultra_high,laminate,120.6
92.16,1.18,6.82,0.986,67.12,1,1,10,20,90.1,14,3,2,4,0.086,0.494,0.421,breathable,specialty,2.9
100.0,3.03,7.21,1.0,0.46,0,1,8,-18,45.9,180,1,0,3,0.377,0.212,0.411,medium,polyolefin,374.7
9.3,13.4,5.71,0.365,0.0,0,0,7,25,49.1,180,0,1,0,0.429,0.117,0.455,ultra_high,barrier_film,520.9
72.16,0.35,2.88,0.985,0.0,0,1,4,30,42.0,365,2,2,3,0.313,0.293,0.394,medium,polyolefin,13.1
85.31,2.02,4.26,1.0,0.0,0,1,8,-10,69.2,180,0,1,3,0.023,0.649,0.328,medium,polyolefin,334.1
41.13,31.88,5.13,0.875,0.37,0,1,8,8,50.1,90,1,3,3,0.193,0.331,0.477,high,laminate,116.4
96.53,0.68,6.54,0.994,49.61,1,1,10,2,72.1,5,2,0,4,0.085,0.39,0.525,breathable,specialty,69.9
89.09,0.0,5.61,0.976,3.06,1,0,10,25,51.4,60,4,0,3,0.256,0.312,0.432,breathable,specialty,9.1
11.38,1.94,5.72,0.544,0.0,0,0,9,25,70.8,120,1,2,1,0.412,0.309,0.279,high,laminate,205.8
100.0,0.16,3.76,0.97,28.23,1,1,10,4,84.4,21,3,1,3,0.635,0.009,0.355,breathable,specialty,59.9
7.63,53.15,6.24,0.356,0.0,0,0,6,30,50.3,7,3,3,6,0.248,0.562,0.19,ultra_high,barrier_film,388.6
9.64,10.68,5.72,0.414,0.97,0,0,7,20,83.7,60,3,2,0,0.346,0.162,0.492,ultra_high,laminate,613.9
3.78,50.58,5.91,0.363,0.23,0,0,6,25,86.1,30,1,3,6,0.369,0.18,0.451,ultra_high,laminate,384.7
84.21,0.0,6.0,0.964,1.24,1,0,10,25,83.6,14,0,1,2,0.067,0.28,0.653,breathable,specialty,7.5
76.62,4.96,5.94,0.982,0.0,0,1,5,-18,36.8,14,2,0,3,0.108,0.163,0.729,medium,bioplastic,400.2
70.37,0.32,5.25,0.964,25.79,1,1,2,15,49.2,365,0,2,4,0.438,0.48,0.081,breathable,specialty,6.4
83.68,3.19,3.99,0.967,0.0,0,1,8,0,40.9,120,0,3,3,0.097,0.08,0.822,medium,bioplastic,113.6
9.37,14.21,5.98,0.418,0.0,0,0,7,20,77.1,90,0,2,0,0.168,0.46,0.371,ultra_high,barrier_film,804.1
78.74,3.15,4.61,0.973,0.55,0,1,8,-10,31.8,60,0,3,3,0.405,0.514,0.081,medium,polyolefin,287.4
12.87,4.76,6.56,0.628,0.8,0,0,9,30,39.0,3,2,3,3,0.431,0.237,0.331,medium,polyolefin,155.5
85.85,0.0,5.61,1.0,90.25,1,1,10,15,29.8,5,0,0,3,0.199,0.365,0.437,breathable,specialty,16.8
9.95,0.26,5.65,0.598,1.1,0,0,9,20,52.3,60,0,3,1,0.071,0.345,0.584,high,polyester,364.7
10.82,16.46,5.81,0.467,0.0,0,0,7,20,74.6,180,3,2,0,0.234,0.332,0.434,ultra_high,laminate,560.1
100.0,0.39,3.36,0.979,72.83,1,1,2,15,30.0,365,2,3,3,0.378,0.346,0.276,breathable,specialty,14.4
80.36,2.29,6.95,0.94,0.3,0,1,11,4,65.1,120,4,2,3,0.732,0.191,0.077,medium,polyester,28.3
9.75,6.3,6.81,0.555,0.0,0,0,0,35,49.2,5,4,2,1,0.048,0.513,0.438,high,laminate,177.9
82.56,0.0,1.97,1.0,0.01,0,0,4,40,35.0,365,3,1,0,0.495,0.101,0.405,medium,polyester,4.8
5.27,16.1,6.12,0.483,0.0,0,0,7,25,26.7,365,1,0,0,0.311,0.444,0.245,ultra_high,laminate,599.6
6.28,9.56,6.14,0.401,0.0,0,0,7,30,91.0,21,2,2,0,0.807,0.136,0.056,ultra_high,laminate,172.5
84.23,0.0,3.2,0.986,65.2,1,1,2,10,37.5,120,4,3,3,0.433,0.417,0.149,breathable,specialty,38.7
9.01,10.7,5.97,0.396,0.0,0,0,7,30,38.8,180,2,1,0,0.397,0.201,0.402,ultra_high,barrier_film,877.5
5.4,48.77,6.31,0.349,0.0,0,0,6,35,82.3,14,2,0,6,0.106,0.541,0.353,ultra_high,barrier_film,317.3
0.42,100.0,6.56,0.104,0.4,0,0,3,20,57.3,60,3,3,0,0.053,0.505,0.442,ultra_high,barrier_film,1097.9
3.78,40.68,6.29,0.364,0.0,0,0,6,40,26.3,30,0,3,6,0.549,0.044,0.407,ultra_high,laminate,214.0
78.21,0.45,6.55,0.967,51.02,1,1,10,10,87.4,14,3,0,4,0.433,0.336,0.231,breathable,specialty,23.2
8.64,10.55,6.33,0.428,0.0,0,0,7,30,73.8,120,3,1,0,0.323,0.171,0.506,ultra_high,barrier_film,383.8
14.75,1.17,6.66,0.518,0.56,0,0,9,35,80.3,180,0,2,1,0.151,0.368,0.48,high,polyester,108.0
72.33,1.45,5.14,0.93,19.36,1,1,2,25,28.0,180,4,1,4,0.193,0.432,0.374,breathable,specialty,3.8
7.73,12.58,5.01,0.389,0.0,0,0,7,25,57.7,5,2,0,0,0.279,0.188,0.533,ultra_high,laminate,616.9
12.73,2.63,6.03,0.517,1.52,0,0,7,20,54.1,21,3,0,1,0.385,0.278,0.337,high,laminate,420.3
48.87,25.61,5.94,0.95,0.05,0,1,8,-18,50.6,30,3,2,3,0.635,0.104,0.261,high,laminate,1213.9
0.0,100.0,6.99,0.0,0.69,0,0,3,35,59.2,21,4,3,0,0.207,0.79,0.003,ultra_high,laminate,239.9
0.0,100.0,6.47,0.0,1.71,0,0,3,20,42.4,7,3,3,0,0.353,0.472,0.176,ultra_high,laminate,729.4
85.78,3.76,4.27,0.981,0.0,0,1,8,0,49.4,60,0,1,3,0.351,0.358,0.291,medium,polyolefin,152.0
10.83,9.69,5.5,0.376,0.0,0,0,7,40,92.9,120,4,2,0,0.313,0.346,0.341,ultra_high,laminate,139.2
92.03,0.14,4.01,0.987,16.38,1,1,2,25,92.5,14,3,2,4,0.182,0.287,0.531,breathable,specialty,11.2
86.57,0.38,3.51,0.987,71.0,1,1,2,10,92.9,3,0,2,3,0.106,0.194,0.701,breathable,paper_based,25.0
6.78,16.73,5.8,0.455,0.15,0,0,7,30,84.4,180,3,2,0,0.514,0.147,0.339,ultra_high,laminate,191.1
11.7,0.13,6.51,0.577,0.04,0,0,9,40,67.4,7,3,3,1,0.244,0.136,0.62,high,bioplastic,160.3
91.52,0.0,3.71,0.98,0.0,0,1,4,35,78.9,7,2,3,3,0.514,0.085,0.401,medium,polyolefin,10.7
11.47,2.93,5.57,0.472,0.0,0,0,7,35,77.5,5,2,0,1,0.123,0.431,0.446,high,barrier_film,99.0
82.35,4.75,6.49,0.982,0.0,0,1,5,-18,62.9,14,2,3,3,0.497,0.082,0.421,medium,polyolefin,427.5
4.67,13.23,5.23,0.238,0.0,0,0,4,35,37.0,180,4,3,0,0.41,0.581,0.01,ultra_high,barrier_film,298.6
9.75,1.28,6.02,0.531,0.24,0,0,9,40,58.8,60,4,1,1,0.631,0.095,0.274,high,polyester,135.3
85.5,0.51,5.62,0.982,31.7,1,1,10,20,88.6,3,0,2,2,0.502,0.246,0.252,breathable,specialty,5.8
14.41,5.8,6.41,0.544,1.86,0,0,0,20,28.1,365,4,1,1,0.502,0.114,0.385,high,polyester,708.1
1.43,100.0,7.63,0.0,0.83,0,0,3,35,34.7,14,1,0,0,0.421,0.53,0.049,ultra_high,barrier_film,148.8
27.49,14.64,7.09,0.848,2.45,0,1,1,35,27.0,180,1,1,3,0.232,0.337,0.431,high,barrier_film,43.3
12.01,0.0,6.55,0.596,0.71,0,0,9,25,92.0,3,1,1,1,0.369,0.409,0.221,high,laminate,180.7
86.17,0.94,5.94,0.979,106.0,1,1,10,25,40.6,7,1,0,3,0.313,0.349,0.339,breathable,specialty,7.0
3.48,40.89,6.18,0.166,0.53,0,0,6,40,39.0,90,4,2,6,0.207,0.403,0.39,ultra_high,laminate,241.6
0.0,100.0,6.88,0.023,0.05,0,0,3,35,87.7,120,3,0,0,0.041,0.483,0.476,ultra_high,laminate,254.3
65.96,0.0,4.85,0.991,27.91,1,1,2,20,51.4,180,0,3,4,0.357,0.124,0.519,breathable,specialty,5.3
99.36,0.0,5.98,0.977,7.62,1,1,10,4,52.6,7,0,3,2,0.305,0.557,0.137,breathable,specialty,35.5
88.16,0.68,6.17,0.989,108.11,1,1,10,15,68.1,180,3,3,3,0.394,0.293,0.313,breathable,specialty,14.4
11.49,14.57,5.89,0.467,0.0,0,0,7,25,48.3,90,2,0,0,0.281,0.623,0.095,ultra_high,barrier_film,732.2
11.43,0.09,6.29,0.595,0.0,0,0,9,20,25.1,7,2,2,1,0.189,0.146,0.665,high,bioplastic,378.0
18.47,4.94,6.38,0.625,0.38,0,0,9,40,42.0,120,3,1,3,0.087,0.425,0.488,low,polyolefin,23.4
4.61,0.4,5.87,0.264,0.14,0,0,4,30,93.1,21,4,2,1,0.468,0.009,0.523,high,barrier_film,92.2
2.55,33.61,5.99,0.28,0.0,0,0,6,35,71.8,60,1,3,6,0.602,0.129,0.269,ultra_high,barrier_film,206.3
81.93,0.35,5.31,0.982,20.79,1,1,2,25,46.9,7,1,3,4,0.042,0.184,0.774,breathable,bioplastic,2.5
97.14,0.72,6.75,1.0,61.68,1,1,10,4,84.7,21,1,2,4,0.552,0.313,0.135,breathable,specialty,11.1
6.21,59.73,6.4,0.355,1.08,0,0,6,25,26.6,60,3,3,6,0.341,0.238,0.422,ultra_high,laminate,780.9
7.77,6.94,6.55,0.552,0.81,0,0,0,40,61.7,3,0,2,1,0.35,0.466,0.184,high,barrier_film,125.3
66.29,10.31,6.33,0.977,0.04,0,1,5,-10,50.2,5,0,2,3,0.443,0.553,0.004,high,laminate,49.2
40.83,36.06,5.29,0.917,0.47,0,1,8,-10,82.3,14,1,1,3,0.363,0.38,0.256,high,laminate,520.6
22.02,13.29,6.56,0.895,0.0,0,1,1,30,52.6,60,1,2,3,0.295,0.335,0.37,high,barrier_film,56.8
10.61,2.09,5.81,0.528,0.57,0,0,7,40,67.1,120,1,3,1,0.784,0.145,0.071,high,polyester,44.1
73.36,1.59,5.12,0.947,25.13,1,1,2,25,69.7,90,0,3,4,0.469,0.494,0.037,breathable,specialty,6.0
0.7,99.63,7.26,0.0,0.0,0,0,3,30,67.7,7,0,2,0,0.272,0.236,0.492,ultra_high,barrier_film,309.2
99.26,0.4,3.82,0.998,24.31,1,1,10,8,89.8,30,3,3,3,0.15,0.266,0.584,breathable,specialty,23.2
94.35,0.2,3.63,0.972,22.14,1,1,10,10,32.9,5,2,1,3,0.174,0.67,0.157,breathable,specialty,16.9
67.2,27.07,5.91,0.991,0.0,0,1,8,8,69.0,365,4,1,3,0.332,0.663,0.005,high,laminate,128.6
12.63,4.05,6.51,0.627,1.44,0,0,9,25,56.1,5,2,3,3,0.317,0.337,0.346,medium,polyester,319.0
3.33,31.45,6.12,0.192,0.0,0,0,6,40,93.2,180,4,3,6,0.556,0.075,0.369,ultra_high,barrier_film,100.2
22.93,15.68,6.35,0.809,0.09,0,1,1,25,60.0,180,2,2,3,0.385,0.176,0.44,high,polyester,38.3
7.41,16.69,5.79,0.405,0.51,0,0,7,35,39.0,60,2,2,0,0.322,0.212,0.466,ultra_high,barrier_film,335.0
100.0,3.17,4.18,0.998,0.0,0,1,8,4,67.0,30,4,0,3,0.423,0.327,0.25,medium,polyolefin,50.8
3.01,19.93,6.87,0.284,0.0,0,0,1,20,55.4,90,4,2,1,0.202,0.143,0.655,high,bioplastic,197.7
14.23,0.79,5.74,0.568,0.6,0,0,9,35,27.2,365,1,2,1,0.002,0.493,0.505,high,polyester,132.1
91.87,0.47,5.94,0.963,10.59,1,1,10,10,70.6,180,4,2,2,0.499,0.406,0.095,breathable,specialty,29.4
96.5,0.0,4.61,0.977,23.07,1,1,10,10,41.2,30,2,0,3,0.263,0.452,0.285,breathable,specialty,19.9
91.32,0.97,6.78,1.0,45.72,1,1,10,15,35.9,30,2,2,4,0.554,0.253,0.193,breathable,specialty,16.7
81.35,0.6,3.68,0.999,52.31,1,1,2,25,56.6,180,2,3,3,0.15,0.104,0.747,breathable,bioplastic,7.7
1.45,100.0,6.5,0.097,0.0,0,0,3,35,30.4,7,1,1,0,0.141,0.321,0.538,ultra_high,laminate,283.0
31.07,31.91,4.86,0.859,0.0,0,1,8,0,71.9,30,0,1,3,0.22,0.14,0.64,high,bioplastic,279.1
0.59,31.78,6.19,0.193,0.0,0,0,6,25,67.2,180,0,2,6,0.026,0.367,0.606,ultra_high,laminate,371.4
71.09,2.68,4.77,0.976,1.0,0,1,8,4,29.0,7,1,1,3,0.652,0.305,0.043,medium,polyester,60.3
1.4,100.0,7.06,0.0,0.0,0,0,3,20,32.6,3,0,1,0,0.281,0.189,0.53,ultra_high,laminate,603.0
96.2,0.0,5.95,0.955,8.31,1,1,10,20,92.1,14,4,0,2,0.506,0.087,0.407,breathable,specialty,8.3
97.98,0.11,5.62,0.961,2.48,1,0,10,25,32.8,120,1,1,3,0.276,0.406,0.318,breathable,specialty,6.5
77.82,1.04,4.28,1.0,21.03,1,1,2,4,69.3,7,0,3,4,0.652,0.157,0.191,breathable,specialty,40.8
96.88,0.0,5.41,1.0,17.38,1,1,2,8,57.9,60,2,2,4,0.325,0.584,0.091,breathable,specialty,41.4
4.88,13.05,5.56,0.168,0.0,0,0,4,30,91.7,30,1,2,0,0.338,0.328,0.334,ultra_high,barrier_film,212.7
1.91,38.77,6.17,0.171,0.0,0,0,6,35,62.6,3,3,0,6,0.398,0.489,0.113,ultra_high,barrier_film,332.9
9.23,15.41,5.55,0.39,0.16,0,0,7,35,78.4,5,3,2,0,0.7,0.055,0.245,ultra_high,barrier_film,288.2
42.65,3.1,5.42,0.926,0.67,0,1,1,35,60.1,21,3,2,5,0.427,0.106,0.467,low,polyolefin,20.0
90.28,0.0,5.8,1.0,25.27,1,1,10,20,52.9,5,3,0,2,0.587,0.363,0.051,breathable,specialty,6.9
73.38,0.29,4.9,0.948,22.68,1,1,2,20,55.1,90,0,2,4,0.5,0.369,0.131,breathable,specialty,8.9
10.27,10.26,5.66,0.411,0.0,0,0,7,35,62.3,7,2,3,0,0.877,0.048,0.075,ultra_high,laminate,464.4
95.14,0.38,3.64,0.959,7.98,1,1,2,4,29.3,30,0,1,2,0.426,0.26,0.313,breathable,specialty,19.6
10.16,0.84,6.25,0.551,0.0,0,0,9,35,46.3,180,4,3,1,0.487,0.324,0.189,high,polyester,184.4
12.49,1.11,5.79,0.531,0.0,0,0,9,25,50.8,7,3,2,1,0.252,0.149,0.599,high,laminate,388.7
11.42,0.65,6.12,0.571,0.0,0,0,9,25,44.8,90,4,1,1,0.324,0.322,0.354,high,laminate,261.3
3.86,0.69,5.84,0.27,0.0,0,0,4,40,54.7,30,3,0,1,0.321,0.245,0.433,high,barrier_film,115.1
0.0,88.11,7.21,0.008,0.0,0,0,3,25,87.7,30,4,3,0,0.427,0.465,0.108,ultra_high,barrier_film,472.7
2.67,45.71,6.06,0.365,0.08,0,0,6,35,77.4,180,0,0,6,0.493,0.046,0.461,ultra_high,barrier_film,173.9
2.0,40.26,6.33,0.183,0.0,0,0,6,40,35.8,7,0,1,6,0.112,0.549,0.339,ultra_high,laminate,306.1
4.36,16.14,5.34,0.19,0.2,0,0,4,25,39.4,365,3,2,0,0.552,0.358,0.09,ultra_high,laminate,906.8
7.91,9.83,5.46,0.382,2.02,0,0,7,40,87.0,5,4,1,0,0.306,0.325,0.369,ultra_high,barrier_film,173.0
1.81,37.93,6.19,0.2,0.01,0,0,6,20,63.3,120,2,3,6,0.041,0.452,0.507,ultra_high,barrier_film,1011.1
6.45,2.8,5.91,0.509,0.31,0,0,7,35,88.4,60,4,3,1,0.29,0.34,0.37,high,laminate,125.7
79.51,2.55,6.47,0.997,0.0,0,1,11,4,41.5,180,1,3,3,0.266,0.352,0.382,medium,polyolefin,116.6
100.0,0.0,2.6,0.983,0.96,0,0,4,20,27.8,7,2,2,0,0.161,0.317,0.522,medium,paper_based,8.3
90.28,0.14,3.85,0.96,9.82,1,1,2,25,35.0,90,0,3,3,0.049,0.408,0.543,breathable,specialty,6.0
63.78,25.86,5.15,0.984,0.02,0,1,8,2,81.0,7,3,0,3,0.121,0.476,0.402,high,laminate,34.5
35.61,34.1,5.26,0.89,1.11,0,1,8,-18,61.7,120,1,3,3,0.404,0.356,0.24,high,laminate,2728.7
5.96,16.29,5.35,0.418,0.12,0,0,7,30,33.2,120,0,1,0,0.307,0.324,0.369,ultra_high,barrier_film,743.3
77.67,0.0,2.72,0.992,1.69,0,0,4,40,47.4,60,4,2,0,0.188,0.602,0.211,medium,polyolefin,6.4
92.87,0.46,6.58,1.0,64.42,1,1,10,25,56.6,5,1,1,4,0.111,0.49,0.398,breathable,specialty,4.5
40.48,2.97,4.93,0.964,0.0,0,1,1,35,70.4,365,2,1,5,0.425,0.304,0.271,low,polyolefin,26.7
100.0,0.46,6.12,0.993,64.71,1,1,10,2,77.2,3,3,1,4,0.199,0.204,0.597,breathable,specialty,35.3
0.16,88.58,6.33,0.118,0.51,0,0,3,35,64.1,365,0,0,0,0.532,0.213,0.255,ultra_high,barrier_film,452.8
25.91,17.1,6.58,0.839,0.0,0,1,1,35,35.7,21,1,2,3,0.165,0.789,0.045,high,laminate,31.8
65.64,0.96,6.46,0.938,0.6,0,1,11,2,73.9,3,2,0,3,0.49,0.419,0.091,medium,polyester,75.3
0.68,91.53,6.73,0.084,0.0,0,0,3,30,59.0,180,0,2,0,0.351,0.146,0.504,ultra_high,barrier_film,354.4
11.88,2.26,6.12,0.545,0.0,0,0,9,40,47.7,30,4,3,1,0.008,0.32,0.672,high,paper_based,135.3
0.0,100.0,7.24,0.0,0.0,0,0,3,30,31.7,90,3,0,0,0.144,0.414,0.443,ultra_high,laminate,634.3
12.0,1.21,5.74,0.548,0.13,0,0,9,35,37.2,60,1,1,1,0.482,0.327,0.191,high,laminate,197.2
94.23,0.38,4.07,0.964,8.26,1,1,2,25,93.3,14,2,3,3,0.527,0.104,0.369,breathable,specialty,3.6
27.77,15.57,6.2,0.869,0.0,0,1,1,40,77.6,21,2,3,3,0.455,0.274,0.272,high,laminate,28.1
88.87,0.7,3.81,1.0,0.43,0,1,4,40,50.7,21,0,1,3,0.306,0.418,0.277,medium,polyester,5.3
100.0,4.41,7.29,0.975,0.21,0,1,8,4,35.7,5,3,2,3,0.794,0.085,0.121,medium,polyester,161.7
72.59,3.54,6.66,0.996,0.5,0,1,8,8,45.1,90,3,2,3,0.599,0.021,0.38,medium,polyester,65.3
85.03,3.16,6.68,0.981,1.52,0,1,8,0,38.1,7,4,1,3,0.168,0.253,0.579,medium,bioplastic,92.8
100.0,0.0,3.84,1.0,27.18,1,1,10,8,72.9,180,0,0,3,0.356,0.479,0.165,breathable,specialty,30.7
88.47,0.29,3.49,0.982,0.0,0,1,4,20,38.7,21,1,2,3,0.238,0.358,0.404,medium,polyester,40.7
0.0,100.0,6.63,0.006,1.0,0,0,3,30,91.8,7,0,0,0,0.401,0.501,0.098,ultra_high,laminate,59.3
100.0,0.67,3.37,0.995,43.72,1,1,2,2,65.0,120,4,0,3,0.194,0.435,0.371,breathable,specialty,45.7
5.43,54.1,5.7,0.337,0.63,0,0,6,30,60.9,120,1,0,6,0.561,0.112,0.327,ultra_high,barrier_film,99.8
7.08,14.8,5.51,0.22,0.25,0,0,4,40,33.7,180,0,3,0,0.586,0.217,0.197,ultra_high,laminate,236.4
100.0,0.35,6.0,1.0,7.9,1,1,10,2,62.9,5,2,3,2,0.426,0.178,0.397,breathable,specialty,34.3
76.67,1.17,6.29,0.994,66.9,1,1,10,4,25.5,60,0,1,4,0.237,0.451,0.311,breathable,specialty,64.7
89.39,0.0,2.55,1.0,0.09,0,0,4,20,31.8,180,4,3,0,0.285,0.138,0.577,medium,paper_based,39.4
0.0,100.0,7.51,0.0,0.0,0,0,3,25,92.5,14,1,3,0,0.573,0.381,0.046,ultra_high,barrier_film,404.9
59.22,0.0,5.4,0.982,22.68,1,1,2,4,39.3,21,1,0,4,0.425,0.194,0.381,breathable,specialty,37.8
2.35,14.53,5.22,0.238,0.53,0,0,4,40,83.0,3,4,3,0,0.556,0.328,0.117,ultra_high,laminate,107.4
9.91,2.53,6.15,0.5,0.0,0,0,7,40,59.0,3,1,2,1,0.523,0.115,0.362,high,laminate,86.9
9.56,0.43,5.69,0.616,0.0,0,0,9,25,68.7,3,0,2,1,0.284,0.266,0.45,medium,polyolefin,151.9
6.75,0.91,6.72,0.495,0.0,0,0,0,20,42.2,3,3,1,1,0.67,0.251,0.08,high,polyester,409.8
88.24,0.7,5.64,0.96,2.0,1,0,10,25,27.6,30,3,1,3,0.363,0.36,0.277,breathable,specialty,3.3
73.35,0.45,4.04,0.982,8.78,1,1,2,10,30.4,5,4,1,3,0.405,0.388,0.207,breathable,specialty,20.3
8.65,1.32,6.47,0.533,0.0,0,0,0,40,90.0,21,1,3,1,0.359,0.44,0.201,high,barrier_film,99.8
8.82,0.68,7.08,0.498,0.0,0,0,0,35,32.4,3,1,0,1,0.503,0.049,0.448,high,polyester,203.4
100.0,0.04,6.22,1.0,71.45,1,1,10,20,27.5,365,3,1,4,0.367,0.364,0.268,breathable,specialty,4.4
3.04,51.05,5.2,0.367,0.0,0,0,6,40,68.8,5,3,2,6,0.563,0.338,0.099,ultra_high,barrier_film,214.4
74.92,1.22,4.73,0.951,27.33,1,1,2,10,94.6,90,0,0,4,0.361,0.128,0.512,breathable,specialty,11.2
2.87,56.76,5.94,0.362,0.74,0,0,6,40,79.4,60,3,2,6,0.465,0.396,0.139,ultra_high,barrier_film,145.1
8.53,14.34,5.81,0.47,0.48,0,0,7,20,79.7,90,1,2,0,0.469,0.347,0.183,ultra_high,barrier_film,472.7
6.14,1.35,5.55,0.264,0.42,0,0,4,40,72.1,90,0,0,1,0.483,0.462,0.055,high,barrier_film,133.0
7.87,9.31,5.9,0.404,0.0,0,0,7,30,89.1,180,2,2,0,0.222,0.709,0.069,ultra_high,laminate,304.9
93.79,0.0,6.66,0.982,61.25,1,1,10,15,91.8,90,2,3,4,0.31,0.321,0.368,breathable,specialty,13.6
83.29,0.63,6.45,1.0,59.02,1,1,10,2,48.7,120,4,1,4,0.039,0.435,0.527,breathable,specialty,15.3
30.08,14.44,6.1,0.846,1.43,0,1,1,20,62.1,180,0,0,3,0.213,0.085,0.702,high,paper_based,133.9
91.98,0.11,3.19,0.968,1.22,0,1,4,30,91.5,21,1,2,3,0.413,0.211,0.376,medium,polyolefin,17.4
81.9,10.0,6.18,0.985,0.85,0,1,5,2,25.9,3,3,0,3,0.151,0.297,0.552,medium,bioplastic,162.9
3.78,26.66,6.09,0.26,0.0,0,0,6,20,70.8,60,3,3,6,0.329,0.114,0.557,ultra_high,laminate,479.8
3.2,46.23,6.24,0.357,0.07,0,0,6,25,25.5,3,0,1,6,0.007,0.518,0.475,ultra_high,laminate,371.9
67.19,9.96,5.46,0.965,0.0,0,1,5,2,92.4,180,1,1,3,0.487,0.491,0.022,medium,polyester,20.6
81.03,2.59,6.13,0.973,0.0,0,1,11,0,66.7,90,3,1,3,0.469,0.191,0.339,medium,polyolefin,86.4
8.29,3.33,5.73,0.509,0.0,0,0,7,40,68.8,7,4,0,1,0.326,0.383,0.292,high,polyester,111.9
94.15,0.72,3.51,0.998,69.58,1,1,2,10,77.5,14,0,1,3,0.433,0.485,0.082,breathable,specialty,27.4
94.65,3.4,7.36,0.993,0.21,0,1,8,2,78.8,21,0,3,3,0.621,0.104,0.274,medium,polyester,72.0
84.69,2.52,4.53,1.0,0.52,0,1,8,4,74.8,3,0,2,3,0.188,0.415,0.397,medium,polyolefin,62.7
83.7,0.42,6.66,0.99,51.75,1,1,10,10,39.4,120,1,3,4,0.48,0.442,0.078,breathable,specialty,31.7
81.29,0.96,5.68,0.989,25.55,1,1,10,25,83.4,3,0,2,2,0.728,0.161,0.111,breathable,specialty,9.7
84.34,0.52,3.65,0.971,9.2,1,1,2,25,73.0,14,4,2,2,0.492,0.322,0.186,breathable,specialty,9.2
2.85,29.66,5.68,0.255,0.0,0,0,6,30,87.0,365,0,3,6,0.202,0.3,0.498,ultra_high,laminate,330.1
50.5,29.62,5.64,0.983,0.27,0,1,8,0,58.5,365,4,1,3,0.278,0.427,0.296,high,barrier_film,431.7
0.81,93.59,7.27,0.09,0.0,0,0,3,40,41.6,21,1,1,0,0.155,0.4,0.445,ultra_high,barrier_film,136.2
3.6,0.12,5.45,0.243,0.0,0,0,4,20,71.6,120,2,3,1,0.307,0.314,0.379,high,polyester,335.9
12.13,3.04,6.35,0.477,0.0,0,0,7,20,59.4,365,3,1,1,0.241,0.253,0.506,high,laminate,486.6
1.4,35.84,5.58,0.184,1.37,0,0,6,25,72.6,30,1,2,6,0.215,0.598,0.187,ultra_high,laminate,420.0
85.72,3.75,4.09,1.0,0.72,0,1,8,4,49.8,180,2,2,3,0.382,0.61,0.008,medium,polyolefin,58.6
86.19,0.0,2.45,0.995,0.07,0,0,4,20,31.0,365,1,3,0,0.222,0.224,0.554,medium,bioplastic,24.2
26.53,17.25,6.79,0.895,0.63,0,1,1,35,56.4,180,1,0,3,0.494,0.242,0.264,high,polyester,64.6
6.18,13.55,5.41,0.368,0.0,0,0,7,25,58.0,21,2,3,0,0.3,0.293,0.407,ultra_high,laminate,429.1
0.0,100.0,7.78,0.034,0.49,0,0,3,40,74.9,3,4,1,0,0.171,0.538,0.29,ultra_high,barrier_film,100.6
81.49,1.01,3.69,0.951,5.33,1,1,2,25,53.8,21,3,1,2,0.246,0.441,0.313,breathable,specialty,4.5
10.94,25.86,6.26,0.453,0.0,0,0,7,20,72.6,14,3,2,0,0.334,0.249,0.417,ultra_high,laminate,698.9
9.25,6.65,6.28,0.56,0.06,0,0,0,25,80.8,30,0,1,1,0.432,0.387,0.181,high,polyester,244.7
92.55,1.83,4.55,1.0,0.0,0,1,8,0,55.8,120,3,2,3,0.74,0.101,0.159,medium,polyolefin,57.4
79.13,2.02,6.3,0.986,0.7,0,1,11,0,57.7,60,0,2,3,0.425,0.052,0.523,medium,paper_based,70.3
5.65,50.15,6.11,0.354,0.81,0,0,6,20,94.9,14,4,3,6,0.247,0.439,0.313,ultra_high,barrier_film,413.3
5.63,15.82,4.94,0.195,0.24,0,0,4,40,68.6,14,1,1,0,0.255,0.517,0.228,ultra_high,barrier_film,310.2
74.16,2.77,6.51,0.985,0.0,0,1,11,2,37.3,120,0,0,3,0.035,0.455,0.51,medium,paper_based,92.4
82.82,0.05,5.73,0.975,1.98,1,0,10,2,65.6,21,4,0,2,0.57,0.292,0.138,breathable,specialty,31.4
10.65,3.15,6.21,0.466,0.39,0,0,7,35,76.8,90,0,3,1,0.273,0.278,0.449,high,polyester,154.6
83.53,0.21,6.8,1.0,71.11,1,1,10,20,89.0,30,0,3,4,0.27,0.316,0.414,breathable,specialty,19.7
11.3,1.77,6.22,0.534,0.0,0,0,9,20,76.1,21,0,0,1,0.213,0.368,0.42,high,polyester,622.6
63.35,10.96,5.44,1.0,0.0,0,1,5,2,30.4,5,1,3,3,0.32,0.329,0.351,high,polyester,158.2
43.9,22.43,6.1,0.963,0.0,0,1,8,-18,30.1,120,3,0,3,0.084,0.065,0.851,high,bioplastic,1394.9
85.72,0.0,3.09,0.97,0.0,0,0,4,20,38.7,30,2,3,0,0.038,0.588,0.373,medium,polyester,40.2
84.27,0.45,2.61,0.97,0.0,0,0,4,20,86.4,3,4,3,0,0.252,0.355,0.394,medium,polyester,37.6
8.34,15.47,6.02,0.412,0.03,0,0,7,20,59.7,21,0,0,0,0.447,0.413,0.14,ultra_high,laminate,906.7
1.66,12.9,4.98,0.236,0.0,0,0,4,35,69.3,30,2,2,0,0.472,0.203,0.326,ultra_high,laminate,157.3
12.09,2.03,6.55,0.508,0.0,0,0,7,30,56.9,60,4,1,1,0.409,0.285,0.306,high,laminate,233.6
14.77,7.33,6.65,0.555,0.0,0,0,0,40,49.6,90,3,3,1,0.396,0.498,0.105,high,polyester,89.8
43.62,21.86,5.87,0.958,1.95,0,1,8,0,64.0,7,4,3,3,0.377,0.554,0.069,high,laminate,540.6
95.99,0.85,3.44,0.97,9.05,1,1,2,2,22.9,60,3,1,2,0.25,0.31,0.441,breathable,specialty,44.4
89.13,2.15,6.49,1.0,3.05,0,1,11,8,54.8,90,0,0,3,0.52,0.235,0.245,medium,polyolefin,66.0
96.6,0.38,6.68,0.96,8.52,1,1,10,4,54.6,7,2,1,2,0.208,0.207,0.585,breathable,specialty,28.6
69.43,0.09,3.09,0.976,6.01,1,1,2,10,36.4,5,2,0,2,0.561,0.135,0.304,breathable,specialty,31.2
10.27,3.2,5.93,0.476,0.0,0,0,7,30,72.2,180,1,2,1,0.123,0.234,0.643,high,bioplastic,197.5
100.0,0.09,7.04,0.969,60.64,1,1,10,25,51.4,365,0,2,4,0.244,0.366,0.39,breathable,specialty,5.4
9.72,4.99,6.69,0.586,0.0,0,0,0,40,91.2,120,1,2,1,0.827,0.132,0.04,high,laminate,96.9
96.99,0.88,3.78,0.978,24.96,1,1,10,2,78.8,3,0,3,3,0.678,0.217,0.105,breathable,specialty,44.6
0.03,89.32,7.06,0.018,0.0,0,0,3,30,89.9,30,1,3,0,0.354,0.495,0.15,ultra_high,laminate,419.6
72.04,9.49,5.61,1.0,0.61,0,1,5,0,31.9,5,3,1,3,0.527,0.177,0.296,medium,polyolefin,105.2
86.72,2.68,7.28,1.0,0.0,0,1,11,2,61.2,3,4,1,3,0.165,0.536,0.299,medium,polyolefin,165.6
77.32,0.09,5.02,0.997,26.79,1,1,2,15,56.4,180,1,0,4,0.108,0.596,0.295,breathable,specialty,23.2
82.61,0.35,3.5,0.985,61.76,1,1,2,2,77.7,5,0,3,3,0.262,0.678,0.06,breathable,specialty,18.0
59.42,24.03,5.57,0.974,0.11,0,1,8,4,91.1,90,0,0,3,0.178,0.285,0.537,high,barrier_film,440.3
4.76,21.83,6.95,0.297,0.3,0,0,1,25,90.1,365,2,1,1,0.357,0.431,0.212,ultra_high,barrier_film,378.6
1.67,100.0,5.93,0.098,0.0,0,0,3,25,30.5,30,4,1,0,0.377,0.211,0.412,ultra_high,laminate,419.5
8.5,9.85,6.18,0.393,0.34,0,0,7,40,51.6,21,4,0,0,0.175,0.265,0.56,ultra_high,laminate,94.2
79.75,1.99,6.48,0.995,0.0,0,1,11,-18,56.5,3,1,3,3,0.441,0.386,0.173,medium,polyolefin,385.7
2.4,22.21,7.49,0.353,0.3,0,0,1,25,88.8,365,4,1,1,0.183,0.713,0.104,ultra_high,barrier_film,435.7
68.78,4.87,5.91,0.998,0.0,0,1,5,-10,38.0,3,2,2,3,0.208,0.482,0.311,medium,polyester,205.9
64.88,3.76,4.43,0.983,0.0,0,1,8,-10,41.7,21,2,1,3,0.324,0.232,0.444,medium,polyester,346.4
11.2,13.71,5.4,0.409,0.0,0,0,7,35,81.5,14,3,0,0,0.206,0.475,0.318,ultra_high,laminate,195.4
89.14,1.93,6.74,0.964,1.46,0,1,11,4,87.8,365,2,2,3,0.388,0.483,0.129,medium,polyester,101.2
37.39,37.73,5.02,0.92,0.0,0,1,8,4,60.2,90,3,2,3,0.376,0.243,0.382,high,barrier_film,521.8
56.8,0.36,4.45,0.998,26.9,1,1,10,2,60.2,365,4,2,3,0.47,0.432,0.098,breathable,specialty,68.4
80.28,0.0,3.26,0.991,8.53,1,1,2,2,40.2,180,0,2,2,0.194,0.611,0.195,breathable,specialty,58.7
9.78,6.0,7.34,0.578,0.0,0,0,0,40,59.2,5,3,2,1,0.012,0.455,0.533,high,polyester,169.0
5.23,48.74,6.18,0.342,0.0,0,0,6,35,69.4,180,3,3,6,0.147,0.313,0.54,ultra_high,laminate,217.3
96.38,0.0,3.09,0.996,60.91,1,1,2,8,71.8,60,4,3,3,0.327,0.321,0.352,breathable,specialty,18.3
98.04,0.0,2.51,1.0,0.0,0,0,4,35,58.8,3,0,0,0,0.385,0.192,0.424,medium,polyolefin,8.0
85.63,0.0,6.28,0.982,21.96,1,1,10,15,71.3,120,4,3,2,0.489,0.023,0.488,breathable,specialty,13.2
100.0,0.09,6.54,0.988,139.5,1,1,10,15,44.1,14,1,3,3,0.042,0.731,0.227,breathable,specialty,13.6
92.43,2.38,4.58,0.957,0.0,0,1,8,0,82.4,30,4,3,3,0.372,0.233,0.395,medium,polyolefin,178.8
6.47,16.68,5.98,0.434,0.0,0,0,7,30,80.8,3,1,2,0,0.533,0.439,0.028,ultra_high,laminate,287.9
8.57,0.25,6.3,0.489,0.2,0,0,0,30,34.2,14,3,2,1,0.028,0.735,0.237,high,laminate,189.3
2.41,40.53,5.79,0.215,0.6,0,0,6,20,44.4,60,4,3,6,0.039,0.682,0.279,ultra_high,barrier_film,838.6
10.32,1.54,6.28,0.535,0.0,0,0,9,35,43.9,7,2,0,1,0.672,0.042,0.286,high,barrier_film,148.0
0.49,36.37,6.17,0.24,1.0,0,0,6,35,48.5,60,3,0,6,0.464,0.415,0.121,ultra_high,barrier_film,428.3
0.0,100.0,6.57,0.0,0.0,0,0,3,30,85.1,5,0,0,0,0.402,0.579,0.019,ultra_high,barrier_film,287.9
0.0,100.0,7.23,0.0,0.83,0,0,3,35,37.7,120,1,1,0,0.09,0.022,0.888,ultra_high,bioplastic,392.3
4.87,18.53,6.91,0.278,0.0,0,0,1,20,86.8,30,1,3,1,0.035,0.926,0.039,high,laminate,366.1
38.07,2.82,6.0,0.97,0.0,0,1,1,20,35.7,180,1,1,5,0.069,0.29,0.641,low,bioplastic,39.8
62.61,10.23,5.58,0.971,0.0,0,1,5,8,84.3,14,1,3,3,0.01,0.544,0.447,high,polyester,19.2
58.13,9.2,5.45,0.966,0.53,0,1,5,-18,87.6,60,2,0,3,0.265,0.485,0.249,low,polyolefin,554.1
5.28,14.82,5.3,0.399,0.76,0,0,7,30,60.2,14,3,2,0,0.005,0.508,0.486,ultra_high,barrier_film,453.4
76.17,5.16,6.35,0.991,0.0,0,1,5,4,41.8,365,3,2,3,0.264,0.585,0.151,medium,polyolefin,69.7
16.05,0.49,6.79,0.484,0.0,0,0,0,40,34.6,3,1,1,1,0.384,0.021,0.596,high,laminate,12.1
11.57,3.57,6.03,0.49,0.0,0,0,7,20,41.6,180,4,3,1,0.615,0.14,0.244,high,barrier_film,564.3
69.95,4.05,4.27,0.979,0.0,0,1,8,0,47.7,3,1,3,3,0.24,0.334,0.426,medium,polyolefin,149.3
9.5,22.05,6.14,0.478,0.0,0,0,7,35,69.1,7,0,2,0,0.515,0.092,0.393,ultra_high,laminate,312.7
7.57,16.18,5.37,0.464,0.0,0,0,7,35,73.9,90,1,1,0,0.393,0.441,0.167,ultra_high,barrier_film,279.6
95.62,3.02,6.11,0.993,0.46,0,1,8,-10,63.3,21,1,2,3,0.262,0.075,0.663,medium,paper_based,179.1
36.18,27.29,5.14,0.893,1.11,0,1,8,-10,27.7,120,0,3,3,0.282,0.387,0.331,high,laminate,1083.2
63.14,27.71,6.27,0.973,0.0,0,1,8,4,83.7,5,2,0,3,0.283,0.151,0.566,high,laminate,119.8
14.58,3.19,5.41,0.524,0.0,0,0,7,25,52.3,30,4,0,1,0.342,0.244,0.413,high,polyester,470.4
8.94,3.81,5.66,0.507,0.0,0,0,7,25,50.1,21,0,1,1,0.562,0.295,0.143,high,polyester,188.3
65.32,4.61,6.31,0.991,0.0,0,1,5,0,72.6,21,4,2,3,0.261,0.417,0.322,medium,polyolefin,164.3
74.63,0.2,5.68,0.954,0.3,1,0,10,2,42.7,30,2,1,2,0.311,0.055,0.634,breathable,specialty,33.9
0.0,97.96,6.83,0.033,2.47,0,0,3,35,35.4,365,3,3,0,0.447,0.382,0.171,ultra_high,barrier_film,379.3
90.03,0.88,6.7,0.974,133.78,1,1,10,8,50.8,120,1,2,3,0.256,0.474,0.269,breathable,specialty,27.4
97.94,0.26,4.76,0.961,25.8,1,1,10,20,62.8,60,3,0,2,0.21,0.46,0.33,breathable,specialty,19.3
5.39,47.9,6.01,0.344,0.34,0,0,6,30,53.2,365,3,2,6,0.455,0.059,0.486,ultra_high,barrier_film,339.9
2.7,30.62,6.42,0.239,0.02,0,0,6,35,31.1,120,4,2,6,0.116,0.032,0.852,ultra_high,bioplastic,251.1
3.17,31.14,6.45,0.274,0.28,0,0,6,30,31.6,3,4,1,6,0.333,0.345,0.322,ultra_high,barrier_film,516.3
100.0,0.0,5.79,0.964,22.03,1,1,10,20,27.3,120,4,1,2,0.536,0.162,0.302,breathable,specialty,4.1
35.69,29.52,5.21,0.941,1.32,0,1,8,8,26.3,120,1,2,3,0.327,0.103,0.57,high,polyester,238.1
72.59,5.79,5.99,0.998,1.1,0,1,5,4,40.6,365,1,3,3,0.188,0.341,0.471,medium,polyolefin,33.2
0.61,30.9,5.87,0.276,0.48,0,0,6,35,82.6,5,2,2,6,0.497,0.309,0.194,ultra_high,barrier_film,268.0
10.73,2.53,5.89,0.489,0.0,0,0,7,35,97.0,180,0,3,1,0.241,0.593,0.166,high,laminate,74.6
85.48,0.13,3.99,0.969,9.34,1,1,2,4,44.0,365,1,2,3,0.175,0.463,0.362,breathable,specialty,58.7
8.33,1.56,6.09,0.606,0.0,0,0,9,40,59.0,90,2,2,1,0.556,0.147,0.297,medium,polyolefin,84.8
7.12,19.85,5.55,0.472,2.43,0,0,7,35,65.8,60,4,0,0,0.142,0.744,0.114,ultra_high,laminate,350.5
71.17,4.68,6.19,1.0,0.23,0,1,5,-10,43.0,90,0,2,3,0.395,0.232,0.373,medium,polyester,283.9
95.86,0.51,5.89,0.996,22.42,1,1,10,20,31.0,30,1,0,2,0.633,0.091,0.275,breathable,specialty,5.5
91.97,0.0,2.64,1.0,0.57,0,0,4,40,51.3,3,4,0,0,0.361,0.391,0.248,medium,polyester,5.2
82.04,4.7,6.39,0.99,0.0,0,1,5,8,30.3,21,1,1,3,0.573,0.136,0.291,medium,polyester,51.6
87.55,0.5,3.61,0.998,43.37,1,1,2,25,91.5,21,4,3,3,0.258,0.463,0.28,breathable,specialty,6.4
79.89,0.96,5.62,0.986,24.19,1,1,10,15,92.5,14,0,2,2,0.338,0.004,0.658,breathable,specialty,10.6
90.0,3.6,7.06,1.0,1.2,0,1,8,-10,35.2,60,4,3,3,0.156,0.622,0.222,medium,polyolefin,638.5
14.31,4.64,6.47,0.658,0.57,0,0,9,20,41.7,60,3,3,3,0.127,0.619,0.254,medium,polyester,225.2
7.8,15.27,6.02,0.435,0.0,0,0,7,35,62.4,7,0,1,0,0.366,0.436,0.198,ultra_high,laminate,246.2
100.0,0.26,3.98,0.958,10.36,1,1,2,15,56.6,3,3,0,2,0.377,0.467,0.156,breathable,specialty,16.9
85.26,1.77,7.08,0.97,0.99,0,1,11,0,82.6,14,4,1,3,0.01,0.542,0.448,medium,polyolefin,121.0
2.88,33.74,6.22,0.335,0.0,0,0,6,35,70.2,21,1,1,6,0.127,0.394,0.48,ultra_high,laminate,233.2
8.81,6.39,6.15,0.59,0.0,0,0,0,20,41.3,3,2,0,1,0.041,0.415,0.544,high,polyester,534.9
10.0,23.74,6.11,0.469,0.0,0,0,7,35,41.7,14,0,2,0,0.358,0.395,0.247,ultra_high,laminate,161.8
74.54,0.0,3.44,1.0,8.87,1,1,2,10,29.9,365,1,0,2,0.548,0.006,0.446,breathable,specialty,24.6
79.77,1.05,5.23,0.962,22.11,1,1,10,25,35.1,365,4,3,2,0.536,0.406,0.059,breathable,specialty,4.8
22.26,16.12,6.9,0.856,0.0,0,1,1,40,40.2,3,0,0,3,0.388,0.314,0.298,high,polyester,41.5
3.77,34.43,6.36,0.262,0.97,0,0,6,35,29.9,120,4,2,6,0.314,0.039,0.647,ultra_high,barrier_film,378.6
97.85,0.34,6.67,1.0,46.99,1,1,10,25,60.9,30,0,2,4,0.271,0.502,0.227,breathable,specialty,6.6
79.91,0.0,6.12,0.998,63.88,1,1,10,25,37.2,365,3,0,4,0.607,0.308,0.086,breathable,specialty,7.1
1.33,88.45,6.98,0.001,0.0,0,0,3,40,26.8,120,0,3,0,0.519,0.455,0.026,ultra_high,barrier_film,145.4
98.01,1.67,6.94,0.962,0.0,0,1,11,2,89.5,90,0,0,3,0.134,0.588,0.277,medium,polyolefin,19.4
85.36,0.38,5.49,0.942,1.18,1,0,10,10,28.2,90,3,1,2,0.185,0.491,0.324,breathable,specialty,16.6
100.0,0.04,5.67,0.975,2.78,1,0,10,4,44.7,60,1,3,3,0.339,0.316,0.345,breathable,specialty,28.5
78.6,0.41,4.27,0.983,26.7,1,1,2,20,56.6,14,2,0,4,0.277,0.412,0.311,breathable,specialty,5.7
6.4,10.01,5.39,0.441,1.34,0,0,7,30,78.1,120,2,1,0,0.399,0.246,0.355,ultra_high,barrier_film,269.6
91.74,0.0,6.42,0.985,54.98,1,1,10,20,71.6,5,1,3,4,0.088,0.111,0.801,breathable,paper_based,12.9
9.74,1.15,6.03,0.608,0.1,0,0,9,25,26.6,30,3,1,1,0.384,0.362,0.253,medium,polyolefin,278.8
11.34,3.69,6.38,0.509,0.0,0,0,7,35,53.7,90,4,0,1,0.375,0.519,0.106,high,polyester,138.6
93.11,3.75,7.23,0.984,0.46,0,1,8,2,81.6,90,4,3,3,0.385,0.452,0.163,medium,polyolefin,52.5
2.35,22.4,6.84,0.286,1.5,0,0,1,35,79.0,90,4,0,1,0.58,0.129,0.291,ultra_high,barrier_film,275.4
10.47,1.08,5.96,0.593,0.0,0,0,9,40,42.4,90,1,0,1,0.393,0.276,0.331,high,barrier_film,105.6
79.3,3.64,6.16,1.0,0.0,0,1,8,-18,62.0,120,3,3,3,0.231,0.348,0.421,medium,polyolefin,610.5
10.63,2.12,6.35,0.488,0.11,0,0,0,20,29.0,21,1,3,1,0.159,0.363,0.477,high,barrier_film,453.0
100.0,1.23,6.79,1.0,70.2,1,1,10,20,71.6,60,4,0,4,0.696,0.128,0.176,breathable,specialty,7.2
5.21,19.68,6.47,0.294,0.31,0,0,1,20,49.2,90,0,1,1,0.074,0.512,0.415,high,barrier_film,535.6
11.12,8.28,6.1,0.411,0.45,0,0,7,30,47.6,60,1,0,0,0.307,0.356,0.337,ultra_high,barrier_film,279.5
0.0,94.1,6.8,0.0,1.9,0,0,3,20,90.1,90,1,2,0,0.598,0.252,0.15,ultra_high,barrier_film,585.8
7.1,1.23,5.04,0.268,0.0,0,0,4,20,33.9,90,4,2,1,0.309,0.44,0.251,high,laminate,301.9
93.99,0.4,5.46,0.989,24.26,1,1,10,15,31.0,180,2,3,2,0.328,0.515,0.157,breathable,specialty,18.6
94.31,0.8,5.24,0.968,2.18,1,0,10,8,68.4,5,2,3,3,0.259,0.413,0.327,breathable,specialty,17.6
82.08,0.4,2.85,0.996,0.0,0,0,4,30,74.3,7,1,0,0,0.277,0.372,0.351,medium,polyester,11.3
4.94,43.09,6.11,0.356,0.42,0,0,6,40,50.1,60,4,1,6,0.163,0.275,0.562,ultra_high,barrier_film,352.1
89.05,0.09,5.4,0.993,8.96,1,1,10,15,83.4,21,2,3,2,0.461,0.242,0.297,breathable,specialty,12.3
5.34,13.42,5.62,0.41,0.16,0,0,7,35,58.5,365,2,0,0,0.182,0.208,0.609,ultra_high,laminate,490.9
96.62,0.0,6.14,0.988,129.68,1,1,10,15,51.1,7,1,0,3,0.31,0.481,0.209,breathable,specialty,28.4
9.59,10.69,5.99,0.397,1.46,0,0,7,30,64.4,7,3,3,0,0.406,0.256,0.339,ultra_high,laminate,484.8
18.56,4.2,6.63,0.642,0.0,0,0,9,20,89.3,90,3,3,3,0.436,0.544,0.021,low,polyolefin,25.5
1.91,93.58,6.5,0.077,0.0,0,0,3,35,53.8,21,0,3,0,0.06,0.203,0.737,ultra_high,barrier_film,363.8
4.99,15.36,5.02,0.205,0.5,0,0,4,20,74.3,365,4,3,0,0.418,0.076,0.506,ultra_high,laminate,583.8
7.84,15.53,5.99,0.42,0.0,0,0,7,40,39.1,90,3,1,0,0.171,0.294,0.535,ultra_high,laminate,203.9
62.58,1.49,6.02,0.947,0.0,0,1,11,2,66.3,365,3,0,3,0.386,0.413,0.201,medium,polyolefin,169.3
9.64,14.06,5.93,0.443,0.0,0,0,7,25,28.1,5,3,1,0,0.194,0.396,0.41,ultra_high,barrier_film,412.6
10.02,15.07,6.27,0.427,0.0,0,0,7,40,70.1,21,4,2,0,0.385,0.296,0.32,ultra_high,barrier_film,180.4
44.01,24.89,5.36,0.987,0.18,0,1,8,0,77.0,30,0,2,3,0.177,0.471,0.352,high,barrier_film,629.3
9.32,3.28,6.11,0.489,0.87,0,0,7,20,50.6,21,0,3,1,0.109,0.684,0.207,high,polyester,291.0
65.9,0.0,4.75,0.995,31.73,1,1,2,10,39.2,60,2,0,4,0.023,0.256,0.721,breathable,bioplastic,14.6
93.88,0.7,6.09,1.0,68.75,1,1,10,10,85.6,3,1,1,4,0.097,0.715,0.188,breathable,specialty,15.0
83.17,0.83,6.6,0.984,0.81,0,1,11,2,79.1,365,2,1,3,0.457,0.061,0.483,medium,polyolefin,62.3
38.35,3.98,5.66,0.941,1.16,0,1,1,25,42.1,5,0,3,5,0.67,0.197,0.133,low,polyolefin,29.2
5.6,40.66,6.22,0.352,0.4,0,0,6,20,39.4,60,2,2,6,0.397,0.293,0.31,ultra_high,laminate,994.2
80.46,0.09,3.88,0.973,4.8,1,1,2,2,59.1,365,4,3,3,0.35,0.355,0.295,breathable,specialty,54.4
2.75,46.46,6.04,0.348,0.0,0,0,6,30,33.4,365,2,3,6,0.238,0.563,0.199,ultra_high,laminate,558.9
92.32,0.0,3.72,0.989,9.55,1,1,2,2,41.7,5,1,2,3,0.256,0.539,0.206,breathable,specialty,49.8
76.89,3.2,6.14,0.98,0.29,0,1,5,2,97.6,90,1,0,3,0.056,0.584,0.359,medium,polyolefin,54.5
21.03,15.1,6.23,0.857,1.08,0,1,1,35,81.4,5,1,1,3,0.584,0.051,0.365,high,barrier_film,15.5
99.25,0.35,6.04,0.996,8.68,1,1,10,8,81.5,120,3,0,2,0.366,0.349,0.285,breathable,specialty,31.4
3.26,29.56,6.38,0.244,0.0,0,0,6,20,41.5,365,0,2,6,0.233,0.367,0.4,ultra_high,laminate,895.9
1.43,33.04,5.87,0.207,0.0,0,0,6,30,71.9,14,1,1,6,0.22,0.469,0.311,ultra_high,laminate,333.9
10.2,18.17,6.82,0.453,0.0,0,0,7,20,82.3,30,1,3,0,0.062,0.312,0.626,ultra_high,barrier_film,535.0
10.11,2.25,5.92,0.547,0.64,0,0,7,40,77.3,180,3,3,1,0.379,0.419,0.203,high,polyester,114.2
75.11,0.0,6.53,1.0,10.15,1,1,10,20,34.2,90,1,0,2,0.444,0.013,0.543,breathable,specialty,9.3
96.84,0.13,3.76,0.979,6.33,1,1,2,15,81.5,3,2,0,3,0.418,0.014,0.568,breathable,specialty,15.0
82.71,5.26,6.36,0.987,0.0,0,1,5,0,92.1,90,0,2,3,0.078,0.391,0.531,medium,bioplastic,162.4
25.45,13.93,6.68,0.869,0.78,0,1,1,30,40.7,3,3,1,3,0.404,0.514,0.082,high,polyester,29.9
71.4,4.68,6.37,0.962,0.04,0,1,5,-18,45.7,14,4,0,3,0.323,0.24,0.436,medium,polyester,479.9
87.56,0.3,6.09,0.972,9.63,1,1,10,2,28.0,120,3,2,2,0.623,0.189,0.188,breathable,specialty,63.9
100.0,4.0,6.84,1.0,1.61,0,1,8,-18,32.7,14,2,1,3,0.127,0.295,0.579,medium,bioplastic,335.0
4.65,1.02,5.8,0.202,0.0,0,0,4,25,48.1,5,1,1,1,0.214,0.683,0.103,high,polyester,508.4
72.73,0.21,5.14,0.971,24.56,1,1,2,4,25.7,3,2,1,4,0.211,0.668,0.121,breathable,specialty,69.4
2.08,16.02,7.0,0.281,0.24,0,0,1,25,52.2,60,0,0,1,0.421,0.067,0.512,high,polyester,298.6
0.0,100.0,6.6,0.016,0.0,0,0,3,30,48.8,14,3,2,0,0.435,0.126,0.439,ultra_high,barrier_film,483.4
0.0,90.52,6.97,0.005,0.16,0,0,3,30,68.5,30,4,1,0,0.342,0.252,0.407,ultra_high,barrier_film,440.1
80.06,1.52,6.89,0.974,1.11,0,1,11,4,26.6,180,3,1,3,0.417,0.4,0.183,medium,polyester,74.7
2.4,15.29,4.99,0.235,0.0,0,0,4,40,43.0,3,2,3,0,0.565,0.069,0.367,ultra_high,barrier_film,99.5
81.21,0.8,6.85,1.0,44.27,1,1,10,25,41.4,90,3,1,4,0.26,0.377,0.363,breathable,specialty,7.7
88.67,0.0,3.62,0.986,0.58,0,1,4,35,38.5,30,2,2,3,0.032,0.438,0.531,medium,paper_based,18.8
1.12,85.46,7.27,0.022,0.0,0,0,3,40,40.8,60,1,2,0,0.063,0.536,0.401,ultra_high,barrier_film,219.4
85.99,2.65,3.9,1.0,0.18,0,1,8,8,94.5,180,2,1,3,0.424,0.271,0.306,medium,polyolefin,108.9
21.92,14.51,6.41,0.836,1.64,0,1,1,40,53.2,180,3,2,3,0.348,0.459,0.193,high,polyester,36.8
9.61,12.96,6.13,0.441,0.0,0,0,7,35,75.2,21,1,3,0,0.095,0.38,0.524,ultra_high,laminate,236.1
80.01,0.87,5.15,1.0,28.66,1,1,2,2,58.3,60,2,0,4,0.037,0.255,0.707,breathable,paper_based,46.3
99.25,0.62,3.45,0.989,28.4,1,1,10,4,79.4,7,4,1,3,0.264,0.701,0.034,breathable,specialty,24.8
94.09,0.0,6.72,0.973,5.4,1,1,10,10,62.5,90,2,1,2,0.627,0.188,0.185,breathable,specialty,32.9
1.66,99.14,6.48,0.089,0.0,0,0,3,40,62.8,180,1,0,0,0.034,0.285,0.681,ultra_high,laminate,187.5
93.86,0.34,5.84,0.969,9.46,1,1,10,15,79.9,60,2,1,2,0.489,0.037,0.474,breathable,specialty,12.7
73.52,0.34,4.82,0.965,22.51,1,1,2,20,89.3,180,2,0,4,0.254,0.228,0.518,breathable,specialty,4.2
11.87,1.66,6.01,0.552,2.25,0,0,9,30,67.6,30,0,1,1,0.445,0.221,0.334,high,laminate,132.6
4.79,15.14,4.94,0.199,0.0,0,0,4,25,27.9,120,3,0,0,0.063,0.487,0.45,ultra_high,barrier_film,584.9
84.04,0.0,3.52,0.969,0.46,0,1,4,40,95.3,180,4,3,3,0.254,0.081,0.665,medium,bioplastic,8.4
2.56,29.83,5.98,0.251,0.0,0,0,6,35,45.7,3,1,2,6,0.065,0.603,0.332,ultra_high,barrier_film,202.8
64.32,9.03,5.85,0.973,0.0,0,1,5,-18,67.5,30,4,0,3,0.641,0.045,0.315,medium,polyolefin,492.6
30.13,29.56,5.33,0.909,0.0,0,1,8,4,31.2,21,1,0,3,0.15,0.644,0.205,high,polyester,409.5
84.6,0.0,3.54,0.984,51.14,1,1,2,20,40.2,21,4,1,3,0.057,0.484,0.459,breathable,specialty,7.4
38.01,27.07,5.21,0.985,0.0,0,1,8,2,67.7,120,2,2,3,0.473,0.306,0.221,high,barrier_film,658.7
35.35,3.08,4.84,0.971,0.0,0,1,1,40,59.9,120,4,2,5,0.095,0.621,0.284,low,polyolefin,18.0
81.93,0.26,5.32,0.936,4.28,1,0,10,8,39.9,90,4,0,3,0.126,0.009,0.866,breathable,bioplastic,26.7
84.57,1.59,6.54,0.978,0.0,0,1,11,4,41.9,3,1,1,3,0.335,0.204,0.46,medium,polyolefin,120.4
100.0,4.91,6.33,1.0,1.72,0,1,5,2,80.9,120,4,2,3,0.206,0.101,0.693,medium,paper_based,156.8
62.37,25.41,5.93,0.932,0.64,0,1,8,2,88.1,120,1,3,3,0.577,0.028,0.395,high,barrier_film,244.6
91.72,0.0,3.93,0.952,7.65,1,1,2,15,48.7,60,4,2,3,0.435,0.296,0.269,breathable,specialty,8.1
4.13,19.57,6.91,0.3,1.13,0,0,1,35,31.0,21,1,1,1,0.053,0.033,0.914,high,paper_based,167.3
81.43,0.03,2.99,0.986,0.0,0,0,4,35,39.5,120,3,3,0,0.574,0.127,0.299,medium,polyolefin,6.0
84.5,0.0,3.25,0.997,6.68,1,1,2,8,91.6,120,3,2,2,0.681,0.229,0.09,breathable,specialty,32.9
13.65,6.62,6.16,0.55,0.0,0,0,0,40,42.3,5,1,1,1,0.672,0.169,0.158,high,polyester,145.1
97.05,0.65,6.33,0.983,8.36,1,1,10,4,78.1,3,2,2,2,0.393,0.13,0.477,breathable,specialty,16.2
89.43,5.41,6.13,0.982,1.38,0,1,5,2,58.7,3,2,2,3,0.186,0.476,0.338,medium,polyester,117.2
6.2,15.48,4.97,0.402,0.0,0,0,7,35,47.2,90,3,3,0,0.598,0.155,0.247,ultra_high,laminate,256.2
70.18,0.99,6.6,0.981,0.0,0,1,11,0,41.1,5,3,2,3,0.458,0.489,0.053,medium,polyolefin,51.5
75.0,2.02,6.18,1.0,0.06,0,1,11,-18,80.2,120,2,0,3,0.368,0.376,0.256,medium,polyolefin,373.4
65.82,1.82,7.09,0.994,0.0,0,1,11,2,40.3,180,0,1,3,0.2,0.674,0.126,medium,polyester,135.9
100.0,0.3,6.24,1.0,126.88,1,1,10,2,89.1,120,2,0,3,0.449,0.213,0.338,breathable,specialty,44.4
93.42,3.81,6.87,1.0,0.0,0,1,8,2,72.0,90,2,2,3,0.13,0.589,0.281,medium,polyester,162.6
2.44,38.93,5.97,0.192,0.05,0,0,6,35,62.8,180,3,1,6,0.494,0.12,0.386,ultra_high,barrier_film,204.9
37.07,2.84,5.11,0.913,0.0,0,1,1,20,84.0,5,4,0,5,0.204,0.431,0.365,low,polyolefin,55.4
0.0,100.0,6.95,0.0,0.6,0,0,3,40,55.1,7,3,2,0,0.309,0.254,0.438,ultra_high,laminate,161.2
0.24,97.93,7.01,0.0,0.0,0,0,3,35,84.3,5,4,0,0,0.157,0.501,0.342,ultra_high,laminate,208.7
85.58,0.07,3.16,1.0,0.45,0,0,4,40,26.0,365,2,2,0,0.426,0.197,0.377,medium,polyolefin,5.8
98.6,0.55,3.04,1.0,60.55,1,1,2,20,52.1,3,4,1,3,0.273,0.522,0.205,breathable,specialty,8.9
95.7,0.18,4.53,0.998,22.14,1,1,10,25,75.4,21,0,2,3,0.481,0.033,0.486,breathable,specialty,4.6
9.39,15.37,6.74,0.455,0.0,0,0,7,25,37.1,120,0,3,0,0.013,0.903,0.083,ultra_high,laminate,1028.7
80.81,0.24,3.29,0.975,7.13,1,1,2,4,94.0,90,3,1,2,0.234,0.322,0.444,breathable,specialty,32.2
1.89,23.79,6.86,0.315,0.74,0,0,1,20,38.9,60,3,3,1,0.199,0.716,0.085,ultra_high,laminate,757.3
86.04,0.2,6.35,0.954,68.05,1,1,10,20,29.3,14,2,1,4,0.266,0.347,0.388,breathable,specialty,3.5
3.7,34.13,5.91,0.211,0.0,0,0,6,25,43.2,180,0,1,6,0.035,0.483,0.482,ultra_high,barrier_film,710.7
95.39,0.53,5.19,0.945,2.2,1,0,10,20,27.5,21,1,0,3,0.517,0.049,0.434,breathable,specialty,11.1
94.42,2.37,4.14,0.988,0.8,0,1,8,0,40.1,60,2,1,3,0.236,0.325,0.439,medium,polyester,90.9
32.08,31.67,5.48,0.928,0.11,0,1,8,-18,59.8,365,1,1,3,0.175,0.421,0.404,high,polyester,1825.5
92.1,2.2,7.05,0.964,0.77,0,1,11,2,28.8,3,4,1,3,0.188,0.649,0.163,medium,polyester,111.1
79.76,0.1,4.77,0.977,24.53,1,1,2,10,56.9,30,2,3,4,0.38,0.327,0.293,breathable,specialty,16.6
23.53,14.08,6.45,0.871,0.13,0,1,1,30,91.9,60,2,3,3,0.404,0.228,0.368,high,barrier_film,35.4
86.32,0.79,5.94,0.991,126.74,1,1,10,15,49.9,5,3,3,3,0.424,0.233,0.343,breathable,specialty,4.3
32.84,36.01,5.87,0.912,1.97,0,1,8,-10,76.8,14,3,2,3,0.353,0.509,0.137,high,laminate,459.3
100.0,0.22,4.35,0.988,27.46,1,1,10,8,61.3,180,2,1,3,0.454,0.122,0.424,breathable,specialty,23.4
10.24,10.83,6.04,0.412,0.17,0,0,7,20,39.2,90,1,1,0,0.022,0.191,0.788,ultra_high,laminate,737.2
10.1,12.69,5.36,0.393,0.0,0,0,7,30,69.4,60,1,2,0,0.449,0.534,0.017,ultra_high,barrier_film,456.3
0.0,36.64,5.76,0.175,0.01,0,0,6,40,27.0,3,3,1,6,0.58,0.236,0.184,ultra_high,barrier_film,127.7
8.1,1.82,6.99,0.552,0.0,0,0,9,35,68.5,7,2,0,1,0.173,0.321,0.506,high,polyester,138.5
78.94,0.85,5.62,0.969,26.78,1,1,10,10,79.1,7,3,1,2,0.469,0.172,0.358,breathable,specialty,16.8
0.0,89.0,7.43,0.01,0.0,0,0,3,25,50.4,365,2,3,0,0.404,0.12,0.476,ultra_high,barrier_film,341.5
66.1,0.0,4.41,0.975,20.27,1,1,10,25,79.9,120,4,3,3,0.098,0.356,0.545,breathable,specialty,8.4
13.7,5.36,6.27,0.518,0.0,0,0,0,30,24.7,120,3,2,1,0.57,0.074,0.356,high,laminate,351.4
2.24,40.06,6.26,0.182,0.0,0,0,6,40,79.6,14,2,3,6,0.217,0.109,0.674,ultra_high,laminate,105.9
10.86,4.2,6.55,0.642,0.0,0,0,9,20,28.4,60,1,0,3,0.035,0.408,0.557,medium,bioplastic,365.2
93.78,1.52,6.53,1.0,51.08,1,1,10,20,26.5,21,0,1,4,0.245,0.648,0.106,breathable,specialty,14.3
36.73,3.01,5.82,0.968,0.0,0,1,1,25,26.1,365,3,3,5,0.357,0.248,0.395,low,polyolefin,33.8
79.91,0.0,3.18,0.954,9.18,1,1,2,25,51.6,14,1,2,2,0.157,0.324,0.519,breathable,specialty,8.8
89.19,5.72,6.02,1.0,0.0,0,1,5,-18,63.9,365,0,3,3,0.519,0.47,0.011,medium,polyester,542.4
89.56,0.51,4.98,0.978,32.55,1,1,2,20,40.4,21,4,0,4,0.228,0.412,0.36,breathable,specialty,9.0
100.0,2.73,6.75,1.0,0.65,0,1,8,8,81.0,30,1,3,3,0.468,0.258,0.274,medium,polyester,70.2
98.04,0.43,5.36,0.974,0.0,1,0,10,4,38.8,60,3,0,3,0.318,0.601,0.081,breathable,specialty,34.3
43.38,2.95,5.68,0.928,0.0,0,1,1,20,32.6,30,0,2,5,0.305,0.471,0.224,low,polyolefin,67.1
75.16,0.43,4.89,0.966,21.59,1,1,2,8,33.6,365,0,2,4,0.453,0.007,0.54,breathable,specialty,42.0
88.74,0.37,3.29,0.982,8.93,1,1,2,8,40.0,120,2,3,3,0.145,0.278,0.578,breathable,specialty,21.3
3.66,19.59,7.44,0.301,0.03,0,0,1,35,60.7,21,2,0,1,0.275,0.435,0.29,high,polyester,187.5
77.92,0.4,5.73,0.968,8.59,1,1,10,4,69.3,3,0,1,2,0.155,0.621,0.224,breathable,specialty,68.1
15.39,6.22,6.72,0.53,1.24,0,0,0,20,51.8,3,1,2,1,0.157,0.745,0.098,high,laminate,52.5
79.34,4.25,5.77,0.997,0.0,0,1,5,2,72.8,60,4,3,3,0.054,0.377,0.569,medium,paper_based,102.0
83.19,0.0,2.67,1.0,1.16,0,0,4,40,28.6,180,0,0,0,0.498,0.444,0.059,medium,polyolefin,5.0
2.77,15.93,5.32,0.185,0.0,0,0,4,35,82.0,3,0,3,0,0.33,0.534,0.136,ultra_high,barrier_film,214.1
81.52,4.59,6.25,0.98,0.39,0,1,5,-18,51.7,30,1,2,3,0.249,0.495,0.256,medium,polyester,379.4
100.0,0.81,6.22,0.968,62.92,1,1,10,15,72.2,90,1,2,4,0.448,0.228,0.324,breathable,specialty,20.5
95.58,1.08,6.01,0.95,112.49,1,1,10,8,28.7,180,1,3,3,0.413,0.133,0.454,breathable,specialty,12.0
7.54,9.83,5.9,0.386,0.0,0,0,7,35,89.1,365,2,1,0,0.296,0.323,0.381,ultra_high,barrier_film,158.1
80.21,0.48,6.71,0.988,60.75,1,1,10,2,62.6,365,1,0,4,0.133,0.282,0.585,breathable,specialty,51.2
10.59,5.7,6.18,0.572,0.0,0,0,0,30,44.6,60,1,3,1,0.349,0.544,0.107,high,barrier_film,267.9
27.76,15.24,6.15,0.877,1.62,0,1,1,30,44.4,21,2,1,3,0.642,0.199,0.159,high,polyester,77.8
8.36,3.06,6.01,0.492,0.0,0,0,7,25,88.4,365,2,3,1,0.514,0.154,0.333,high,barrier_film,216.7
34.24,36.8,4.7,0.872,0.0,0,1,8,4,67.9,120,3,1,3,0.248,0.558,0.194,high,polyester,451.0
61.87,11.02,5.91,0.973,0.22,0,1,5,0,89.2,5,2,2,3,0.328,0.268,0.404,high,barrier_film,188.6
4.94,56.85,6.03,0.368,0.0,0,0,6,25,51.4,30,1,0,6,0.21,0.752,0.038,ultra_high,barrier_film,884.0
12.87,4.08,6.15,0.6,0.8,0,0,9,20,89.0,365,0,2,3,0.395,0.012,0.593,high,polyester,306.7
61.92,1.0,4.84,0.959,21.96,1,1,2,2,90.9,7,0,3,4,0.028,0.524,0.448,breathable,specialty,45.7
8.28,1.18,6.64,0.501,0.03,0,0,0,25,30.2,60,0,0,1,0.101,0.41,0.49,high,laminate,603.0
0.0,95.49,7.35,0.0,0.08,0,0,3,25,31.6,120,3,0,0,0.362,0.464,0.175,ultra_high,laminate,481.0
0.0,100.0,6.66,0.0,1.16,0,0,3,30,39.2,3,0,0,0,0.323,0.334,0.343,ultra_high,barrier_film,347.0
11.7,1.24,6.1,0.526,0.0,0,0,9,30,72.2,30,1,2,1,0.293,0.346,0.361,high,laminate,234.5
1.26,16.23,5.37,0.181,0.0,0,0,4,25,28.8,30,2,3,0,0.464,0.265,0.27,ultra_high,laminate,525.3
70.48,5.65,6.59,0.997,0.0,0,1,5,4,27.0,30,0,2,3,0.05,0.208,0.741,medium,bioplastic,63.9
81.29,0.0,5.05,0.942,17.91,1,1,2,10,74.7,3,4,3,4,0.474,0.311,0.214,breathable,specialty,24.6
68.47,10.37,5.85,0.996,0.0,0,1,5,-10,80.0,7,3,2,3,0.085,0.233,0.683,high,bioplastic,368.9
9.06,1.34,5.65,0.499,0.0,0,0,0,35,48.6,14,2,1,1,0.246,0.335,0.419,high,laminate,121.2
12.12,3.13,6.53,0.472,1.54,0,0,7,30,57.7,14,3,2,1,0.357,0.368,0.275,high,polyester,275.0
91.44,1.25,4.26,0.957,8.6,1,1,2,25,67.3,365,0,0,3,0.345,0.36,0.295,breathable,specialty,6.4
4.03,35.18,5.72,0.332,0.21,0,0,6,30,30.7,14,4,3,6,0.332,0.386,0.282,ultra_high,laminate,665.8
82.13,0.0,2.7,0.993,0.0,0,0,4,40,81.3,5,1,2,0,0.311,0.549,0.14,medium,polyolefin,9.6
15.73,3.67,5.82,0.476,0.0,0,0,7,30,40.5,180,2,3,1,0.683,0.206,0.111,high,barrier_film,67.2
9.15,16.17,6.01,0.466,0.0,0,0,7,40,60.6,120,3,1,0,0.401,0.322,0.277,ultra_high,barrier_film,322.1
83.54,0.0,6.33,0.992,126.38,1,1,10,2,89.7,60,0,1,3,0.438,0.452,0.11,breathable,specialty,60.8
86.91,3.71,6.57,0.978,0.0,0,1,8,-18,75.1,7,0,1,3,0.498,0.424,0.078,medium,polyester,283.0
87.62,0.27,3.38,0.986,7.79,1,1,2,10,86.9,90,3,1,3,0.444,0.159,0.397,breathable,specialty,20.2
6.18,16.55,5.67,0.441,0.0,0,0,7,30,39.9,30,0,0,0,0.375,0.084,0.541,ultra_high,barrier_film,400.0
68.33,0.21,4.8,1.0,28.41,1,1,2,2,46.7,30,0,2,4,0.184,0.284,0.532,breathable,specialty,44.7
87.68,0.47,6.84,1.0,69.65,1,1,10,20,30.3,30,0,2,4,0.35,0.406,0.245,breathable,specialty,18.6
40.6,31.92,5.23,0.96,0.0,0,1,8,4,57.2,14,0,1,3,0.471,0.045,0.484,high,laminate,431.7
97.05,0.08,3.02,0.942,0.0,0,0,4,35,89.9,5,1,2,0,0.329,0.333,0.338,medium,polyester,2.4
5.13,43.91,5.41,0.32,0.0,0,0,6,40,73.2,5,4,2,6,0.368,0.457,0.175,ultra_high,barrier_film,187.7
10.07,25.23,6.23,0.451,0.6,0,0,7,25,89.6,120,3,3,0,0.362,0.242,0.395,ultra_high,laminate,371.6
75.87,4.33,6.15,0.995,0.66,0,1,5,2,28.4,180,1,3,3,0.433,0.345,0.223,medium,polyester,63.7
6.46,15.47,4.96,0.207,0.0,0,0,4,35,40.5,21,3,0,0,0.112,0.121,0.768,ultra_high,barrier_film,391.7
1.06,100.0,7.53,0.022,0.0,0,0,3,25,62.1,30,2,1,0,0.318,0.34,0.342,ultra_high,laminate,629.2
64.69,3.07,4.13,0.987,0.0,0,1,8,2,70.8,120,0,2,3,0.456,0.308,0.236,medium,polyolefin,104.0
100.0,0.0,4.83,0.986,29.81,1,1,10,10,79.5,14,3,2,3,0.574,0.014,0.411,breathable,specialty,22.1
42.28,37.8,5.28,0.926,0.0,0,1,8,-10,51.0,30,0,1,3,0.064,0.579,0.356,high,barrier_film,1162.1
42.32,2.69,5.48,0.933,0.83,0,1,1,35,66.1,90,4,2,5,0.43,0.297,0.273,low,polyolefin,2.8
100.0,0.57,6.24,1.0,114.18,1,1,10,20,40.0,60,4,1,3,0.516,0.318,0.165,breathable,specialty,12.2
14.17,4.71,6.2,0.652,1.48,0,0,9,20,57.4,60,1,0,3,0.495,0.054,0.451,medium,polyolefin,526.0
99.88,0.06,3.39,0.968,0.0,0,1,4,25,42.0,14,0,3,3,0.254,0.514,0.232,medium,polyolefin,12.4
0.0,94.01,6.8,0.0,1.65,0,0,3,20,92.1,3,1,1,0,0.607,0.015,0.378,ultra_high,barrier_film,548.1
3.27,22.9,6.63,0.323,0.0,0,0,1,25,94.1,30,3,0,1,0.544,0.372,0.084,ultra_high,laminate,576.8
4.31,35.14,6.28,0.177,0.0,0,0,6,35,37.4,365,0,2,6,0.439,0.429,0.132,ultra_high,laminate,272.9
84.04,0.2,5.59,0.983,8.3,1,1,10,10,58.1,60,3,1,2,0.357,0.416,0.227,breathable,specialty,14.7
88.24,0.52,3.73,0.959,0.0,0,1,4,25,80.4,90,4,0,3,0.303,0.336,0.361,medium,polyester,20.9
10.11,1.23,5.93,0.592,0.48,0,0,9,30,44.5,90,2,3,1,0.535,0.083,0.382,high,barrier_film,222.7
15.2,4.87,6.4,0.652,0.13,0,0,9,35,48.5,7,2,2,3,0.263,0.318,0.419,low,polyolefin,27.5
80.8,2.59,6.51,0.992,0.0,0,1,11,0,67.4,90,3,3,3,0.199,0.465,0.335,medium,polyester,83.7
36.3,31.48,5.35,0.893,1.61,0,1,8,2,35.4,180,2,2,3,0.39,0.27,0.34,high,barrier_film,220.8
9.46,5.76,6.26,0.521,0.0,0,0,0,35,65.9,60,3,0,1,0.361,0.158,0.481,high,laminate,175.2
87.44,0.0,3.64,1.0,54.81,1,1,2,10,72.5,14,1,1,3,0.379,0.333,0.288,breathable,specialty,15.8
4.06,40.58,6.15,0.351,0.08,0,0,6,35,28.7,60,3,0,6,0.205,0.292,0.502,ultra_high,laminate,229.5
100.0,0.28,3.56,0.99,75.9,1,1,2,20,76.3,14,4,0,3,0.408,0.085,0.507,breathable,specialty,6.1
69.6,5.15,6.23,0.993,0.0,0,1,5,0,68.3,14,3,2,3,0.603,0.001,0.396,medium,polyester,88.4
6.52,22.11,6.13,0.44,0.0,0,0,7,30,51.9,60,3,1,0,0.271,0.082,0.648,ultra_high,laminate,240.1
9.73,3.52,5.65,0.492,0.0,0,0,7,20,87.8,30,4,3,1,0.214,0.077,0.709,high,bioplastic,400.4
4.46,40.52,6.12,0.343,0.0,0,0,6,40,33.5,365,0,2,6,0.508,0.183,0.309,ultra_high,barrier_film,161.9
0.4,83.36,7.07,0.0,1.29,0,0,3,20,57.8,14,4,2,0,0.52,0.303,0.177,ultra_high,laminate,506.2
9.07,11.01,5.5,0.384,0.0,0,0,7,40,49.4,5,1,0,0,0.392,0.217,0.391,ultra_high,barrier_film,256.8
79.44,0.18,5.61,1.0,1.26,1,0,10,25,79.4,7,2,0,2,0.353,0.585,0.063,breathable,specialty,9.8
0.0,100.0,6.84,0.0,0.0,0,0,3,25,49.5,180,3,0,0,0.446,0.132,0.422,ultra_high,laminate,347.7
3.53,1.27,5.55,0.246,0.0,0,0,4,40,65.8,30,0,1,1,0.01,0.51,0.479,high,barrier_film,65.3
65.02,4.81,6.1,1.0,0.0,0,1,5,-18,69.5,14,3,1,3,0.42,0.478,0.102,medium,polyolefin,333.3
54.19,26.51,5.95,0.97,1.17,0,1,8,4,48.4,5,1,1,3,0.466,0.06,0.473,high,polyester,277.1
2.72,21.22,7.15,0.305,0.0,0,0,1,40,64.1,180,1,0,1,0.143,0.054,0.803,ultra_high,bioplastic,340.0
8.47,20.35,5.74,0.472,0.62,0,0,7,20,38.8,60,0,3,0,0.103,0.491,0.406,ultra_high,laminate,984.1
98.79,0.0,2.46,1.0,2.09,0,0,4,30,72.7,60,3,2,0,0.485,0.062,0.454,medium,polyolefin,16.9
78.39,1.03,5.75,0.977,27.61,1,1,10,15,34.8,30,1,3,2,0.263,0.436,0.301,breathable,specialty,17.7
75.26,1.68,7.29,0.973,0.0,0,1,11,-10,92.9,14,4,2,3,0.349,0.56,0.091,medium,polyolefin,201.7
97.41,3.69,7.3,0.945,1.37,0,1,8,-10,70.2,14,0,1,3,0.094,0.503,0.403,medium,polyolefin,174.8
83.11,1.1,4.49,0.937,20.91,1,1,2,25,43.2,120,4,1,4,0.505,0.356,0.139,breathable,specialty,9.8
4.53,20.26,7.4,0.269,0.0,0,0,1,25,54.2,14,4,0,1,0.139,0.17,0.691,ultra_high,barrier_film,839.7
79.61,0.51,6.25,0.961,55.9,1,1,10,20,71.1,365,3,3,4,0.257,0.154,0.589,breathable,specialty,7.9
11.67,0.52,5.89,0.583,1.13,0,0,9,35,89.9,7,3,0,1,0.39,0.368,0.242,high,polyester,185.1
13.0,1.48,7.18,0.489,0.0,0,0,0,20,88.4,60,1,2,1,0.514,0.343,0.143,high,barrier_film,395.9
9.51,3.13,5.83,0.497,0.0,0,0,7,25,29.1,21,0,0,1,0.154,0.237,0.609,high,bioplastic,383.6
83.15,0.54,6.2,0.955,85.81,1,1,10,15,90.5,120,3,2,4,0.477,0.257,0.266,breathable,specialty,9.5
95.78,0.56,6.48,0.971,54.53,1,1,10,15,59.7,120,2,3,4,0.245,0.514,0.24,breathable,specialty,10.6
87.45,0.43,6.83,0.994,0.46,0,1,11,2,42.5,120,4,2,3,0.333,0.468,0.198,medium,polyolefin,124.3
15.91,4.77,6.39,0.656,0.55,0,0,9,25,72.5,3,1,1,3,0.355,0.236,0.409,low,polyolefin,8.4
76.99,0.0,2.58,0.974,0.77,0,0,4,25,90.0,365,0,1,0,0.486,0.031,0.482,medium,polyester,16.6
37.18,28.02,6.16,0.966,0.0,0,1,8,-18,52.0,3,4,2,3,0.384,0.411,0.204,high,laminate,2996.7
11.05,16.31,5.76,0.432,0.0,0,0,7,35,79.8,60,0,0,0,0.011,0.674,0.316,ultra_high,barrier_film,130.1
3.85,22.93,7.18,0.336,0.0,0,0,1,35,85.4,7,2,2,1,0.801,0.049,0.15,ultra_high,barrier_film,162.6
79.21,4.75,6.51,0.951,0.0,0,1,5,-10,80.4,21,1,1,3,0.205,0.338,0.457,medium,polyolefin,230.1
85.05,0.0,4.13,0.972,8.68,1,1,2,2,43.2,14,0,2,3,0.377,0.336,0.287,breathable,specialty,43.8
0.52,41.82,5.71,0.171,0.0,0,0,6,35,70.0,30,2,2,6,0.413,0.048,0.539,ultra_high,laminate,232.0
98.06,1.17,5.82,1.0,26.18,1,1,10,25,79.3,7,0,2,2,0.47,0.455,0.075,breathable,specialty,4.9
78.99,0.46,5.95,0.985,7.81,1,1,10,20,40.9,7,2,0,2,0.223,0.561,0.216,breathable,specialty,13.4
77.31,0.82,6.11,0.993,7.45,1,1,10,4,71.0,14,4,2,2,0.469,0.382,0.149,breathable,specialty,59.1
8.92,1.56,6.18,0.577,0.0,0,0,9,40,89.1,30,4,0,1,0.308,0.58,0.112,high,polyester,94.8
2.17,31.19,6.3,0.271,0.0,0,0,6,30,29.5,21,4,3,6,0.027,0.327,0.646,ultra_high,barrier_film,489.1
10.68,0.66,6.09,0.602,0.0,0,0,9,40,82.3,14,4,0,1,0.294,0.286,0.42,medium,polyolefin,59.7
89.62,0.0,5.58,0.983,104.76,1,1,10,15,53.8,30,3,1,3,0.322,0.42,0.258,breathable,specialty,6.1
4.93,21.5,6.93,0.266,1.06,0,0,1,30,25.7,7,0,0,1,0.412,0.154,0.434,ultra_high,laminate,362.7
94.83,0.0,6.29,0.982,55.9,1,1,10,25,53.7,5,3,0,4,0.488,0.418,0.094,breathable,specialty,3.9
87.05,0.0,5.82,0.972,65.78,1,1,10,20,29.2,60,1,3,4,0.369,0.081,0.55,breathable,specialty,11.1
81.06,0.57,3.62,0.98,6.1,1,1,2,15,36.1,180,1,0,3,0.54,0.345,0.115,breathable,specialty,17.5
5.04,13.98,4.63,0.197,0.0,0,0,4,40,91.6,90,1,2,0,0.103,0.037,0.86,ultra_high,bioplastic,96.1
6.45,14.35,5.47,0.387,0.75,0,0,7,35,27.6,21,4,0,0,0.35,0.273,0.377,ultra_high,barrier_film,254.8
5.7,2.45,6.03,0.52,0.05,0,0,7,25,89.3,365,2,0,1,0.62,0.142,0.237,high,polyester,289.6
88.52,0.0,5.79,0.953,3.16,1,0,10,8,62.9,180,2,1,2,0.507,0.476,0.018,breathable,specialty,24.7
74.28,1.5,6.22,0.959,0.0,0,1,11,4,67.2,5,3,2,3,0.374,0.165,0.461,medium,polyolefin,80.6
9.17,5.87,7.17,0.549,0.0,0,0,0,20,43.4,60,2,3,1,0.051,0.419,0.53,high,barrier_film,500.0
94.78,0.6,5.1,0.949,1.07,1,0,10,20,39.4,21,4,0,3,0.383,0.243,0.375,breathable,specialty,10.0
6.98,13.27,5.85,0.467,0.0,0,0,7,30,40.5,90,3,1,0,0.56,0.318,0.123,ultra_high,barrier_film,642.9
38.08,2.05,5.48,0.981,0.46,0,1,1,30,28.0,3,0,2,5,0.46,0.499,0.041,low,polyolefin,40.8
98.85,0.26,5.58,0.959,2.16,1,0,10,4,65.9,60,4,1,3,0.473,0.401,0.126,breathable,specialty,36.2
82.56,0.5,6.39,1.0,57.15,1,1,10,20,66.2,7,2,0,4,0.293,0.315,0.392,breathable,specialty,5.5
28.74,28.04,5.53,0.899,1.11,0,1,8,2,88.7,120,1,3,3,0.316,0.342,0.342,high,laminate,405.2
5.26,16.69,4.55,0.181,0.0,0,0,4,20,66.7,30,1,3,0,0.427,0.571,0.002,ultra_high,laminate,710.6
73.68,1.2,6.23,0.986,8.17,1,1,10,20,61.3,90,3,2,2,0.001,0.84,0.16,breathable,specialty,11.5
2.05,18.57,6.95,0.291,0.0,0,0,1,30,32.1,60,2,1,1,0.281,0.226,0.493,high,polyester,300.0
8.91,0.55,5.52,0.603,0.0,0,0,9,25,90.4,90,0,1,1,0.475,0.156,0.369,medium,polyolefin,55.2
5.53,52.43,6.24,0.35,0.0,0,0,6,20,90.3,21,3,3,6,0.395,0.206,0.398,ultra_high,laminate,451.0
59.8,0.99,4.77,1.0,21.72,1,1,2,4,63.6,5,1,2,4,0.603,0.379,0.018,breathable,specialty,58.6
92.94,0.0,6.69,0.961,52.83,1,1,10,8,52.1,365,0,2,4,0.242,0.554,0.204,breathable,specialty,15.9
6.51,11.85,4.95,0.218,0.0,0,0,4,40,73.1,60,0,3,0,0.496,0.011,0.493,ultra_high,laminate,215.2
100.0,0.14,3.48,1.0,61.57,1,1,2,15,86.8,365,4,3,3,0.372,0.332,0.296,breathable,specialty,12.1
49.4,0.87,4.84,0.986,21.43,1,1,2,4,70.0,30,0,3,4,0.158,0.527,0.315,breathable,specialty,69.4
12.39,2.71,6.41,0.455,0.0,0,0,7,25,49.1,120,3,1,1,0.278,0.159,0.563,high,barrier_film,337.6
84.59,0.39,2.3,0.994,0.0,0,0,4,30,27.4,180,1,3,0,0.229,0.171,0.6,medium,bioplastic,14.7
89.8,1.3,6.3,0.973,103.78,1,1,10,15,56.5,60,1,0,3,0.621,0.219,0.161,breathable,specialty,10.2
71.87,1.27,3.91,0.95,7.65,1,1,2,4,41.5,365,2,3,3,0.117,0.835,0.048,breathable,specialty,47.4
76.07,1.22,6.78,0.982,0.0,0,1,11,4,69.1,365,2,1,3,0.196,0.513,0.29,medium,polyester,79.1
91.62,2.53,6.47,0.988,1.95,0,1,11,0,70.5,120,4,0,3,0.501,0.332,0.167,medium,polyester,76.2
95.35,1.07,7.15,1.0,92.03,1,1,10,20,78.4,3,2,3,3,0.168,0.349,0.483,breathable,specialty,5.1
73.61,0.37,2.44,0.975,1.68,0,0,4,20,28.8,60,3,2,0,0.424,0.392,0.184,medium,polyester,57.1
13.04,8.57,6.25,0.37,0.3,0,0,7,30,71.2,120,1,3,0,0.497,0.031,0.472,ultra_high,barrier_film,159.1
8.23,5.53,6.45,0.557,0.04,0,0,0,40,40.3,3,1,1,1,0.447,0.506,0.047,high,laminate,94.9
66.51,8.02,5.82,0.97,0.0,0,1,5,4,80.3,5,1,0,3,0.286,0.477,0.237,medium,polyester,79.4
3.36,45.52,5.82,0.334,0.0,0,0,6,25,83.0,180,2,1,6,0.121,0.124,0.755,ultra_high,laminate,821.9
14.36,0.14,6.17,0.492,0.0,0,0,0,35,36.7,14,4,2,1,0.172,0.442,0.386,high,laminate,182.5
79.64,1.24,6.62,0.979,0.06,0,1,11,-18,76.2,14,2,2,3,0.35,0.386,0.264,medium,polyolefin,244.3
2.56,34.21,6.15,0.219,0.0,0,0,6,25,42.0,30,4,3,6,0.198,0.433,0.369,ultra_high,laminate,782.9
14.23,4.85,6.15,0.687,0.49,0,0,9,40,81.4,30,2,3,3,0.32,0.337,0.343,medium,polyester,105.4
92.5,0.34,6.73,0.972,59.08,1,1,10,4,69.4,21,2,0,4,0.593,0.302,0.104,breathable,specialty,43.8
84.06,3.15,7.27,0.989,0.0,0,1,8,-18,32.2,14,1,1,3,0.381,0.089,0.53,medium,paper_based,654.4
1.55,100.0,6.01,0.061,0.0,0,0,3,25,93.4,3,0,0,0,0.002,0.085,0.913,ultra_high,bioplastic,478.3
26.23,14.24,6.63,0.851,0.0,0,1,1,35,89.0,180,2,1,3,0.454,0.454,0.092,high,barrier_film,36.9
12.03,1.4,6.18,0.569,0.1,0,0,9,25,56.6,90,2,2,1,0.174,0.357,0.469,high,barrier_film,254.6
8.32,15.63,6.33,0.439,0.0,0,0,7,35,40.3,120,1,3,0,0.303,0.299,0.398,ultra_high,barrier_film,442.8
88.02,0.44,2.63,0.962,0.0,0,0,4,30,78.0,120,4,2,0,0.489,0.263,0.248,medium,polyester,11.6
10.16,3.72,6.86,0.521,0.79,0,0,7,20,89.0,60,3,2,1,0.316,0.483,0.201,high,polyester,322.8
2.51,49.44,5.9,0.318,0.63,0,0,6,40,51.0,180,2,2,6,0.31,0.258,0.431,ultra_high,laminate,296.6
5.61,24.37,6.79,0.325,0.69,0,0,1,25,61.3,90,4,3,1,0.383,0.512,0.104,ultra_high,barrier_film,638.1
6.69,46.45,5.83,0.327,0.0,0,0,6,25,86.3,7,0,0,6,0.019,0.529,0.452,ultra_high,laminate,518.2
85.46,1.32,6.25,0.979,0.0,0,1,11,0,72.4,30,0,2,3,0.318,0.32,0.362,medium,polyolefin,56.6
91.68,0.0,2.78,0.99,0.0,0,0,4,40,87.1,90,1,2,0,0.721,0.147,0.132,medium,polyolefin,8.6
5.42,43.79,5.95,0.34,0.0,0,0,6,20,53.5,5,3,0,6,0.309,0.145,0.546,ultra_high,laminate,456.2
12.38,7.38,6.16,0.593,0.0,0,0,0,35,61.0,90,1,2,1,0.071,0.432,0.496,high,laminate,125.0
83.95,0.58,4.37,1.0,23.48,1,1,2,2,60.5,90,0,1,4,0.468,0.018,0.515,breathable,specialty,78.1
2.68,46.74,5.97,0.37,2.12,0,0,6,40,84.6,90,2,3,6,0.479,0.442,0.079,ultra_high,laminate,94.2
86.24,0.55,5.73,0.995,8.77,1,1,10,20,25.1,14,1,2,2,0.464,0.181,0.355,breathable,specialty,11.3
95.54,0.1,6.04,1.0,55.54,1,1,10,20,31.4,90,4,0,4,0.111,0.418,0.471,breathable,specialty,6.2
9.31,11.51,5.45,0.432,0.0,0,0,7,20,32.2,365,3,0,0,0.452,0.399,0.149,ultra_high,laminate,548.0
15.34,5.11,6.84,0.696,0.0,0,0,9,30,51.1,14,4,0,3,0.483,0.051,0.466,low,polyolefin,19.2
85.35,3.09,4.08,0.969,1.4,0,1,8,-18,55.4,365,0,3,3,0.396,0.382,0.222,medium,polyester,476.7
84.74,2.21,6.21,0.962,0.51,0,1,11,8,78.8,90,1,3,3,0.637,0.111,0.252,medium,polyester,54.6
3.99,40.51,5.55,0.358,0.0,0,0,6,40,72.2,3,3,0,6,0.354,0.267,0.379,ultra_high,barrier_film,95.4
72.65,0.79,6.03,1.0,1.68,1,0,10,4,70.1,14,1,0,2,0.599,0.151,0.25,breathable,specialty,62.5
36.63,33.15,4.85,0.91,0.0,0,1,8,2,59.7,5,1,0,3,0.472,0.13,0.397,high,laminate,641.9
35.09,29.27,4.87,0.862,0.0,0,1,8,-10,43.5,30,2,1,3,0.326,0.215,0.459,high,barrier_film,1107.1
100.0,0.33,6.24,0.965,127.69,1,1,10,4,88.6,14,2,1,3,0.384,0.275,0.341,breathable,specialty,67.2
78.89,1.18,6.05,0.976,137.34,1,1,10,20,48.9,90,2,3,3,0.05,0.537,0.413,breathable,specialty,4.8
13.26,4.74,7.57,0.634,1.53,0,0,9,20,68.5,120,0,3,3,0.437,0.395,0.169,medium,polyolefin,255.1
7.2,2.81,5.98,0.503,2.17,0,0,7,40,80.1,60,3,3,1,0.32,0.166,0.514,high,barrier_film,62.6
4.21,29.18,6.25,0.219,0.0,0,0,6,25,44.9,14,2,3,6,0.256,0.466,0.278,ultra_high,laminate,760.7
100.0,1.23,6.26,0.948,62.13,1,1,10,2,51.3,3,1,1,4,0.562,0.131,0.307,breathable,specialty,35.8
12.4,23.76,6.19,0.461,0.0,0,0,7,30,63.9,7,3,0,0,0.301,0.406,0.293,ultra_high,barrier_film,468.8
9.98,14.46,6.07,0.503,0.0,0,0,7,30,72.7,5,4,0,0,0.57,0.174,0.256,ultra_high,laminate,265.1
0.0,100.0,6.81,0.018,0.0,0,0,3,30,84.7,30,3,0,0,0.369,0.483,0.148,ultra_high,barrier_film,342.7
0.33,98.5,6.47,0.015,0.0,0,0,3,30,62.5,90,3,2,0,0.083,0.669,0.248,ultra_high,laminate,294.2
1.94,23.16,7.53,0.317,0.0,0,0,1,40,85.3,120,3,2,1,0.409,0.363,0.228,ultra_high,laminate,176.6
1.68,100.0,7.23,0.0,0.82,0,0,3,20,60.2,14,3,2,0,0.279,0.246,0.476,ultra_high,laminate,658.1
86.72,0.65,5.17,0.946,26.61,1,1,10,15,41.0,14,0,3,2,0.62,0.143,0.238,breathable,specialty,21.6
0.82,97.05,7.33,0.0,0.0,0,0,3,25,69.0,7,0,3,0,0.28,0.262,0.458,ultra_high,barrier_film,417.4
4.23,33.71,5.81,0.252,0.63,0,0,6,20,67.5,90,3,1,6,0.342,0.384,0.274,ultra_high,barrier_film,848.0
2.18,50.02,5.45,0.35,2.47,0,0,6,20,76.5,365,2,2,6,0.211,0.315,0.474,ultra_high,laminate,496.8
1.28,90.07,7.48,0.0,0.0,0,0,3,35,69.5,14,1,1,0,0.483,0.138,0.379,ultra_high,barrier_film,317.0
7.84,2.49,5.98,0.479,0.8,0,0,7,30,42.3,180,4,3,1,0.246,0.625,0.128,high,barrier_film,190.5
2.67,30.2,5.65,0.249,0.89,0,0,6,30,90.1,14,4,0,6,0.234,0.513,0.252,ultra_high,barrier_film,403.7
0.24,99.13,6.56,0.009,0.41,0,0,3,25,90.2,3,3,3,0,0.2,0.101,0.699,ultra_high,laminate,428.4
2.7,30.22,6.31,0.24,2.21,0,0,6,25,57.6,180,4,1,6,0.399,0.539,0.062,ultra_high,laminate,616.2
78.37,0.1,6.15,0.95,0.28,1,0,10,15,47.7,120,1,0,2,0.579,0.164,0.257,breathable,specialty,22.9
86.33,1.27,7.0,1.0,0.0,0,1,11,-18,62.0,90,3,2,3,0.209,0.206,0.585,medium,bioplastic,276.9
7.17,25.89,5.79,0.48,0.0,0,0,7,35,75.2,7,2,0,0,0.593,0.154,0.253,ultra_high,laminate,282.9
8.76,19.47,6.16,0.465,0.0,0,0,7,35,79.9,7,0,0,0,0.015,0.848,0.138,ultra_high,barrier_film,231.8
24.23,11.5,6.43,0.864,0.0,0,1,1,20,60.3,365,0,0,3,0.35,0.336,0.314,high,laminate,190.4
71.45,0.0,4.95,0.965,31.81,1,1,2,8,71.5,21,0,1,4,0.401,0.471,0.128,breathable,specialty,33.7
99.92,0.08,3.2,0.979,60.49,1,1,2,8,83.2,365,4,0,3,0.364,0.125,0.511,breathable,specialty,33.2
5.17,10.16,5.91,0.417,0.0,0,0,7,35,29.7,120,1,1,0,0.406,0.411,0.183,ultra_high,laminate,356.0
0.0,88.48,6.82,0.009,0.0,0,0,3,20,46.8,30,1,0,0,0.42,0.453,0.127,ultra_high,barrier_film,722.6
8.2,22.19,5.87,0.446,0.0,0,0,7,40,61.5,14,0,3,0,0.22,0.418,0.362,ultra_high,laminate,236.7
2.47,34.14,6.17,0.191,0.0,0,0,6,40,28.2,365,1,0,6,0.351,0.141,0.508,ultra_high,barrier_film,242.2
84.09,0.67,6.66,1.0,55.86,1,1,10,10,70.7,120,3,3,4,0.431,0.475,0.094,breathable,specialty,31.3
72.96,8.62,6.12,0.982,0.0,0,1,5,8,72.9,365,4,3,3,0.389,0.539,0.071,medium,polyester,50.0
81.22,0.04,5.75,0.989,2.39,1,0,10,25,89.6,21,3,0,2,0.408,0.16,0.432,breathable,specialty,6.3
80.75,0.57,5.25,1.0,24.87,1,1,10,25,58.3,180,2,2,2,0.478,0.376,0.146,breathable,specialty,5.8
14.53,1.12,5.99,0.545,0.0,0,0,9,25,29.8,180,1,1,1,0.473,0.302,0.226,high,polyester,584.9
74.71,4.97,6.28,0.975,0.0,0,1,5,0,87.7,21,0,1,3,0.386,0.136,0.478,medium,polyolefin,152.8
57.64,25.86,5.93,0.951,0.25,0,1,8,4,51.1,5,2,2,3,0.891,0.012,0.097,high,laminate,518.1
0.12,100.0,6.47,0.1,0.0,0,0,3,20,72.2,21,4,1,0,0.293,0.273,0.434,ultra_high,laminate,549.0
88.71,0.0,3.14,0.974,73.48,1,1,2,4,38.1,60,3,1,3,0.558,0.155,0.287,breathable,specialty,57.6
33.25,3.2,5.0,0.921,0.54,0,1,1,40,74.3,21,3,3,5,0.211,0.329,0.46,low,polyolefin,4.8
8.7,11.36,6.05,0.387,0.0,0,0,7,35,40.3,60,3,2,0,0.4,0.276,0.324,ultra_high,barrier_film,381.2
3.42,18.91,7.08,0.312,0.0,0,0,1,25,93.9,5,3,3,1,0.244,0.275,0.481,high,barrier_film,167.5
96.62,0.99,6.33,0.962,126.13,1,1,10,2,29.1,60,3,2,3,0.311,0.014,0.674,breathable,specialty,55.2
93.84,0.0,5.05,0.955,3.24,1,0,10,8,37.8,5,0,2,3,0.435,0.431,0.134,breathable,specialty,16.2
74.75,0.39,6.02,0.933,1.63,1,0,10,20,59.4,60,0,3,2,0.26,0.161,0.579,breathable,specialty,13.1
63.89,1.2,6.58,1.0,66.84,1,1,10,20,67.3,7,1,2,4,0.528,0.416,0.056,breathable,specialty,18.6
40.13,2.95,5.56,0.936,1.0,0,1,1,20,30.8,120,2,0,5,0.472,0.485,0.043,low,polyolefin,58.1
93.27,0.03,3.23,0.964,3.58,0,1,4,35,82.6,30,1,3,3,0.283,0.316,0.401,medium,polyester,8.7
68.8,2.68,4.33,0.976,2.39,0,1,8,2,41.9,3,4,3,3,0.352,0.5,0.148,medium,polyester,102.4
92.19,0.43,6.78,0.963,52.97,1,1,10,2,61.9,3,1,2,4,0.245,0.385,0.37,breathable,specialty,30.0
2.92,30.96,6.17,0.205,0.07,0,0,6,30,41.5,7,4,1,6,0.473,0.405,0.122,ultra_high,laminate,501.0
100.0,0.73,3.54,0.978,52.98,1,1,2,8,54.7,30,2,1,3,0.259,0.327,0.414,breathable,specialty,28.1
23.85,14.85,6.72,0.815,0.0,0,1,1,30,87.8,60,1,3,3,0.341,0.391,0.268,high,laminate,43.4
0.0,87.89,6.37,0.144,0.0,0,0,3,30,29.0,3,3,3,0,0.033,0.376,0.591,ultra_high,laminate,663.5
76.55,0.0,5.84,0.989,1.0,1,0,10,8,38.2,14,1,0,2,0.263,0.234,0.503,breathable,specialty,27.3
91.21,0.66,4.85,0.995,27.62,1,1,2,4,56.4,7,0,3,4,0.741,0.133,0.127,breathable,specialty,61.6
95.97,0.15,4.0,0.984,8.45,1,1,2,2,58.2,5,2,0,3,0.093,0.466,0.442,breathable,specialty,68.6
2.2,15.64,4.77,0.191,0.67,0,0,4,30,88.9,5,4,2,0,0.897,0.074,0.029,ultra_high,laminate,441.1
8.16,3.28,6.15,0.473,0.57,0,0,7,25,52.6,180,2,0,1,0.286,0.342,0.373,high,laminate,524.9
77.16,0.56,5.33,0.959,25.19,1,1,2,2,26.6,60,3,2,4,0.278,0.02,0.701,breathable,bioplastic,62.8
2.93,20.6,6.8,0.277,0.0,0,0,1,30,40.9,7,1,3,1,0.294,0.296,0.41,ultra_high,barrier_film,291.1
10.71,18.72,5.87,0.47,1.19,0,0,7,40,67.8,5,3,1,0,0.229,0.7,0.071,ultra_high,laminate,262.1
12.3,6.33,6.59,0.534,0.0,0,0,0,35,61.9,14,0,1,1,0.256,0.503,0.242,high,polyester,209.1
81.03,0.0,3.22,1.0,7.84,1,1,2,8,60.9,3,1,2,2,0.883,0.11,0.007,breathable,specialty,41.4
84.01,0.32,4.37,1.0,29.24,1,1,10,10,42.9,120,1,0,3,0.411,0.259,0.33,breathable,specialty,29.0
15.53,4.58,5.95,0.684,0.0,0,0,9,20,70.2,5,2,2,3,0.306,0.331,0.363,low,polyolefin,20.0
3.31,28.46,5.96,0.26,0.46,0,0,6,25,48.5,365,0,0,6,0.202,0.636,0.162,ultra_high,barrier_film,283.4
86.44,1.23,6.63,1.0,67.13,1,1,10,8,36.4,5,0,3,4,0.044,0.212,0.744,breathable,paper_based,46.0
0.48,100.0,6.89,0.0,1.17,0,0,3,35,54.6,60,2,2,0,0.081,0.763,0.155,ultra_high,barrier_film,265.0
8.47,22.03,5.75,0.483,1.22,0,0,7,25,62.8,365,0,1,0,0.313,0.214,0.473,ultra_high,laminate,350.1
96.23,0.0,3.55,0.975,6.74,1,1,2,25,80.3,30,3,3,2,0.556,0.405,0.039,breathable,specialty,6.2
76.36,0.0,5.95,0.957,1.82,1,0,10,10,42.5,14,2,1,2,0.389,0.39,0.221,breathable,specialty,17.7
0.0,100.0,6.54,0.015,1.37,0,0,3,25,36.1,365,3,2,0,0.435,0.538,0.027,ultra_high,laminate,544.1
75.29,0.02,5.07,0.949,1.98,1,0,10,15,50.6,7,4,0,3,0.457,0.384,0.16,breathable,specialty,20.1
4.3,51.53,5.95,0.382,0.0,0,0,6,35,42.3,180,4,1,6,0.471,0.316,0.213,ultra_high,laminate,147.3
97.18,0.0,3.78,0.977,67.99,1,1,2,20,58.8,120,4,0,3,0.414,0.299,0.287,breathable,specialty,6.8
96.42,0.44,6.74,0.981,96.94,1,1,10,15,41.0,120,1,1,3,0.137,0.708,0.155,breathable,specialty,11.6
10.76,15.03,6.18,0.429,0.0,0,0,7,35,34.2,60,1,3,0,0.136,0.499,0.365,ultra_high,laminate,318.1
86.36,0.0,3.63,1.0,0.13,0,1,4,30,43.5,5,2,1,3,0.116,0.844,0.04,medium,polyester,16.4
81.62,3.06,6.39,0.971,0.2,0,1,8,8,50.8,180,1,2,3,0.369,0.501,0.13,medium,polyester,74.3
6.9,12.72,5.67,0.443,0.49,0,0,7,25,55.5,21,1,3,0,0.363,0.468,0.169,ultra_high,laminate,380.5
46.16,2.79,5.86,0.961,0.76,0,1,1,20,81.3,365,0,1,5,0.04,0.069,0.891,low,paper_based,87.8
7.9,1.28,5.17,0.265,1.81,0,0,4,30,78.4,5,1,1,1,0.173,0.695,0.133,high,barrier_film,201.5
11.0,4.63,6.34,0.615,1.59,0,0,9,40,51.9,14,4,0,3,0.669,0.015,0.316,medium,polyolefin,59.8
81.4,2.17,7.32,1.0,1.41,0,1,11,8,73.6,7,1,3,3,0.346,0.289,0.364,medium,polyester,43.3
0.26,100.0,7.14,0.0,0.0,0,0,3,25,66.3,3,1,3,0,0.212,0.478,0.31,ultra_high,laminate,525.5
8.91,0.85,5.73,0.591,0.0,0,0,9,30,32.7,90,3,0,1,0.497,0.495,0.008,high,laminate,179.7
100.0,0.0,6.37,0.987,67.65,1,1,10,20,72.5,7,4,1,4,0.49,0.196,0.314,breathable,specialty,17.5
7.33,1.03,6.33,0.496,0.0,0,0,0,30,42.9,90,0,2,1,0.308,0.283,0.409,high,barrier_film,267.9
67.6,0.65,5.08,0.966,29.48,1,1,2,4,87.0,14,0,0,4,0.315,0.433,0.251,breathable,specialty,11.7
2.86,51.45,6.22,0.352,0.14,0,0,6,25,51.4,365,0,1,6,0.467,0.299,0.234,ultra_high,laminate,552.1
3.34,47.47,5.53,0.369,0.0,0,0,6,20,47.0,30,4,1,6,0.338,0.504,0.158,ultra_high,laminate,819.4
3.65,16.2,4.35,0.183,0.04,0,0,4,30,32.8,60,2,1,0,0.221,0.399,0.379,ultra_high,laminate,302.7
3.5,19.29,7.32,0.303,1.16,0,0,1,20,75.4,30,3,0,1,0.457,0.147,0.397,high,laminate,620.3
65.46,0.0,5.94,0.932,0.26,1,0,10,20,48.7,21,2,3,2,0.492,0.347,0.161,breathable,specialty,7.1
99.1,0.0,4.15,1.0,27.86,1,1,10,20,49.6,5,2,2,3,0.187,0.532,0.28,breathable,specialty,7.4
87.15,0.0,5.62,0.934,1.39,1,0,10,2,28.7,14,2,0,3,0.687,0.031,0.282,breathable,specialty,32.3
78.27,5.02,6.18,1.0,0.9,0,1,5,4,49.2,3,0,0,3,0.063,0.824,0.113,medium,polyolefin,96.7
0.0,100.0,7.12,0.031,0.0,0,0,3,25,49.3,60,0,2,0,0.281,0.257,0.462,ultra_high,barrier_film,562.1
3.49,20.39,7.03,0.305,0.0,0,0,1,20,30.5,120,0,1,1,0.513,0.067,0.42,ultra_high,barrier_film,1180.5
78.64,0.31,4.13,0.969,24.36,1,1,2,2,61.3,5,3,2,4,0.353,0.556,0.091,breathable,specialty,63.7
85.09,0.21,2.87,0.954,0.0,0,0,4,25,86.7,7,1,0,0,0.055,0.385,0.559,medium,paper_based,19.6
24.89,32.54,5.13,0.926,0.0,0,1,8,8,75.0,180,1,2,3,0.464,0.059,0.477,high,barrier_film,320.9
93.0,0.0,3.97,0.932,7.36,1,1,2,20,78.2,365,2,3,3,0.317,0.266,0.417,breathable,specialty,8.5
8.79,21.87,6.42,0.416,0.0,0,0,7,40,53.5,3,0,2,0,0.412,0.405,0.183,ultra_high,barrier_film,227.0
5.31,51.18,5.46,0.336,0.0,0,0,6,35,89.9,14,3,3,6,0.263,0.371,0.367,ultra_high,barrier_film,212.8
11.36,0.64,6.01,0.639,0.0,0,0,9,40,63.1,5,3,1,1,0.178,0.331,0.491,medium,polyolefin,78.9
6.23,14.23,4.96,0.192,0.47,0,0,4,30,41.3,60,2,1,0,0.379,0.408,0.213,ultra_high,laminate,244.6
78.75,8.4,5.52,0.986,0.01,0,1,5,4,26.7,3,2,3,3,0.485,0.116,0.399,medium,polyolefin,36.2
10.5,0.44,5.94,0.504,0.2,0,0,0,35,90.5,90,0,1,1,0.276,0.367,0.357,high,polyester,163.1
8.94,10.81,5.66,0.373,0.0,0,0,7,30,54.3,30,1,2,0,0.325,0.417,0.258,ultra_high,barrier_film,504.9
7.16,16.16,5.83,0.43,2.21,0,0,7,35,37.5,14,2,2,0,0.481,0.002,0.517,ultra_high,barrier_film,408.1
13.33,2.74,5.93,0.489,1.02,0,0,7,40,78.5,7,3,3,1,0.415,0.316,0.269,high,laminate,132.7
6.68,44.51,6.32,0.325,0.0,0,0,6,35,27.5,14,3,3,6,0.368,0.253,0.379,ultra_high,laminate,264.4
7.9,14.86,5.84,0.385,1.33,0,0,7,25,72.0,30,0,0,0,0.203,0.307,0.49,ultra_high,laminate,367.4
76.17,9.19,5.64,0.988,0.0,0,1,5,0,70.2,5,4,0,3,0.243,0.536,0.221,medium,polyolefin,206.1
77.54,4.57,6.24,0.995,0.0,0,1,5,2,70.8,90,4,0,3,0.174,0.425,0.401,medium,polyolefin,92.0
86.01,0.99,3.8,0.933,7.42,1,1,2,25,59.2,21,1,1,3,0.405,0.203,0.391,breathable,specialty,9.3
0.0,100.0,7.25,0.01,0.0,0,0,3,40,68.7,5,0,1,0,0.508,0.169,0.323,ultra_high,laminate,313.8
2.75,38.23,5.89,0.195,0.0,0,0,6,30,31.1,5,1,0,6,0.256,0.376,0.368,ultra_high,laminate,563.0
63.61,24.62,5.66,0.958,0.5,0,1,8,0,97.1,14,4,1,3,0.444,0.184,0.372,high,polyester,194.4
79.87,0.12,6.02,1.0,8.09,1,1,10,20,94.2,30,0,1,2,0.153,0.838,0.008,breathable,specialty,4.5
6.31,0.0,5.01,0.233,0.0,0,0,4,30,51.6,14,1,3,1,0.209,0.457,0.334,high,polyester,158.8
1.86,14.84,5.46,0.239,0.0,0,0,4,35,65.0,14,4,2,0,0.154,0.071,0.774,ultra_high,barrier_film,230.3
74.33,5.88,5.89,1.0,0.18,0,1,5,2,80.2,7,4,3,3,0.173,0.434,0.393,medium,polyester,102.7
7.3,22.08,5.84,0.449,0.0,0,0,7,20,62.3,5,4,0,0,0.235,0.652,0.113,ultra_high,laminate,267.9
78.71,0.65,5.72,0.972,19.66,1,1,10,8,33.3,5,4,1,2,0.342,0.467,0.191,breathable,specialty,33.5
6.28,21.85,5.8,0.455,1.3,0,0,7,35,26.1,3,0,3,0,0.66,0.139,0.201,ultra_high,barrier_film,235.0
70.94,10.0,6.24,0.979,0.0,0,1,5,2,30.1,90,1,1,3,0.325,0.247,0.428,medium,polyester,196.0
100.0,0.79,3.45,0.992,9.25,1,1,2,15,74.7,7,1,2,2,0.832,0.001,0.167,breathable,specialty,10.3
1.34,13.1,5.63,0.215,0.0,0,0,4,30,41.2,30,4,0,0,0.048,0.474,0.478,ultra_high,laminate,450.9
7.6,14.49,5.41,0.414,0.44,0,0,7,30,70.6,365,3,0,0,0.293,0.109,0.598,ultra_high,laminate,258.0
11.63,0.0,6.15,0.501,0.0,0,0,0,30,50.4,120,2,3,1,0.013,0.749,0.238,high,laminate,312.9
11.09,5.41,6.82,0.529,0.0,0,0,0,20,87.1,90,2,2,1,0.09,0.416,0.495,high,laminate,409.0
0.86,28.11,5.79,0.263,0.0,0,0,6,40,57.5,365,2,2,6,0.152,0.037,0.811,ultra_high,bioplastic,146.7
9.07,20.89,5.99,0.441,0.0,0,0,7,25,78.2,21,1,3,0,0.321,0.381,0.299,ultra_high,laminate,258.1
78.79,0.43,3.47,0.979,6.23,1,1,2,4,62.6,120,2,3,3,0.252,0.575,0.173,breathable,specialty,29.7
83.4,1.08,5.79,0.95,1.08,1,0,10,10,82.5,3,0,3,3,0.133,0.544,0.323,breathable,specialty,20.4
100.0,0.0,2.6,0.972,0.0,0,0,4,20,50.7,21,0,3,0,0.026,0.284,0.69,medium,paper_based,24.7
19.85,18.13,6.41,0.826,2.14,0,1,1,35,70.2,21,1,2,3,0.246,0.204,0.549,high,polyester,9.7
77.75,4.49,5.74,0.992,0.0,0,1,5,-10,68.9,14,2,0,3,0.702,0.012,0.286,medium,polyester,282.2
87.6,0.0,5.31,0.977,29.01,1,1,10,8,89.0,3,4,0,2,0.268,0.599,0.133,breathable,specialty,20.7
7.99,8.7,6.06,0.374,1.72,0,0,7,40,22.6,5,1,1,0,0.147,0.462,0.391,ultra_high,laminate,154.1
2.29,29.58,5.56,0.252,0.51,0,0,6,25,74.4,3,3,1,6,0.352,0.215,0.433,ultra_high,barrier_film,204.8
0.4,100.0,6.73,0.007,1.38,0,0,3,25,72.2,60,2,3,0,0.188,0.363,0.449,ultra_high,laminate,537.7
49.88,24.86,5.87,0.976,0.53,0,1,8,0,52.1,3,4,0,3,0.483,0.212,0.305,high,polyester,449.6
14.1,0.0,6.23,0.582,1.57,0,0,9,25,83.3,21,0,0,1,0.212,0.311,0.477,high,laminate,170.6
15.3,4.03,6.55,0.636,0.11,0,0,9,35,30.1,14,2,3,3,0.566,0.433,0.001,low,polyolefin,23.2
81.29,0.73,3.53,0.978,48.79,1,1,2,8,53.8,90,4,0,3,0.321,0.406,0.273,breathable,specialty,28.5
84.8,5.05,6.14,0.989,0.61,0,1,5,0,27.4,14,0,0,3,0.05,0.63,0.32,medium,polyester,139.8
9.39,21.01,5.36,0.455,0.0,0,0,7,30,40.0,90,2,0,0,0.359,0.366,0.274,ultra_high,laminate,348.4
11.82,1.94,6.44,0.569,1.72,0,0,9,20,32.6,14,2,1,1,0.706,0.071,0.223,high,polyester,314.8
9.7,15.12,6.16,0.489,0.0,0,0,7,40,78.5,21,0,0,0,0.391,0.125,0.484,ultra_high,laminate,213.4
71.58,0.23,3.73,0.984,8.44,1,1,2,10,69.8,180,1,1,2,0.299,0.113,0.588,breathable,specialty,11.3
41.47,23.0,5.52,0.959,0.0,0,1,8,-10,29.6,180,1,2,3,0.113,0.473,0.414,high,barrier_film,858.0
85.69,0.41,3.68,0.956,61.75,1,1,2,25,51.9,180,0,1,3,0.408,0.268,0.323,breathable,specialty,1.9
42.62,22.61,5.61,0.976,0.0,0,1,8,-10,32.0,365,2,2,3,0.381,0.286,0.333,high,laminate,1284.9
77.79,0.72,4.69,0.929,2.85,1,0,10,4,88.5,365,0,3,3,0.423,0.279,0.298,breathable,specialty,38.4
5.05,0.74,5.67,0.251,0.34,0,0,4,25,78.0,120,4,1,1,0.006,0.841,0.153,high,barrier_film,252.2
91.03,0.07,3.32,0.991,0.06,0,0,4,35,65.7,60,4,2,0,0.338,0.42,0.242,medium,polyolefin,12.6
5.88,22.38,5.72,0.46,0.0,0,0,7,25,60.4,14,4,0,0,0.376,0.299,0.325,ultra_high,laminate,899.2
88.73,0.25,2.67,0.95,52.74,1,1,2,10,29.3,365,3,2,3,0.334,0.583,0.084,breathable,specialty,35.5
77.42,0.0,2.95,0.972,0.42,0,0,4,25,73.1,365,0,3,0,0.01,0.508,0.482,medium,polyolefin,15.5
75.39,1.45,6.63,0.982,0.0,0,1,11,-10,48.6,7,4,2,3,0.026,0.557,0.417,medium,polyester,141.3
84.93,0.03,5.6,0.957,9.3,1,1,10,4,29.9,3,4,0,2,0.477,0.174,0.349,breathable,specialty,14.5
9.04,14.23,6.74,0.418,0.0,0,0,7,30,69.7,14,1,2,0,0.308,0.454,0.238,ultra_high,barrier_film,494.8
56.73,25.42,6.7,0.998,0.0,0,1,8,2,77.1,60,2,0,3,0.479,0.347,0.174,high,laminate,299.0
1.72,100.0,5.96,0.087,0.29,0,0,3,30,83.5,14,3,0,0,0.504,0.423,0.073,ultra_high,barrier_film,564.4
81.02,1.28,3.47,0.994,29.32,1,1,10,10,42.5,5,2,1,3,0.304,0.076,0.62,breathable,specialty,16.2
7.3,1.08,6.72,0.497,0.16,0,0,0,40,41.4,90,1,0,1,0.282,0.51,0.208,high,laminate,174.2
94.02,0.0,3.4,1.0,8.0,1,1,2,2,50.5,90,3,2,2,0.128,0.425,0.447,breathable,specialty,31.1
85.71,0.48,2.62,0.977,0.0,0,0,4,25,54.9,30,4,3,0,0.237,0.231,0.532,medium,bioplastic,24.7
31.47,33.46,5.14,0.902,0.0,0,1,8,-18,44.8,120,1,3,3,0.253,0.421,0.326,high,polyester,1220.2
9.91,4.1,6.72,0.624,0.0,0,0,9,25,48.2,365,2,3,3,0.119,0.469,0.412,medium,polyolefin,274.8
84.38,0.9,4.07,0.98,32.87,1,1,2,4,62.1,365,0,2,4,0.225,0.318,0.457,breathable,specialty,22.5
83.56,0.1,3.48,0.969,5.85,1,1,2,25,62.6,365,0,3,2,0.051,0.844,0.105,breathable,specialty,6.5
74.93,0.1,4.23,1.0,27.25,1,1,2,8,78.2,14,0,0,4,0.47,0.478,0.052,breathable,specialty,29.6
67.72,8.03,5.7,0.981,0.97,0,1,5,0,34.1,7,2,3,3,0.036,0.526,0.438,medium,polyester,156.6
73.52,3.62,3.69,1.0,1.04,0,1,8,8,70.9,365,3,0,3,0.053,0.459,0.488,medium,polyolefin,79.7
100.0,0.14,3.77,1.0,79.65,1,1,2,8,39.8,21,4,2,3,0.106,0.314,0.579,breathable,specialty,16.8
9.47,15.49,6.12,0.472,0.0,0,0,7,20,30.4,60,0,1,0,0.42,0.336,0.244,ultra_high,laminate,422.5
1.51,29.18,5.73,0.272,0.0,0,0,6,40,77.5,7,0,2,6,0.387,0.295,0.318,ultra_high,laminate,219.7
88.25,0.04,6.2,0.965,9.81,1,1,10,2,78.3,14,1,3,2,0.466,0.202,0.332,breathable,specialty,51.5
81.9,0.16,6.34,0.968,78.96,1,1,10,20,77.9,21,0,2,4,0.332,0.316,0.351,breathable,specialty,14.5
80.98,1.91,3.68,0.984,0.44,0,1,8,-10,74.7,21,0,0,3,0.433,0.343,0.224,medium,polyester,356.6
2.92,19.4,7.16,0.321,0.0,0,0,1,35,78.9,21,1,0,1,0.582,0.207,0.211,high,laminate,153.7
100.0,0.2,4.65,1.0,28.09,1,1,2,8,61.2,180,4,0,4,0.304,0.488,0.208,breathable,specialty,31.3
9.3,14.13,6.13,0.458,0.11,0,0,7,30,47.6,3,3,0,0,0.615,0.014,0.371,ultra_high,laminate,641.0
3.04,50.73,6.05,0.396,0.0,0,0,6,30,88.7,30,4,0,6,0.421,0.127,0.452,ultra_high,laminate,345.6
0.83,100.0,6.16,0.118,1.22,0,0,3,20,52.5,21,2,3,0,0.128,0.298,0.574,ultra_high,barrier_film,608.0
84.7,10.7,5.41,1.0,1.51,0,1,5,8,58.4,7,3,1,3,0.612,0.266,0.122,high,polyester,48.0
98.3,0.63,6.63,1.0,98.03,1,1,10,8,80.1,90,0,3,3,0.329,0.443,0.228,breathable,specialty,19.2
65.01,1.51,7.21,1.0,0.48,0,1,11,2,93.7,14,3,0,3,0.2,0.216,0.584,medium,bioplastic,116.6
0.43,26.21,6.28,0.189,0.0,0,0,6,40,36.2,60,1,0,6,0.28,0.64,0.08,ultra_high,barrier_film,138.0
80.04,0.25,6.23,0.96,7.92,1,1,10,2,46.5,365,2,1,2,0.71,0.149,0.141,breathable,specialty,18.4
13.8,1.82,5.85,0.521,0.0,0,0,9,20,72.6,60,0,3,1,0.124,0.547,0.329,high,barrier_film,305.0
77.7,0.2,5.73,0.951,6.63,1,1,10,15,84.3,90,0,0,2,0.488,0.33,0.182,breathable,specialty,21.8
94.51,0.0,4.64,1.0,33.05,1,1,2,10,90.1,60,4,1,4,0.466,0.409,0.125,breathable,specialty,29.5
66.46,11.87,5.66,0.999,0.0,0,1,5,4,62.2,30,1,0,3,0.146,0.786,0.068,high,laminate,117.4
77.79,11.09,5.49,0.997,0.16,0,1,5,8,51.3,21,4,2,3,0.27,0.363,0.367,high,polyester,81.8
1.42,0.39,5.52,0.23,0.0,0,0,4,40,46.7,3,4,1,1,0.354,0.238,0.408,high,laminate,64.7
81.96,0.0,3.13,0.991,0.0,0,0,4,40,41.3,30,0,0,0,0.049,0.516,0.435,medium,polyolefin,1.6
72.54,5.19,6.11,1.0,0.0,0,1,5,-18,73.8,60,3,3,3,0.395,0.325,0.28,medium,polyolefin,532.3
13.42,0.97,6.69,0.5,0.0,0,0,0,35,77.7,21,3,2,1,0.42,0.351,0.229,high,laminate,116.3
89.89,0.0,5.4,0.998,125.42,1,1,10,2,60.5,120,2,0,3,0.087,0.459,0.454,breathable,specialty,60.6
9.47,13.07,5.46,0.39,0.0,0,0,7,35,85.9,5,3,2,0,0.304,0.551,0.145,ultra_high,laminate,210.1
10.3,11.16,6.45,0.39,1.9,0,0,7,35,42.7,180,1,0,0,0.179,0.38,0.442,ultra_high,barrier_film,312.4
78.69,0.51,4.33,0.971,27.39,1,1,2,8,67.3,3,2,0,4,0.425,0.486,0.089,breathable,specialty,30.4
0.0,100.0,6.31,0.0,0.0,0,0,3,40,60.4,365,0,3,0,0.091,0.552,0.357,ultra_high,laminate,340.8
82.09,2.59,6.5,0.965,0.0,0,1,11,4,73.1,120,4,1,3,0.424,0.264,0.312,medium,polyolefin,138.9
0.44,24.22,5.78,0.205,0.0,0,0,6,25,29.9,3,4,3,6,0.556,0.37,0.074,ultra_high,barrier_film,445.2
91.49,0.0,5.55,0.913,0.52,1,0,10,20,83.9,5,0,2,3,0.313,0.458,0.229,breathable,specialty,10.1
93.17,0.02,5.85,1.0,7.41,1,1,10,25,93.8,5,1,3,2,0.06,0.854,0.086,breathable,specialty,6.6
92.58,0.0,3.31,1.0,0.0,0,0,4,40,31.2,14,0,0,0,0.078,0.539,0.383,medium,polyester,4.9
91.89,0.48,4.79,0.961,24.69,1,1,2,8,27.6,30,4,0,4,0.193,0.523,0.284,breathable,specialty,30.8
2.47,29.48,6.28,0.229,2.47,0,0,6,25,63.6,120,4,0,6,0.656,0.33,0.014,ultra_high,laminate,330.1
98.15,2.06,6.65,1.0,0.0,0,1,11,8,61.8,5,0,3,3,0.366,0.3,0.333,medium,polyolefin,66.4
96.31,5.41,6.0,1.0,1.26,0,1,5,0,79.5,3,2,3,3,0.455,0.319,0.226,medium,polyolefin,95.4
88.23,0.24,3.59,0.984,8.54,1,1,2,2,54.2,30,4,3,2,0.484,0.238,0.278,breathable,specialty,48.8
34.0,41.33,4.89,0.883,1.1,0,1,8,-10,35.0,30,0,0,3,0.797,0.126,0.077,high,laminate,1093.5
1.46,75.38,6.53,0.012,0.0,0,0,3,40,46.8,180,2,1,0,0.509,0.142,0.349,ultra_high,barrier_film,185.3
3.69,16.84,5.09,0.214,0.0,0,0,4,30,78.9,30,3,3,0,0.327,0.379,0.293,ultra_high,barrier_film,304.3
0.0,94.02,7.54,0.0,0.02,0,0,3,25,66.5,30,0,1,0,0.352,0.184,0.464,ultra_high,laminate,584.7
11.92,1.79,6.16,0.541,0.26,0,0,9,35,92.7,180,3,2,1,0.006,0.149,0.846,high,bioplastic,134.9
78.55,0.39,3.31,0.948,7.93,1,1,2,8,89.1,120,1,2,2,0.376,0.596,0.029,breathable,specialty,22.2
5.04,14.66,5.47,0.431,0.0,0,0,7,35,89.3,7,2,3,0,0.322,0.234,0.445,ultra_high,barrier_film,205.6
5.55,1.21,5.64,0.28,0.89,0,0,4,35,51.5,3,0,0,1,0.343,0.458,0.199,high,laminate,98.3
13.92,0.0,6.29,0.564,1.0,0,0,9,30,88.8,60,4,3,1,0.253,0.521,0.226,high,laminate,233.6
77.13,5.01,6.49,0.94,0.0,0,1,5,4,73.1,120,0,1,3,0.364,0.307,0.33,medium,polyolefin,83.3
3.96,12.1,5.02,0.177,0.05,0,0,4,30,47.6,5,1,2,0,0.135,0.124,0.741,ultra_high,laminate,197.6
12.82,0.0,6.22,0.574,0.16,0,0,9,40,78.5,60,0,1,1,0.367,0.294,0.34,high,laminate,131.9
2.3,46.01,5.82,0.34,2.19,0,0,6,40,43.3,120,1,1,6,0.729,0.182,0.088,ultra_high,barrier_film,299.7
57.58,9.93,5.84,0.981,0.98,0,1,5,-10,81.1,3,2,3,3,0.342,0.343,0.315,low,polyolefin,335.3
1.85,100.0,6.41,0.095,0.14,0,0,3,40,71.8,180,4,0,0,0.354,0.376,0.27,ultra_high,barrier_film,124.3
94.66,0.17,4.53,1.0,29.33,1,1,10,20,66.7,3,1,3,3,0.247,0.375,0.378,breathable,specialty,5.6
11.33,5.53,6.61,0.528,0.35,0,0,0,25,54.4,90,3,3,1,0.553,0.324,0.123,high,barrier_film,331.7
87.22,2.14,6.25,0.989,0.1,0,1,11,2,75.1,90,2,3,3,0.12,0.533,0.347,medium,polyester,17.1
87.58,0.0,3.47,0.974,6.45,1,1,2,20,37.3,5,0,1,3,0.344,0.177,0.479,breathable,specialty,9.5
87.37,0.65,4.73,0.997,29.99,1,1,2,2,53.4,7,1,1,4,0.402,0.233,0.365,breathable,specialty,56.8
7.17,21.15,5.94,0.452,0.0,0,0,7,25,92.9,90,1,3,0,0.095,0.822,0.083,ultra_high,barrier_film,616.2
89.48,0.15,4.57,0.977,26.4,1,1,2,4,62.4,365,1,1,4,0.081,0.707,0.211,breathable,specialty,15.9
100.0,0.52,5.98,0.953,29.25,1,1,10,2,32.2,21,3,3,2,0.509,0.44,0.051,breathable,specialty,69.8
93.56,0.22,6.34,0.978,73.56,1,1,10,15,31.4,60,1,2,4,0.234,0.619,0.147,breathable,specialty,20.7
80.35,0.61,5.74,0.987,26.5,1,1,10,2,57.9,14,0,2,2,0.391,0.334,0.275,breathable,specialty,62.4
100.0,0.49,6.67,1.0,75.64,1,1,10,25,87.7,7,2,0,4,0.596,0.066,0.338,breathable,specialty,5.3
32.14,34.24,5.0,0.894,0.0,0,1,8,4,52.9,90,2,1,3,0.498,0.157,0.344,high,polyester,380.7
2.61,32.85,5.86,0.229,1.52,0,0,6,35,71.3,14,0,2,6,0.677,0.004,0.319,ultra_high,laminate,240.9
1.33,94.07,6.7,0.08,0.0,0,0,3,30,55.7,21,1,0,0,0.761,0.124,0.115,ultra_high,laminate,498.1
73.17,0.43,5.49,0.955,1.19,1,0,10,2,88.1,180,0,3,2,0.548,0.018,0.433,breathable,specialty,108.2
5.24,42.97,6.28,0.337,0.0,0,0,6,35,30.5,60,1,1,6,0.284,0.411,0.305,ultra_high,barrier_film,416.4
3.57,1.22,5.94,0.222,0.0,0,0,4,35,88.2,7,0,1,1,0.459,0.122,0.42,high,polyester,137.7
77.91,0.0,4.9,0.957,18.76,1,1,2,2,50.4,21,1,3,4,0.478,0.463,0.059,breathable,specialty,59.9
86.66,0.0,3.76,0.973,7.64,1,1,2,4,79.6,180,0,3,3,0.306,0.227,0.467,breathable,specialty,53.9
12.51,6.49,6.65,0.562,0.0,0,0,0,40,30.7,180,4,1,1,0.621,0.068,0.311,high,laminate,90.7
6.57,20.97,6.72,0.311,0.27,0,0,1,35,30.7,7,1,2,1,0.65,0.229,0.121,ultra_high,laminate,426.2
0.06,23.04,6.37,0.288,0.0,0,0,1,35,55.6,21,0,0,1,0.247,0.539,0.214,ultra_high,laminate,281.1
3.33,31.27,6.08,0.263,0.04,0,0,6,35,65.9,365,0,0,6,0.341,0.368,0.292,ultra_high,laminate,276.5
100.0,0.0,3.22,1.0,0.47,0,0,4,30,53.0,21,3,3,0,0.493,0.28,0.227,medium,polyolefin,25.6
2.91,32.79,6.0,0.242,1.4,0,0,6,30,35.4,180,4,1,6,0.415,0.416,0.168,ultra_high,laminate,368.3
75.19,0.31,6.51,0.981,60.98,1,1,10,4,54.5,365,2,1,4,0.825,0.165,0.01,breathable,specialty,45.5
31.97,36.63,4.45,0.888,0.83,0,1,8,4,27.0,30,1,1,3,0.358,0.313,0.329,high,laminate,655.0
70.27,10.17,5.7,0.977,1.21,0,1,5,4,51.3,3,0,3,3,0.267,0.309,0.424,high,barrier_film,67.1
4.47,43.27,6.05,0.35,0.0,0,0,6,35,30.1,180,2,3,6,0.203,0.603,0.194,ultra_high,barrier_film,388.7
94.74,0.0,5.19,0.966,2.38,1,0,10,4,34.2,365,2,2,3,0.273,0.369,0.359,breathable,specialty,51.4
2.36,55.7,6.07,0.381,0.51,0,0,6,25,67.6,3,1,0,6,0.173,0.524,0.303,ultra_high,barrier_film,480.4
85.21,0.0,5.7,0.954,3.08,1,0,10,15,80.4,14,1,3,2,0.074,0.596,0.33,breathable,specialty,10.1
8.94,13.04,5.71,0.439,1.51,0,0,7,25,90.2,14,3,1,0,0.155,0.526,0.319,ultra_high,laminate,377.1
73.99,0.14,3.76,0.983,8.87,1,1,2,2,87.3,60,4,1,3,0.607,0.054,0.339,breathable,specialty,52.2
94.55,0.25,5.67,0.986,8.22,1,1,10,8,47.9,5,2,2,2,0.195,0.37,0.435,breathable,specialty,28.1
96.25,0.39,5.91,1.0,104.68,1,1,10,4,58.3,365,0,0,3,0.427,0.311,0.262,breathable,specialty,46.4
100.0,0.74,3.16,1.0,64.22,1,1,2,8,60.0,3,4,0,3,0.136,0.407,0.457,breathable,specialty,45.5
91.1,0.0,3.26,1.0,62.0,1,1,2,15,88.2,7,3,0,3,0.341,0.237,0.422,breathable,specialty,20.4
26.29,17.67,6.56,0.843,0.0,0,1,1,40,28.2,14,3,1,3,0.13,0.379,0.491,high,polyester,38.6
84.55,0.17,3.79,0.965,7.93,1,1,2,2,77.6,5,3,2,2,0.199,0.274,0.527,breathable,specialty,29.2
33.1,32.5,5.69,0.868,0.0,0,1,8,8,40.2,365,3,0,3,0.493,0.2,0.307,high,polyester,178.3
77.68,1.97,6.59,1.0,0.0,0,1,11,8,40.3,14,4,2,3,0.487,0.466,0.047,medium,polyolefin,55.2
60.6,12.98,5.49,0.994,0.0,0,1,5,4,27.9,3,2,0,3,0.588,0.108,0.304,high,barrier_film,182.0
9.94,4.94,6.2,0.635,1.07,0,0,9,20,87.8,120,1,1,3,0.265,0.331,0.404,medium,polyolefin,200.3
2.93,52.71,5.68,0.361,1.44,0,0,6,25,35.8,90,1,2,6,0.412,0.198,0.39,ultra_high,laminate,558.0
6.28,0.24,6.01,0.303,0.41,0,0,4,40,27.3,5,4,2,1,0.167,0.074,0.76,high,bioplastic,127.4
84.66,0.74,4.13,0.978,9.93,1,1,2,4,97.4,60,1,2,2,0.278,0.259,0.463,breathable,specialty,63.9
1.07,31.45,5.9,0.178,0.32,0,0,6,35,65.3,60,0,3,6,0.43,0.092,0.478,ultra_high,barrier_film,184.6
26.65,30.69,5.47,0.906,0.0,0,1,8,2,70.2,120,2,1,3,0.404,0.18,0.416,high,barrier_film,200.5
84.41,3.61,6.85,0.978,0.2,0,1,8,2,83.4,90,4,2,3,0.181,0.45,0.369,medium,polyolefin,57.5
4.72,33.64,5.54,0.197,0.0,0,0,6,40,41.0,14,4,3,6,0.614,0.3,0.086,ultra_high,laminate,318.9
51.71,25.02,6.05,0.986,0.0,0,1,8,4,69.6,120,0,3,3,0.394,0.296,0.31,high,laminate,309.4
87.41,0.18,6.18,0.959,9.27,1,1,10,8,33.2,90,2,0,2,0.456,0.224,0.32,breathable,specialty,27.1
48.7,29.49,6.11,0.972,0.83,0,1,8,4,56.7,3,3,1,3,0.088,0.227,0.685,high,bioplastic,327.5
3.59,1.09,5.43,0.268,2.01,0,0,4,35,51.7,90,2,2,1,0.379,0.302,0.32,high,polyester,199.1
79.45,0.0,3.26,0.951,8.26,1,1,2,25,47.1,30,3,1,2,0.454,0.297,0.249,breathable,specialty,6.1
87.29,3.01,3.93,0.988,1.53,0,1,8,8,94.1,5,2,1,3,0.222,0.241,0.537,medium,bioplastic,66.3
45.97,22.7,5.91,0.975,0.39,0,1,8,2,94.9,180,3,2,3,0.217,0.508,0.275,high,laminate,381.4
87.42,2.24,5.95,1.0,122.0,1,1,10,4,93.6,365,2,3,3,0.049,0.371,0.579,breathable,specialty,24.0
6.26,1.37,5.34,0.273,0.0,0,0,4,20,42.4,60,1,2,1,0.118,0.292,0.59,high,polyester,355.9
15.12,4.19,6.62,0.641,0.0,0,0,9,20,65.9,365,2,2,3,0.373,0.51,0.117,low,polyolefin,62.6
7.06,24.07,5.94,0.447,0.62,0,0,7,35,60.5,120,3,1,0,0.391,0.035,0.573,ultra_high,barrier_film,265.2
88.27,0.37,6.14,0.981,123.44,1,1,10,4,57.6,90,3,3,3,0.237,0.39,0.373,breathable,specialty,38.0
89.54,0.25,3.73,0.975,0.0,0,1,4,35,28.0,180,3,3,3,0.348,0.465,0.187,medium,polyester,10.0
0.0,100.0,7.18,0.002,0.0,0,0,3,30,44.0,14,4,1,0,0.295,0.43,0.275,ultra_high,barrier_film,484.1
50.16,26.29,5.5,0.964,0.0,0,1,8,2,69.6,3,4,3,3,0.549,0.139,0.312,high,laminate,669.3
5.43,20.16,6.2,0.44,0.77,0,0,7,30,50.8,90,2,1,0,0.285,0.356,0.36,ultra_high,barrier_film,418.5
2.61,30.56,5.83,0.269,0.0,0,0,6,30,26.9,90,2,0,6,0.1,0.198,0.702,ultra_high,barrier_film,419.9
0.21,18.38,7.07,0.298,0.0,0,0,1,40,73.4,5,0,2,1,0.0,0.473,0.527,high,polyester,84.3
78.45,0.0,6.32,1.0,83.76,1,1,10,10,53.7,180,3,2,3,0.34,0.338,0.322,breathable,specialty,52.5
82.88,5.21,5.8,1.0,0.0,0,1,5,2,24.2,60,1,1,3,0.406,0.201,0.393,medium,polyester,139.8
88.63,0.0,6.32,1.0,52.39,1,1,10,15,49.7,60,3,2,4,0.309,0.176,0.515,breathable,specialty,19.7
77.89,4.23,4.38,0.945,1.42,0,1,8,0,29.1,7,0,3,3,0.558,0.05,0.392,medium,polyester,124.4
63.99,0.79,6.96,0.984,0.22,0,1,11,8,70.0,7,0,2,3,0.039,0.586,0.374,medium,polyolefin,46.9
33.98,32.46,5.36,0.906,0.09,0,1,8,0,41.3,21,0,2,3,0.236,0.092,0.672,high,paper_based,426.3
4.5,13.42,4.19,0.194,1.52,0,0,4,35,63.0,180,1,1,0,0.292,0.556,0.152,ultra_high,barrier_film,307.1
2.74,35.32,5.27,0.267,1.74,0,0,6,25,73.0,30,0,3,6,0.209,0.037,0.754,ultra_high,barrier_film,607.5
79.05,9.04,5.61,0.975,0.49,0,1,5,2,51.8,30,2,3,3,0.43,0.083,0.487,medium,polyester,138.4
9.84,0.49,6.36,0.481,0.0,0,0,0,40,90.9,120,4,1,1,0.331,0.281,0.388,high,laminate,53.1
9.84,1.38,5.99,0.613,0.0,0,0,9,35,34.4,120,3,0,1,0.054,0.63,0.316,medium,polyester,64.0
11.05,9.79,5.94,0.407,0.0,0,0,7,20,57.7,365,2,0,0,0.015,0.585,0.4,ultra_high,laminate,780.2
7.26,13.85,5.94,0.481,0.31,0,0,7,40,30.5,365,3,0,0,0.409,0.537,0.054,ultra_high,barrier_film,258.7
10.01,3.02,6.27,0.517,0.0,0,0,7,40,91.5,21,2,1,1,0.171,0.462,0.367,high,barrier_film,177.5
13.61,0.89,6.67,0.577,0.0,0,0,9,30,79.2,14,4,0,1,0.2,0.176,0.624,high,bioplastic,227.1
91.95,0.01,6.36,0.961,8.14,1,1,10,8,77.1,60,1,2,2,0.449,0.209,0.342,breathable,specialty,23.0
4.76,19.24,5.03,0.215,0.0,0,0,4,20,28.8,180,2,0,0,0.193,0.276,0.531,ultra_high,barrier_film,566.7
90.64,0.0,5.78,0.956,21.06,1,1,10,20,88.6,120,1,3,2,0.617,0.009,0.374,breathable,specialty,5.3
79.13,3.01,6.74,0.966,0.0,0,1,8,8,83.0,3,3,2,3,0.468,0.293,0.239,medium,polyolefin,63.0
14.04,0.31,6.51,0.586,0.0,0,0,9,35,89.9,30,0,0,1,0.328,0.033,0.639,high,bioplastic,163.3
6.48,40.03,6.2,0.348,1.0,0,0,6,30,70.4,21,3,3,6,0.294,0.331,0.375,ultra_high,barrier_film,272.7
82.12,0.0,3.78,0.994,9.47,1,1,2,20,77.6,3,0,0,2,0.447,0.447,0.107,breathable,specialty,7.6
5.57,0.96,5.07,0.272,0.0,0,0,4,35,31.6,365,3,3,1,0.066,0.274,0.66,high,bioplastic,123.1
8.67,16.25,5.4,0.494,0.0,0,0,7,20,76.4,14,0,0,0,0.579,0.352,0.069,ultra_high,laminate,730.6
4.45,49.3,6.24,0.345,0.35,0,0,6,35,77.2,21,1,0,6,0.341,0.028,0.631,ultra_high,laminate,285.9
16.62,1.73,5.64,0.622,1.13,0,0,9,20,59.7,3,3,0,1,0.146,0.59,0.264,low,polyolefin,60.8
0.39,100.0,6.92,0.0,0.0,0,0,3,20,71.4,365,2,3,0,0.254,0.45,0.296,ultra_high,laminate,440.3
27.99,15.52,6.24,0.864,0.72,0,1,1,30,67.7,365,2,3,3,0.017,0.366,0.616,high,bioplastic,58.1
0.0,100.0,6.17,0.075,1.51,0,0,3,40,27.6,3,4,1,0,0.239,0.425,0.335,ultra_high,barrier_film,216.6
82.9,0.2,3.5,0.979,61.44,1,1,2,15,89.5,120,1,0,3,0.001,0.518,0.481,breathable,specialty,28.7
23.4,15.95,6.19,0.88,0.17,0,1,1,30,86.8,5,3,1,3,0.107,0.35,0.543,high,barrier_film,40.8
88.99,1.25,4.37,0.98,25.74,1,1,2,10,38.2,365,1,0,4,0.35,0.406,0.244,breathable,specialty,20.9
0.67,99.39,6.78,0.085,0.0,0,0,3,20,42.0,30,4,0,0,0.187,0.568,0.245,ultra_high,barrier_film,1136.6
26.61,14.63,6.76,0.863,0.0,0,1,1,20,66.5,120,0,3,3,0.339,0.313,0.348,high,laminate,159.4
26.6,33.62,5.09,0.902,0.0,0,1,8,2,70.1,60,4,3,3,0.396,0.473,0.131,high,barrier_film,305.9
10.43,12.97,5.65,0.461,0.4,0,0,7,25,53.1,7,2,3,0,0.414,0.27,0.316,ultra_high,barrier_film,398.4
9.84,0.91,6.56,0.565,0.0,0,0,9,25,81.4,365,1,3,1,0.256,0.029,0.715,high,bioplastic,267.4
100.0,0.0,3.66,0.945,0.0,0,1,4,20,78.0,180,3,1,3,0.607,0.115,0.278,medium,polyolefin,46.3
36.75,33.66,4.92,0.878,0.91,0,1,8,8,79.6,14,1,2,3,0.777,0.129,0.094,high,polyester,263.5
64.31,0.55,5.01,0.961,23.85,1,1,2,10,25.2,365,1,0,4,0.036,0.359,0.605,breathable,specialty,31.6
11.88,0.93,6.08,0.588,0.0,0,0,9,20,83.2,120,3,3,1,0.386,0.368,0.246,high,barrier_film,374.0
3.85,17.33,4.84,0.203,0.36,0,0,4,30,36.7,3,4,3,0,0.506,0.253,0.24,ultra_high,laminate,579.0
7.61,13.96,5.42,0.372,0.0,0,0,7,35,78.6,7,4,0,0,0.368,0.243,0.389,ultra_high,laminate,188.5
12.73,1.58,6.14,0.622,1.17,0,0,9,40,63.8,60,3,1,1,0.166,0.409,0.425,medium,polyolefin,114.7
13.07,5.68,6.4,0.561,0.1,0,0,0,40,57.5,120,2,0,1,0.447,0.167,0.386,high,barrier_film,106.8
2.91,13.24,4.93,0.215,0.0,0,0,4,30,31.3,365,0,2,0,0.354,0.228,0.418,ultra_high,laminate,318.9
1.02,35.74,6.07,0.229,0.81,0,0,6,20,62.3,120,1,1,6,0.217,0.352,0.431,ultra_high,laminate,954.8
10.58,8.4,5.85,0.397,1.03,0,0,7,30,86.8,14,2,0,0,0.229,0.455,0.316,ultra_high,barrier_film,367.2
71.81,0.0,6.14,0.988,1.54,1,0,10,25,45.0,180,0,1,2,0.328,0.255,0.417,breathable,specialty,7.3
9.81,7.68,6.39,0.521,0.75,0,0,0,25,62.5,90,0,2,1,0.276,0.41,0.314,high,polyester,483.0
3.86,1.12,4.85,0.23,1.22,0,0,4,25,30.3,120,4,1,1,0.518,0.382,0.1,high,laminate,342.5
49.12,28.69,6.25,0.976,0.03,0,1,8,0,43.1,60,2,3,3,0.384,0.217,0.399,high,barrier_film,301.6
37.02,36.07,5.58,0.898,0.0,0,1,8,8,92.8,5,4,0,3,0.002,0.971,0.027,high,barrier_film,223.9
95.28,2.39,3.84,0.954,0.0,0,1,8,-18,86.5,14,0,3,3,0.339,0.616,0.044,medium,polyolefin,295.0
92.28,0.95,5.29,0.99,7.54,1,1,10,8,30.9,30,0,0,2,0.346,0.427,0.227,breathable,specialty,46.1
0.0,83.86,6.91,0.0,0.25,0,0,3,40,58.4,14,2,1,0,0.651,0.124,0.226,ultra_high,laminate,115.3
1.02,89.09,6.27,0.077,0.0,0,0,3,40,41.0,14,1,2,0,0.282,0.424,0.294,ultra_high,laminate,235.0
9.82,6.25,6.09,0.547,0.31,0,0,0,40,29.2,30,2,3,1,0.623,0.018,0.358,high,polyester,112.8
2.1,40.49,6.61,0.345,1.47,0,0,6,30,24.5,60,3,2,6,0.051,0.19,0.759,ultra_high,barrier_film,186.0
0.0,86.07,6.91,0.039,0.36,0,0,3,20,69.4,180,0,3,0,0.228,0.348,0.424,ultra_high,barrier_film,587.2
3.87,53.63,5.84,0.344,0.89,0,0,6,40,66.0,30,4,0,6,0.112,0.297,0.591,ultra_high,laminate,202.9
100.0,0.08,3.19,0.993,0.0,0,0,4,30,60.1,30,1,1,0,0.406,0.446,0.148,medium,polyolefin,16.2
70.87,0.0,4.64,0.982,26.75,1,1,2,20,80.1,120,0,1,4,0.116,0.29,0.594,breathable,specialty,7.7
95.98,0.0,3.42,0.981,1.45,0,1,4,20,75.0,3,3,3,3,0.182,0.208,0.61,medium,paper_based,59.6
68.22,4.01,6.39,0.969,0.0,0,1,5,-10,30.3,365,4,1,3,0.536,0.132,0.333,medium,polyester,258.2
7.23,1.28,5.61,0.237,0.0,0,0,4,20,68.0,3,2,1,1,0.494,0.391,0.116,high,laminate,438.3
6.79,15.28,6.05,0.429,0.0,0,0,7,25,68.5,90,3,2,0,0.213,0.215,0.572,ultra_high,laminate,594.4
11.43,20.36,5.69,0.475,0.0,0,0,7,40,61.3,120,1,3,0,0.269,0.554,0.176,ultra_high,laminate,232.2
8.78,3.41,5.95,0.539,0.08,0,0,7,40,53.2,7,4,2,1,0.151,0.514,0.335,high,laminate,188.0
3.58,13.63,4.76,0.229,0.16,0,0,4,20,61.9,180,2,0,0,0.3,0.266,0.434,ultra_high,laminate,1140.3
82.9,3.12,6.53,0.985,0.0,0,1,8,8,36.8,14,1,2,3,0.382,0.554,0.064,medium,polyolefin,59.1
94.63,0.0,3.17,1.0,5.23,1,1,2,4,61.7,3,2,0,2,0.303,0.261,0.435,breathable,specialty,16.2
9.9,0.9,6.17,0.565,0.0,0,0,9,30,85.2,90,3,1,1,0.257,0.274,0.469,high,polyester,311.2
78.99,0.07,2.63,1.0,0.0,0,0,4,30,39.9,5,4,3,0,0.078,0.188,0.734,medium,paper_based,15.0
0.99,80.35,6.54,0.107,0.2,0,0,3,30,80.0,90,2,0,0,0.51,0.401,0.089,ultra_high,barrier_film,353.3
2.23,26.66,5.77,0.208,0.0,0,0,6,25,57.7,120,0,1,6,0.449,0.516,0.035,ultra_high,laminate,826.0
4.1,16.98,4.94,0.211,0.15,0,0,4,30,54.9,180,1,1,0,0.486,0.348,0.166,ultra_high,laminate,453.0
73.27,10.22,5.66,0.998,0.0,0,1,5,-10,47.7,5,2,1,3,0.126,0.388,0.485,high,polyester,440.7
24.69,18.24,6.86,0.855,2.29,0,1,1,20,93.5,365,3,3,3,0.282,0.403,0.315,high,laminate,81.6
100.0,0.0,2.96,1.0,0.03,0,1,4,30,32.9,60,1,3,3,0.419,0.476,0.105,medium,polyolefin,8.4
7.81,0.0,6.54,0.518,0.79,0,0,0,25,77.6,60,4,2,1,0.507,0.466,0.028,high,laminate,210.2
72.63,0.0,4.91,0.924,22.25,1,1,2,4,43.8,21,0,2,4,0.301,0.35,0.348,breathable,specialty,43.2
100.0,2.22,4.61,0.979,0.95,0,1,8,4,70.1,7,3,2,3,0.21,0.129,0.661,medium,paper_based,121.9
4.01,21.93,5.89,0.238,0.0,0,0,6,25,72.1,30,4,0,6,0.277,0.164,0.559,ultra_high,laminate,233.9
6.24,13.74,5.42,0.398,0.0,0,0,7,25,92.3,14,4,0,0,0.403,0.405,0.192,ultra_high,barrier_film,414.8
4.69,1.41,4.87,0.262,1.09,0,0,4,30,30.5,30,3,3,1,0.47,0.255,0.274,high,polyester,150.0
78.29,0.37,3.18,0.996,1.1,0,1,4,25,36.3,14,1,2,3,0.04,0.558,0.402,medium,polyolefin,21.3
90.21,0.0,6.0,0.952,2.93,1,0,10,4,55.9,14,2,0,2,0.055,0.483,0.462,breathable,specialty,41.9
88.32,0.36,4.37,0.986,26.35,1,1,2,10,81.4,5,2,0,4,0.253,0.116,0.631,breathable,specialty,23.2
10.91,5.65,6.49,0.554,0.06,0,0,0,20,31.6,3,0,1,1,0.479,0.418,0.103,high,polyester,433.3
90.32,0.18,2.5,0.978,1.91,0,0,4,30,43.9,7,4,2,0,0.463,0.057,0.479,medium,polyolefin,17.8
2.58,14.81,4.71,0.201,1.6,0,0,4,40,91.8,90,3,2,0,0.491,0.123,0.385,ultra_high,laminate,190.1
0.71,100.0,7.26,0.0,1.68,0,0,3,20,85.3,30,3,3,0,0.064,0.153,0.783,ultra_high,laminate,451.1
7.89,11.22,5.68,0.394,0.0,0,0,7,40,81.0,7,2,1,0,0.202,0.113,0.685,ultra_high,laminate,123.4
100.0,0.0,6.16,1.0,9.23,1,1,10,8,41.8,7,1,2,2,0.187,0.036,0.777,breathable,bioplastic,21.8
12.07,9.1,6.46,0.408,0.66,0,0,7,20,41.4,21,2,1,0,0.177,0.693,0.13,ultra_high,barrier_film,694.4
71.58,0.88,6.89,1.0,1.28,0,1,11,0,27.4,21,3,1,3,0.126,0.41,0.464,medium,polyolefin,120.2
100.0,0.0,6.44,0.952,128.04,1,1,10,15,58.5,120,4,2,3,0.511,0.045,0.444,breathable,specialty,15.7
13.24,4.04,6.49,0.632,0.0,0,0,9,20,70.4,7,2,3,3,0.692,0.18,0.128,medium,polyester,310.1
0.6,32.98,5.62,0.24,0.0,0,0,6,35,85.3,90,2,3,6,0.103,0.459,0.438,ultra_high,laminate,228.5
97.2,3.36,6.45,1.0,0.17,0,1,8,8,86.1,7,3,0,3,0.108,0.275,0.617,medium,paper_based,61.5
11.76,5.82,6.84,0.569,1.59,0,0,0,30,76.2,60,1,2,1,0.37,0.08,0.549,high,laminate,134.4
78.38,0.0,5.34,0.927,24.66,1,1,2,8,56.1,3,1,1,4,0.549,0.174,0.277,breathable,specialty,29.4
97.88,0.26,5.98,0.997,118.11,1,1,10,10,77.9,5,2,1,3,0.651,0.057,0.292,breathable,specialty,29.0
9.99,0.66,6.36,0.58,0.19,0,0,9,40,31.4,30,3,1,1,0.573,0.019,0.408,high,polyester,110.3
80.91,0.0,3.98,0.969,8.77,1,1,2,15,57.7,21,3,3,3,0.556,0.389,0.055,breathable,specialty,13.0
61.91,2.61,6.54,1.0,0.0,0,1,11,4,29.4,3,0,0,3,0.675,0.237,0.088,medium,polyolefin,80.9
78.73,2.74,4.3,0.987,0.0,0,1,8,4,79.9,3,0,2,3,0.144,0.183,0.673,medium,bioplastic,39.6
6.41,16.25,4.89,0.225,0.82,0,0,4,40,40.0,3,3,2,0,0.288,0.587,0.125,ultra_high,laminate,143.6
9.46,0.69,6.77,0.503,0.16,0,0,0,30,78.0,120,4,3,1,0.414,0.039,0.548,high,laminate,111.3
91.64,0.17,3.23,0.977,0.91,0,1,4,40,51.3,5,2,1,3,0.328,0.227,0.445,medium,polyester,6.5
66.42,29.27,5.89,0.976,0.0,0,1,8,8,58.2,5,2,1,3,0.161,0.378,0.461,high,barrier_film,60.7
35.63,32.89,5.19,0.931,0.0,0,1,8,0,40.0,5,0,3,3,0.146,0.699,0.156,high,barrier_film,353.3
62.07,0.0,3.19,1.0,69.13,1,1,2,15,76.1,60,0,3,3,0.488,0.082,0.43,breathable,specialty,17.1
92.42,0.35,3.84,0.976,54.98,1,1,2,2,88.6,180,0,2,3,0.427,0.018,0.554,breathable,specialty,42.9
0.0,100.0,7.4,0.0,0.0,0,0,3,25,65.1,120,3,2,0,0.356,0.202,0.442,ultra_high,barrier_film,330.4
9.84,5.62,6.46,0.555,0.0,0,0,0,25,61.3,14,4,3,1,0.362,0.368,0.27,high,laminate,166.7
78.42,1.36,3.6,1.0,72.15,1,1,2,4,94.6,21,1,0,3,0.288,0.285,0.426,breathable,specialty,20.5
23.74,15.14,6.14,0.851,0.59,0,1,1,20,68.6,180,1,2,3,0.533,0.417,0.05,high,barrier_film,109.9
6.92,15.27,5.59,0.439,0.25,0,0,7,35,77.1,7,0,0,0,0.096,0.62,0.284,ultra_high,barrier_film,156.4
45.98,20.99,6.22,0.981,0.9,0,1,8,4,58.4,5,0,0,3,0.301,0.002,0.697,high,bioplastic,322.5
70.13,0.0,3.23,0.995,0.01,0,1,4,40,59.4,14,1,1,3,0.407,0.25,0.343,medium,polyester,4.2
98.36,0.0,3.57,0.962,1.43,0,1,4,20,50.5,3,4,0,3,0.514,0.035,0.451,medium,polyester,20.2
4.19,36.56,5.51,0.394,0.0,0,0,6,30,52.3,5,4,2,6,0.139,0.449,0.412,ultra_high,barrier_film,463.4
80.98,0.0,3.5,0.953,9.27,1,1,2,2,69.4,5,4,0,2,0.271,0.399,0.329,breathable,specialty,31.7
77.87,1.58,7.28,1.0,0.0,0,1,11,8,30.8,5,3,3,3,0.545,0.209,0.247,medium,polyester,71.6
9.16,2.74,6.19,0.487,0.0,0,0,7,25,41.4,180,2,0,1,0.367,0.163,0.47,high,barrier_film,433.5
85.51,0.97,4.2,0.973,22.6,1,1,2,8,92.3,14,2,0,4,0.368,0.138,0.494,breathable,specialty,38.7
87.5,0.14,6.34,0.99,141.19,1,1,10,25,91.3,3,1,3,3,0.077,0.566,0.357,breathable,specialty,6.5
66.59,0.18,3.49,0.989,8.02,1,1,2,20,69.6,3,4,3,2,0.337,0.444,0.219,breathable,specialty,9.2
75.18,3.38,3.9,0.98,0.0,0,1,8,-18,55.9,14,4,2,3,0.379,0.302,0.319,medium,polyester,201.9
80.12,0.0,6.27,0.952,62.85,1,1,10,8,51.0,365,0,1,4,0.533,0.012,0.455,breathable,specialty,20.1
32.51,35.33,5.28,0.907,0.0,0,1,8,4,69.5,60,2,1,3,0.229,0.34,0.432,high,laminate,252.1
75.45,0.14,3.43,0.963,6.22,1,1,2,8,52.8,21,1,1,3,0.386,0.328,0.286,breathable,specialty,21.5
76.81,0.0,3.08,0.988,62.51,1,1,2,15,54.8,90,3,1,3,0.444,0.485,0.071,breathable,specialty,20.9
97.0,1.17,3.67,1.0,9.01,1,1,2,25,38.9,21,3,0,2,0.448,0.394,0.158,breathable,specialty,9.5
30.19,3.04,5.8,0.908,0.0,0,1,1,35,60.7,30,4,3,5,0.319,0.165,0.516,low,paper_based,18.5
91.24,0.05,6.59,0.976,58.31,1,1,10,20,49.3,21,2,0,4,0.26,0.415,0.325,breathable,specialty,15.2
91.78,0.0,6.48,0.984,120.76,1,1,10,8,46.4,180,4,3,3,0.385,0.074,0.54,breathable,specialty,20.6
82.09,0.0,5.52,0.988,23.69,1,1,10,10,28.3,90,4,0,2,0.333,0.376,0.292,breathable,specialty,17.0
76.67,0.38,4.9,0.942,26.44,1,1,2,8,97.6,30,0,1,4,0.568,0.085,0.347,breathable,specialty,24.3
87.07,0.18,3.84,0.991,23.54,1,1,10,20,53.3,7,2,0,3,0.139,0.574,0.287,breathable,specialty,9.6
76.21,0.0,6.64,1.0,140.16,1,1,10,10,61.2,30,2,0,3,0.732,0.242,0.026,breathable,specialty,22.2
0.0,85.92,6.4,0.072,0.0,0,0,3,25,62.1,5,2,1,0,0.055,0.309,0.636,ultra_high,barrier_film,566.0
37.74,2.72,5.37,0.969,0.74,0,1,1,25,80.9,21,1,3,5,0.408,0.315,0.277,low,polyolefin,48.1
87.62,2.93,6.98,0.997,0.0,0,1,8,-18,36.6,90,2,0,3,0.499,0.17,0.331,medium,polyester,687.1
82.05,1.06,6.66,0.948,50.86,1,1,10,20,53.8,7,3,1,4,0.23,0.467,0.303,breathable,specialty,6.8
90.32,0.51,4.01,0.979,7.88,1,1,2,4,61.4,21,0,1,2,0.241,0.451,0.307,breathable,specialty,31.1
40.96,2.93,5.58,0.979,0.0,0,1,1,35,50.4,21,2,2,5,0.424,0.566,0.01,low,polyolefin,26.4
4.03,55.46,5.8,0.338,0.0,0,0,6,25,41.5,365,0,2,6,0.535,0.2,0.265,ultra_high,barrier_film,620.5
4.63,17.1,5.06,0.161,2.4,0,0,4,35,60.5,180,1,3,0,0.357,0.599,0.044,ultra_high,barrier_film,319.0
61.64,1.8,6.52,1.0,0.15,0,1,11,8,94.3,21,1,0,3,0.491,0.415,0.094,medium,polyolefin,75.1
6.64,26.15,6.11,0.465,1.19,0,0,7,30,95.3,120,0,2,0,0.241,0.322,0.437,ultra_high,laminate,209.3
100.0,0.0,6.37,0.985,129.8,1,1,10,10,32.8,5,2,3,3,0.513,0.127,0.36,breathable,specialty,16.2
41.69,37.76,5.47,0.927,0.55,0,1,8,-18,46.8,120,3,1,3,0.885,0.028,0.087,high,barrier_film,2042.3
80.79,0.41,5.52,0.95,2.8,1,0,10,20,64.4,180,4,3,3,0.109,0.586,0.305,breathable,specialty,7.6
83.17,1.0,5.37,0.971,24.82,1,1,10,15,63.1,90,0,3,2,0.089,0.812,0.099,breathable,specialty,17.3
7.04,15.2,5.72,0.455,1.17,0,0,7,25,76.6,120,0,0,0,0.438,0.109,0.453,ultra_high,laminate,385.9
9.2,4.64,5.4,0.506,0.1,0,0,7,30,42.3,120,1,1,1,0.354,0.239,0.407,high,laminate,288.0
1.07,97.81,7.33,0.004,0.0,0,0,3,40,33.3,5,1,0,0,0.422,0.191,0.387,ultra_high,barrier_film,234.7
89.34,2.81,4.18,0.982,0.16,0,1,8,-10,82.8,7,0,0,3,0.407,0.457,0.136,medium,polyolefin,84.6
1.19,100.0,6.86,0.0,0.0,0,0,3,35,57.5,3,1,0,0,0.234,0.311,0.455,ultra_high,laminate,285.4
98.25,0.46,3.64,0.982,48.8,1,1,2,25,43.9,60,3,1,3,0.325,0.336,0.339,breathable,specialty,6.3
86.74,0.4,2.26,0.97,1.0,0,0,4,25,90.6,7,3,3,0,0.323,0.288,0.389,medium,polyolefin,19.8
13.96,2.2,6.39,0.527,1.1,0,0,0,20,66.2,7,2,3,1,0.616,0.172,0.212,high,polyester,494.2
68.67,0.11,3.17,1.0,0.3,0,0,4,20,33.3,7,0,1,0,0.333,0.391,0.277,medium,polyester,8.9
1.63,84.77,7.5,0.026,0.47,0,0,3,30,62.8,30,2,3,0,0.345,0.048,0.607,ultra_high,laminate,222.8
86.47,2.08,6.21,1.0,1.96,0,1,11,0,81.2,21,3,0,3,0.205,0.715,0.081,medium,polyolefin,134.3
94.56,0.0,3.55,0.989,8.45,1,1,2,8,49.0,180,2,1,2,0.262,0.419,0.319,breathable,specialty,26.1
65.04,18.43,5.48,0.95,0.0,0,1,8,2,49.3,5,3,3,3,0.112,0.611,0.277,high,laminate,194.0
0.8,100.0,7.24,0.065,2.27,0,0,3,35,84.4,120,0,0,0,0.472,0.164,0.364,ultra_high,laminate,261.8
0.0,100.0,6.87,0.027,1.45,0,0,3,40,59.5,14,1,0,0,0.054,0.941,0.005,ultra_high,laminate,196.5
2.35,97.78,6.38,0.11,0.34,0,0,3,25,42.3,365,4,0,0,0.339,0.171,0.491,ultra_high,laminate,659.6
3.36,16.23,5.45,0.198,0.0,0,0,4,30,29.1,30,3,2,0,0.359,0.578,0.063,ultra_high,barrier_film,467.9
86.33,0.92,3.09,0.965,8.48,1,1,2,10,77.2,3,4,2,2,0.446,0.479,0.076,breathable,specialty,22.0
44.03,24.24,5.73,1.0,0.0,0,1,8,-18,29.0,120,4,1,3,0.304,0.513,0.184,high,polyester,1549.2
77.38,0.0,6.01,0.986,139.53,1,1,10,4,90.5,5,1,0,3,0.376,0.374,0.25,breathable,specialty,20.0
69.74,2.11,6.45,0.996,0.38,0,1,11,-10,49.6,3,4,2,3,0.253,0.109,0.639,medium,paper_based,264.3
79.78,1.06,5.54,0.985,2.27,1,0,10,8,70.2,30,2,0,2,0.331,0.345,0.324,breathable,specialty,18.1
81.04,1.97,6.46,0.974,0.0,0,1,11,-10,82.3,180,3,1,3,0.103,0.474,0.424,medium,polyolefin,282.5
4.71,10.94,4.9,0.198,0.29,0,0,4,25,79.4,7,0,2,0,0.553,0.285,0.162,ultra_high,barrier_film,476.0
6.69,13.9,5.5,0.431,0.0,0,0,7,25,77.1,60,0,1,0,0.305,0.604,0.091,ultra_high,barrier_film,180.6
0.89,100.0,6.6,0.112,0.21,0,0,3,35,59.9,180,3,2,0,0.195,0.313,0.491,ultra_high,barrier_film,321.7
2.66,24.68,6.3,0.248,0.0,0,0,6,30,52.3,60,1,1,6,0.371,0.017,0.612,ultra_high,laminate,433.2
7.43,0.98,5.51,0.247,0.0,0,0,4,40,87.2,21,1,0,1,0.186,0.282,0.532,high,laminate,79.9
3.1,14.99,4.84,0.244,1.81,0,0,4,30,68.4,5,2,3,0,0.336,0.257,0.407,ultra_high,laminate,391.9
2.54,32.61,6.28,0.247,0.0,0,0,6,30,38.4,7,0,3,6,0.159,0.619,0.222,ultra_high,barrier_film,509.0
1.98,48.4,6.17,0.352,2.04,0,0,6,25,63.2,30,0,1,6,0.265,0.124,0.611,ultra_high,barrier_film,591.8
96.39,0.07,5.31,1.0,2.36,1,0,10,8,38.8,3,1,0,3,0.053,0.228,0.719,breathable,bioplastic,33.4
79.47,0.62,3.76,0.978,8.02,1,1,2,15,84.3,365,0,2,3,0.1,0.657,0.243,breathable,specialty,21.2
87.36,5.11,5.76,1.0,0.0,0,1,5,8,58.8,180,4,3,3,0.391,0.204,0.405,medium,polyolefin,46.4
81.38,0.29,3.5,0.977,7.58,1,1,2,10,44.1,90,3,1,3,0.04,0.627,0.333,breathable,specialty,28.0
73.59,0.0,5.63,0.997,2.27,1,0,10,4,25.8,5,0,1,2,0.224,0.366,0.41,breathable,specialty,41.0
11.97,11.95,5.73,0.419,0.24,0,0,7,25,44.3,120,0,2,0,0.722,0.09,0.187,ultra_high,laminate,490.4
0.82,92.25,6.71,0.0,0.0,0,0,3,35,31.8,5,4,2,0,0.065,0.438,0.497,ultra_high,barrier_film,210.6
8.59,4.15,6.24,0.651,0.0,0,0,9,35,35.0,7,3,2,3,0.25,0.567,0.183,medium,polyolefin,116.4
8.25,8.41,6.19,0.382,0.43,0,0,7,40,56.9,30,0,0,0,0.374,0.413,0.213,ultra_high,laminate,236.1
58.87,9.75,5.78,0.997,0.0,0,1,5,4,64.4,21,1,2,3,0.53,0.202,0.268,low,polyolefin,188.6
80.36,1.01,3.65,1.0,23.17,1,1,2,15,30.4,60,0,1,4,0.307,0.341,0.352,breathable,specialty,15.6
7.26,9.44,5.75,0.398,0.0,0,0,7,25,76.8,14,0,0,0,0.513,0.297,0.19,ultra_high,laminate,378.6
7.17,0.27,6.24,0.524,0.0,0,0,0,20,77.6,90,4,0,1,0.057,0.454,0.489,high,laminate,266.1
12.43,0.62,5.86,0.601,0.42,0,0,9,35,39.4,30,4,1,1,0.682,0.2,0.118,medium,polyolefin,99.5
12.9,6.18,6.66,0.507,1.02,0,0,0,20,65.0,90,2,2,1,0.525,0.126,0.348,high,laminate,600.8
10.36,1.42,6.34,0.5,0.36,0,0,0,20,51.6,5,0,3,1,0.046,0.631,0.323,high,barrier_film,484.4
100.0,0.11,4.69,0.99,23.87,1,1,2,10,60.2,14,3,1,4,0.357,0.082,0.56,breathable,specialty,27.5
2.77,56.68,6.2,0.349,0.42,0,0,6,20,62.6,30,0,3,6,0.329,0.203,0.468,ultra_high,barrier_film,971.3
9.5,0.77,6.18,0.516,0.0,0,0,0,20,91.4,3,1,0,1,0.307,0.285,0.408,high,barrier_film,394.7
41.72,39.25,5.43,0.911,0.0,0,1,8,0,24.7,180,3,3,3,0.428,0.133,0.439,high,barrier_film,433.0
12.46,1.69,6.27,0.535,0.11,0,0,9,20,50.7,14,0,0,1,0.107,0.294,0.599,high,polyester,350.9
1.51,83.94,6.55,0.0,0.0,0,0,3,40,80.2,60,0,0,0,0.502,0.222,0.275,ultra_high,barrier_film,105.8
15.09,0.13,5.85,0.599,0.63,0,0,9,30,40.8,365,4,1,1,0.198,0.288,0.514,high,barrier_film,83.5
11.58,3.11,5.93,0.499,0.0,0,0,7,30,46.5,120,4,3,1,0.225,0.331,0.444,high,barrier_film,308.0
40.71,36.24,4.92,0.921,0.91,0,1,8,-10,82.9,180,4,3,3,0.834,0.114,0.053,high,polyester,632.3
0.8,85.2,6.83,0.028,0.51,0,0,3,40,90.8,60,2,2,0,0.048,0.634,0.317,ultra_high,barrier_film,187.4
98.4,0.94,2.8,1.0,57.05,1,1,2,10,91.8,7,1,3,3,0.132,0.473,0.395,breathable,specialty,13.2
96.77,3.04,4.43,0.969,1.14,0,1,8,-18,62.1,30,3,1,3,0.528,0.243,0.23,medium,polyester,374.3
66.07,9.97,5.53,1.0,0.0,0,1,5,4,28.3,60,4,2,3,0.071,0.415,0.514,medium,bioplastic,103.0
13.05,6.28,6.59,0.528,0.38,0,0,0,35,49.4,365,3,1,1,0.686,0.194,0.12,high,laminate,169.3
95.81,1.35,6.75,0.991,0.0,0,1,11,8,48.9,3,4,1,3,0.235,0.4,0.365,medium,polyester,41.0
9.18,13.3,6.19,0.433,0.0,0,0,7,20,72.4,3,3,2,0,0.037,0.35,0.613,ultra_high,laminate,553.2
94.55,3.53,6.24,1.0,0.0,0,1,8,4,46.0,120,0,1,3,0.061,0.316,0.624,medium,bioplastic,68.6
71.19,5.9,5.81,0.99,0.0,0,1,5,8,58.0,120,4,2,3,0.116,0.241,0.643,medium,paper_based,59.3
12.49,3.86,6.95,0.638,0.83,0,0,9,25,87.4,21,0,3,3,0.073,0.779,0.148,medium,polyolefin,145.9
86.58,0.1,2.4,0.99,0.0,0,0,4,40,69.8,120,0,2,0,0.634,0.335,0.031,medium,polyester,1.7
7.55,14.64,5.09,0.403,0.76,0,0,7,25,82.6,90,1,1,0,0.24,0.078,0.682,ultra_high,barrier_film,483.0
65.11,0.73,6.03,1.0,0.01,1,0,10,8,47.3,5,0,3,2,0.429,0.386,0.186,breathable,specialty,29.4
96.11,4.12,4.46,0.95,0.52,0,1,8,4,58.5,60,0,2,3,0.115,0.249,0.637,medium,paper_based,67.5
86.76,5.3,5.99,0.989,1.17,0,1,5,2,37.3,14,4,0,3,0.282,0.094,0.625,medium,paper_based,90.6
86.46,0.0,4.08,0.993,27.14,1,1,2,25,27.9,60,3,3,4,0.381,0.221,0.398,breathable,specialty,7.8
0.0,100.0,6.74,0.0,0.0,0,0,3,35,48.4,21,4,2,0,0.133,0.479,0.388,ultra_high,laminate,266.9
4.99,1.29,5.04,0.226,0.37,0,0,4,35,61.6,90,2,2,1,0.745,0.126,0.129,high,polyester,195.6
84.83,0.0,5.91,0.959,0.52,1,0,10,25,89.6,365,4,0,2,0.148,0.187,0.665,breathable,specialty,5.2
100.0,1.03,2.33,0.982,0.0,0,0,4,25,43.2,7,3,0,0,0.685,0.292,0.023,medium,polyolefin,26.1
82.11,0.15,3.38,0.965,0.24,0,1,4,20,74.6,365,0,3,3,0.423,0.449,0.128,medium,polyolefin,24.3
10.49,12.83,6.17,0.496,0.0,0,0,7,25,44.6,21,0,3,0,0.417,0.236,0.347,ultra_high,laminate,997.1
77.83,0.1,6.69,0.981,61.93,1,1,10,4,65.5,21,2,3,4,0.459,0.446,0.095,breathable,specialty,36.2
3.13,44.85,6.43,0.367,0.0,0,0,6,40,41.8,5,2,2,6,0.13,0.545,0.324,ultra_high,laminate,271.1
91.34,0.0,5.29,0.924,2.4,1,0,10,25,30.7,30,2,1,3,0.348,0.49,0.163,breathable,specialty,3.6
12.31,4.84,6.27,0.65,1.36,0,0,9,30,40.1,5,1,0,3,0.438,0.302,0.259,medium,polyolefin,172.2
48.94,23.1,6.12,0.968,1.95,0,1,8,0,29.5,120,3,1,3,0.527,0.045,0.427,high,barrier_film,193.1
4.64,28.09,5.82,0.278,0.0,0,0,6,35,48.4,3,0,1,6,0.472,0.185,0.343,ultra_high,barrier_film,358.0
83.81,1.15,3.27,0.987,8.23,1,1,2,8,35.8,14,4,3,2,0.4,0.45,0.15,breathable,specialty,25.8
2.75,40.61,6.13,0.356,1.53,0,0,6,40,48.0,60,1,3,6,0.41,0.045,0.545,ultra_high,barrier_film,314.9
96.59,1.5,5.75,1.0,20.97,1,1,10,25,91.6,21,1,2,2,0.23,0.431,0.338,breathable,specialty,2.1
27.89,13.87,6.5,0.869,1.42,0,1,1,40,38.0,7,2,2,3,0.176,0.621,0.203,high,laminate,40.8
76.62,0.26,3.9,0.952,8.4,1,1,2,15,94.2,30,2,1,3,0.345,0.396,0.259,breathable,specialty,10.0
0.0,100.0,7.16,0.011,0.0,0,0,3,20,72.7,180,3,1,0,0.426,0.221,0.353,ultra_high,laminate,515.8
0.0,100.0,6.85,0.024,0.43,0,0,3,20,51.2,21,2,0,0,0.272,0.323,0.405,ultra_high,barrier_film,965.3
85.46,3.5,7.22,0.995,0.81,0,1,8,2,83.8,90,0,1,3,0.251,0.535,0.214,medium,polyester,146.7
99.56,0.0,2.59,0.979,0.0,0,0,4,20,59.9,365,2,0,0,0.35,0.203,0.446,medium,polyester,30.9
77.31,0.21,6.16,0.992,0.8,1,0,10,15,40.0,7,0,1,2,0.435,0.055,0.511,breathable,specialty,14.5
3.84,43.74,6.03,0.341,0.0,0,0,6,35,42.3,180,4,0,6,0.159,0.492,0.349,ultra_high,laminate,254.8
1.36,100.0,7.24,0.0,0.0,0,0,3,35,67.6,21,2,1,0,0.166,0.183,0.651,ultra_high,laminate,230.9
1.93,29.3,5.96,0.229,2.05,0,0,6,25,82.7,21,4,1,6,0.179,0.34,0.481,ultra_high,laminate,547.5
69.76,0.88,4.48,1.0,24.6,1,1,2,4,53.9,365,4,1,4,0.445,0.139,0.417,breathable,specialty,58.3
1.2,98.69,6.41,0.072,1.44,0,0,3,20,88.1,90,0,1,0,0.477,0.056,0.467,ultra_high,laminate,773.8
83.3,0.0,4.3,0.949,32.86,1,1,2,10,82.8,365,4,0,4,0.381,0.306,0.312,breathable,specialty,7.1
93.63,1.23,4.83,0.967,34.78,1,1,2,20,53.3,3,1,2,4,0.153,0.561,0.286,breathable,specialty,8.6
93.49,0.07,2.69,0.979,0.0,0,0,4,25,75.0,60,1,3,0,0.406,0.494,0.1,medium,polyester,13.7
0.44,100.0,6.73,0.003,0.78,0,0,3,40,31.2,180,0,1,0,0.327,0.249,0.424,ultra_high,barrier_film,135.7
10.09,4.37,7.03,0.636,1.93,0,0,9,35,40.9,14,1,1,3,0.184,0.559,0.256,medium,polyester,138.0
95.92,0.1,2.71,1.0,0.0,0,0,4,25,39.5,120,2,2,0,0.018,0.496,0.486,medium,polyester,17.1
0.0,79.06,6.9,0.086,0.0,0,0,3,30,67.7,21,3,1,0,0.571,0.423,0.006,ultra_high,barrier_film,496.8
98.79,1.1,6.24,0.995,56.33,1,1,10,25,49.0,365,4,1,4,0.621,0.016,0.362,breathable,specialty,8.9
77.92,0.0,5.44,0.972,4.69,1,0,10,25,73.7,90,1,2,2,0.44,0.198,0.362,breathable,specialty,6.4
38.36,3.17,5.98,0.962,0.0,0,1,1,25,43.1,3,1,1,5,0.345,0.375,0.28,low,polyolefin,36.0
92.33,0.6,5.46,0.992,26.57,1,1,10,8,68.3,30,4,1,2,0.378,0.372,0.251,breathable,specialty,35.1
76.12,0.05,4.04,0.963,6.71,1,1,2,20,67.7,21,2,0,3,0.424,0.23,0.346,breathable,specialty,8.2
92.57,0.0,6.9,0.959,140.75,1,1,10,8,96.8,120,2,3,3,0.187,0.425,0.388,breathable,specialty,9.2
7.08,19.72,6.15,0.45,0.0,0,0,7,20,61.6,90,4,3,0,0.036,0.466,0.498,ultra_high,barrier_film,823.3
2.27,100.0,6.83,0.021,2.03,0,0,3,35,50.1,60,4,3,0,0.524,0.033,0.443,ultra_high,laminate,275.1
84.08,3.03,4.48,0.974,0.0,0,1,8,-10,69.8,30,0,2,3,0.655,0.201,0.144,medium,polyester,256.6
100.0,0.32,6.08,0.991,8.83,1,1,10,4,74.8,3,1,2,2,0.474,0.397,0.129,breathable,specialty,43.8
64.9,10.61,5.68,0.949,0.0,0,1,5,4,93.2,90,0,2,3,0.427,0.094,0.479,high,laminate,143.1
1.28,27.19,5.8,0.246,0.0,0,0,6,30,65.6,365,2,0,6,0.547,0.201,0.251,ultra_high,barrier_film,583.0
70.69,4.64,6.22,0.992,0.0,0,1,5,-18,59.0,365,2,3,3,0.203,0.161,0.636,medium,paper_based,469.3
63.4,0.03,5.5,0.993,24.89,1,1,2,20,90.2,30,4,3,4,0.47,0.073,0.456,breathable,specialty,12.4
97.3,0.54,4.29,0.967,22.1,1,1,2,20,49.7,30,4,2,4,0.619,0.034,0.347,breathable,specialty,13.5
10.51,8.12,6.16,0.426,0.83,0,0,7,40,29.2,90,4,3,0,0.584,0.272,0.144,ultra_high,barrier_film,440.7
78.84,0.0,4.95,0.97,2.16,1,0,10,25,81.5,90,4,3,3,0.555,0.019,0.426,breathable,specialty,2.9
35.99,2.87,5.54,0.913,0.59,0,1,1,40,43.3,60,4,2,5,0.25,0.334,0.416,low,polyolefin,6.1
67.22,10.08,5.45,1.0,0.37,0,1,5,4,91.2,365,0,2,3,0.456,0.345,0.199,high,polyester,247.3
71.67,1.04,6.83,0.992,0.0,0,1,11,-18,77.3,7,0,2,3,0.45,0.339,0.211,medium,polyester,312.7
11.15,0.0,6.28,0.582,1.32,0,0,9,25,38.1,90,2,2,1,0.52,0.06,0.42,high,polyester,229.6
72.69,9.64,5.38,0.987,0.0,0,1,5,8,25.0,5,1,1,3,0.384,0.267,0.349,medium,polyester,72.3
13.48,4.88,6.54,0.648,0.0,0,0,9,20,41.1,90,4,3,3,0.171,0.29,0.538,medium,paper_based,274.6
99.84,0.0,3.66,1.0,61.35,1,1,2,15,40.9,7,0,2,3,0.586,0.211,0.203,breathable,specialty,17.3
0.0,100.0,7.02,0.0,0.97,0,0,3,35,27.3,3,2,1,0,0.381,0.209,0.41,ultra_high,laminate,440.8
0.84,100.0,6.84,0.125,0.0,0,0,3,40,90.0,365,1,0,0,0.274,0.489,0.237,ultra_high,barrier_film,279.8
91.14,0.0,4.32,0.982,23.58,1,1,2,10,35.9,14,1,2,4,0.399,0.186,0.415,breathable,specialty,22.8
2.0,85.95,5.98,0.07,0.0,0,0,3,30,50.3,60,1,0,0,0.008,0.904,0.088,ultra_high,laminate,405.7
100.0,0.08,6.46,1.0,61.37,1,1,10,8,77.1,365,2,1,4,0.095,0.616,0.289,breathable,specialty,25.5
13.77,3.27,6.19,0.51,0.86,0,0,7,40,48.7,3,4,1,1,0.478,0.048,0.475,high,laminate,84.2
3.95,48.58,6.34,0.336,0.0,0,0,6,30,46.8,90,1,0,6,0.607,0.182,0.21,ultra_high,laminate,319.1
77.18,3.84,6.09,0.965,0.34,0,1,8,0,47.5,21,2,3,3,0.226,0.266,0.508,medium,bioplastic,103.5
81.75,0.91,5.64,0.978,7.4,1,1,10,10,47.4,3,4,1,2,0.461,0.118,0.421,breathable,specialty,14.1
100.0,0.95,6.92,1.0,56.36,1,1,10,10,46.0,21,4,1,4,0.305,0.307,0.388,breathable,specialty,36.8
3.61,12.76,7.0,0.311,0.0,0,0,1,30,91.8,3,1,1,1,0.436,0.148,0.416,high,barrier_film,313.8
25.9,14.77,6.47,0.857,0.0,0,1,1,35,30.2,365,0,3,3,0.661,0.169,0.17,high,polyester,20.6
75.08,9.74,5.97,0.987,1.23,0,1,5,4,39.8,365,3,2,3,0.41,0.427,0.164,medium,polyester,155.1
99.35,0.0,5.83,1.0,8.25,1,1,10,20,23.9,120,4,2,2,0.341,0.279,0.379,breathable,specialty,4.4
71.42,0.01,4.32,0.964,24.39,1,1,10,10,93.8,120,1,2,3,0.346,0.54,0.113,breathable,specialty,33.7
3.91,35.49,5.92,0.362,0.0,0,0,6,40,81.8,90,0,3,6,0.265,0.066,0.669,ultra_high,laminate,169.1
100.0,0.0,6.24,0.986,145.61,1,1,10,20,80.7,90,1,0,3,0.329,0.249,0.422,breathable,specialty,12.3
91.3,0.0,3.75,0.976,0.0,0,1,4,40,80.3,3,3,0,3,0.48,0.044,0.475,medium,polyolefin,1.9
2.28,47.54,6.15,0.355,0.77,0,0,6,40,86.9,365,1,3,6,0.142,0.485,0.373,ultra_high,barrier_film,158.7
45.86,23.49,5.95,0.975,0.57,0,1,8,-18,88.9,180,3,3,3,0.33,0.277,0.393,high,laminate,1705.5
81.03,0.0,5.62,0.982,2.55,1,0,10,10,60.2,3,0,1,2,0.357,0.409,0.234,breathable,specialty,20.5
100.0,0.36,3.08,1.0,52.34,1,1,2,15,90.5,90,1,2,3,0.328,0.232,0.44,breathable,specialty,13.1
1.68,42.62,5.4,0.199,0.05,0,0,6,25,30.9,7,4,0,6,0.21,0.208,0.582,ultra_high,barrier_film,715.1
100.0,0.47,5.43,0.959,3.71,1,0,10,20,24.6,3,1,3,3,0.379,0.461,0.16,breathable,specialty,7.7
4.87,9.19,5.92,0.389,1.31,0,0,7,30,49.9,60,2,2,0,0.097,0.28,0.623,ultra_high,laminate,448.5
0.32,99.02,6.84,0.009,2.28,0,0,3,30,40.0,14,3,1,0,0.254,0.153,0.592,ultra_high,barrier_film,389.8
39.38,31.0,5.43,0.908,0.0,0,1,8,0,90.2,30,1,1,3,0.397,0.434,0.169,high,laminate,298.7
80.01,0.91,6.21,0.986,60.48,1,1,10,25,81.2,60,0,1,4,0.33,0.484,0.187,breathable,specialty,2.1
83.18,0.3,3.46,1.0,8.24,1,1,2,15,56.2,7,0,0,3,0.402,0.271,0.327,breathable,specialty,14.0
12.94,6.02,6.4,0.536,0.6,0,0,0,20,77.2,120,3,0,1,0.245,0.37,0.385,high,polyester,242.2
66.5,1.03,6.26,0.998,0.0,0,1,11,4,57.6,180,4,3,3,0.324,0.387,0.288,medium,polyester,43.9
80.87,0.0,4.58,1.0,25.98,1,1,2,15,47.4,180,3,2,4,0.55,0.413,0.037,breathable,specialty,7.7
42.59,2.69,5.61,0.966,1.12,0,1,1,30,71.3,3,4,3,5,0.344,0.231,0.426,low,polyolefin,27.7
96.25,0.88,5.63,0.961,2.49,1,0,10,8,59.0,90,0,1,2,0.409,0.159,0.432,breathable,specialty,52.1
87.11,0.0,6.66,0.951,56.29,1,1,10,2,88.5,120,3,2,4,0.499,0.224,0.277,breathable,specialty,79.3
62.62,26.75,6.05,0.972,0.28,0,1,8,-18,67.8,90,1,2,3,0.769,0.103,0.128,high,laminate,549.0
4.19,46.52,5.87,0.317,0.0,0,0,6,30,23.8,5,0,3,6,0.112,0.63,0.258,ultra_high,laminate,511.3
0.0,100.0,6.72,0.012,1.05,0,0,3,25,61.2,14,0,3,0,0.219,0.389,0.392,ultra_high,laminate,449.4
84.45,0.45,4.17,0.996,22.65,1,1,2,8,27.4,3,4,3,4,0.189,0.733,0.079,breathable,specialty,15.4
71.0,3.68,3.92,0.975,2.2,0,1,8,-10,90.1,90,0,0,3,0.07,0.58,0.35,medium,polyester,208.3
93.83,0.54,5.79,0.924,2.27,1,0,10,2,89.7,3,0,0,3,0.355,0.348,0.297,breathable,specialty,38.1
9.86,0.76,6.64,0.456,0.0,0,0,0,35,91.4,5,0,0,1,0.122,0.456,0.422,high,laminate,140.6
88.63,0.0,6.29,0.984,75.74,1,1,10,15,56.0,120,3,0,4,0.098,0.227,0.675,breathable,specialty,15.4
91.91,0.05,6.33,1.0,53.82,1,1,10,4,81.7,21,1,0,4,0.345,0.288,0.367,breathable,specialty,54.4
10.56,5.85,6.25,0.504,0.0,0,0,0,20,34.6,21,1,2,1,0.214,0.138,0.648,high,paper_based,572.1
23.02,14.1,5.83,0.867,1.42,0,1,1,25,23.6,7,0,3,3,0.73,0.188,0.082,high,barrier_film,98.8
70.02,1.77,6.74,0.953,0.0,0,1,11,-10,43.6,120,3,0,3,0.082,0.258,0.66,medium,paper_based,164.0
2.78,14.3,4.75,0.214,0.32,0,0,4,35,28.4,365,1,3,0,0.327,0.167,0.506,ultra_high,laminate,343.2
11.64,5.33,6.75,0.548,0.89,0,0,0,30,90.0,30,4,2,1,0.173,0.458,0.369,high,laminate,160.8
4.79,13.05,5.15,0.209,0.59,0,0,4,40,43.1,365,1,3,0,0.461,0.086,0.453,ultra_high,laminate,184.7
41.59,2.91,5.46,0.922,1.38,0,1,1,40,94.3,21,3,2,5,0.087,0.407,0.507,low,bioplastic,10.9
82.81,0.0,5.36,0.987,3.0,1,0,10,8,37.6,120,4,1,2,0.45,0.099,0.451,breathable,specialty,27.5
13.45,5.19,6.32,0.649,1.14,0,0,9,40,83.8,60,2,3,3,0.481,0.162,0.358,medium,polyester,25.5
12.57,0.92,6.4,0.55,0.41,0,0,9,35,26.9,180,0,2,1,0.007,0.415,0.578,high,laminate,185.7
82.94,0.88,4.43,1.0,25.81,1,1,10,4,70.9,21,1,0,3,0.571,0.356,0.074,breathable,specialty,48.5
4.22,45.2,6.26,0.337,0.0,0,0,6,35,89.5,180,1,0,6,0.03,0.289,0.681,ultra_high,laminate,302.8
10.9,6.1,6.72,0.568,0.11,0,0,0,35,50.4,60,4,2,1,0.443,0.454,0.103,high,polyester,246.4
83.19,0.62,5.65,0.997,19.23,1,1,10,20,81.7,5,0,2,2,0.316,0.514,0.17,breathable,specialty,12.1
81.83,4.98,6.12,1.0,0.63,0,1,5,0,44.4,180,1,0,3,0.354,0.296,0.351,medium,polyolefin,130.2
85.16,0.29,6.49,0.977,119.53,1,1,10,8,76.9,7,4,2,3,0.167,0.408,0.425,breathable,specialty,30.5
10.15,4.47,6.23,0.651,0.7,0,0,9,35,83.0,7,2,2,3,0.307,0.249,0.444,medium,polyester,122.8
9.06,3.35,5.9,0.453,0.12,0,0,7,20,50.5,365,4,3,1,0.488,0.443,0.069,high,laminate,271.1
92.12,4.29,6.42,0.964,0.0,0,1,8,2,61.5,7,3,1,3,0.347,0.132,0.521,medium,bioplastic,138.7
98.88,0.35,3.85,0.962,7.79,1,1,2,15,42.9,365,1,2,2,0.582,0.142,0.276,breathable,specialty,6.9
82.78,0.52,5.66,0.993,2.97,1,0,10,2,35.4,5,0,0,2,0.295,0.152,0.553,breathable,specialty,65.2
37.36,35.14,5.03,0.895,0.0,0,1,8,4,52.3,21,1,3,3,0.252,0.261,0.487,high,barrier_film,543.2
0.45,100.0,6.78,0.0,0.29,0,0,3,30,90.5,21,4,1,0,0.65,0.114,0.237,ultra_high,laminate,163.7
88.82,0.0,6.29,0.996,134.65,1,1,10,15,43.6,120,3,3,3,0.494,0.109,0.397,breathable,specialty,12.8
9.2,1.82,6.5,0.573,0.0,0,0,9,30,32.7,60,3,0,1,0.429,0.276,0.295,high,polyester,261.7
72.81,2.93,4.18,0.988,0.0,0,1,8,-10,33.8,5,0,2,3,0.347,0.408,0.244,medium,polyolefin,274.5
93.38,0.48,6.41,0.961,66.74,1,1,10,10,40.1,7,1,2,4,0.402,0.255,0.343,breathable,specialty,36.2
40.04,2.54,5.7,0.99,0.84,0,1,1,25,85.8,180,4,3,5,0.406,0.532,0.062,low,polyolefin,14.6
9.06,13.57,5.93,0.401,0.37,0,0,7,35,74.6,90,3,2,0,0.471,0.466,0.063,ultra_high,barrier_film,218.9
74.15,0.29,5.93,0.987,3.56,1,0,10,4,74.3,60,1,0,2,0.303,0.48,0.217,breathable,specialty,27.6
79.91,0.45,4.78,0.945,30.91,1,1,2,10,60.7,60,0,3,4,0.015,0.531,0.454,breathable,specialty,32.0
39.3,3.08,5.19,0.948,0.0,0,1,1,25,44.8,60,2,3,5,0.652,0.099,0.249,low,polyolefin,56.8
76.71,0.0,3.61,1.0,7.52,1,1,2,8,75.7,60,0,0,2,0.901,0.092,0.007,breathable,specialty,50.6
78.91,10.87,5.43,0.985,0.0,0,1,5,4,77.4,365,1,3,3,0.771,0.124,0.106,high,barrier_film,30.6
0.0,95.64,7.21,0.015,1.94,0,0,3,20,60.1,30,3,3,0,0.036,0.117,0.847,ultra_high,bioplastic,500.8
6.37,0.3,5.61,0.258,0.0,0,0,4,25,79.3,120,4,1,1,0.743,0.1,0.157,high,laminate,263.2
81.98,0.25,4.31,0.994,19.9,1,1,10,8,66.4,14,0,1,3,0.433,0.389,0.178,breathable,specialty,9.7
89.88,0.0,4.95,0.947,21.81,1,1,10,2,91.3,120,1,2,2,0.323,0.452,0.225,breathable,specialty,46.0
0.47,100.0,7.22,0.01,0.0,0,0,3,25,69.6,5,1,2,0,0.025,0.844,0.131,ultra_high,laminate,608.9
70.73,5.62,6.63,0.948,0.0,0,1,5,8,81.2,21,3,2,3,0.203,0.361,0.435,medium,polyolefin,112.6
97.47,0.76,3.31,0.963,0.0,0,0,4,35,49.5,3,2,0,0,0.19,0.186,0.624,medium,paper_based,8.8
69.84,0.19,4.36,0.999,21.33,1,1,2,20,38.8,120,3,2,4,0.062,0.704,0.233,breathable,specialty,9.6
11.24,4.23,6.29,0.609,0.0,0,0,9,20,28.2,60,2,3,3,0.431,0.08,0.489,medium,polyolefin,284.5
36.0,24.98,5.29,0.86,0.59,0,1,8,-10,66.1,14,1,3,3,0.288,0.432,0.28,high,laminate,968.9
4.06,0.88,5.35,0.252,0.07,0,0,4,25,78.6,3,0,1,1,0.022,0.564,0.414,high,polyester,317.4
85.99,2.75,6.97,1.0,0.52,0,1,11,-10,94.6,3,1,0,3,0.264,0.292,0.444,medium,polyolefin,200.4
89.3,1.77,6.59,0.967,1.16,0,1,11,4,67.7,120,2,2,3,0.329,0.284,0.387,medium,polyolefin,43.4
100.0,0.79,4.77,1.0,22.49,1,1,10,2,78.5,180,0,3,3,0.106,0.542,0.352,breathable,specialty,66.0
9.84,16.06,5.65,0.418,0.43,0,0,7,25,83.5,90,4,3,0,0.303,0.478,0.219,ultra_high,barrier_film,443.7
100.0,0.0,5.29,1.0,32.69,1,1,10,4,49.8,5,0,2,2,0.358,0.032,0.61,breathable,specialty,22.1
11.28,1.81,5.83,0.54,0.0,0,0,9,40,60.1,5,0,2,1,0.282,0.391,0.327,high,barrier_film,102.9
80.44,0.81,4.19,0.977,23.66,1,1,2,20,90.4,180,3,3,4,0.596,0.096,0.308,breathable,specialty,11.0
6.75,12.96,5.72,0.407,0.28,0,0,7,30,85.8,14,4,1,0,0.454,0.168,0.378,ultra_high,barrier_film,406.8
100.0,0.0,6.0,0.987,24.02,1,1,10,2,89.6,3,1,2,2,0.039,0.833,0.128,breathable,specialty,41.5
14.1,3.94,6.54,0.663,0.23,0,0,9,20,48.4,365,3,0,3,0.26,0.308,0.432,medium,polyolefin,374.9
77.01,4.45,6.47,0.967,0.0,0,1,5,8,32.8,365,4,1,3,0.351,0.579,0.07,medium,polyolefin,79.7
99.05,0.62,6.79,1.0,59.06,1,1,10,10,80.5,180,3,1,4,0.754,0.158,0.088,breathable,specialty,13.5
6.85,0.52,6.27,0.485,0.0,0,0,0,20,66.7,60,3,1,1,0.39,0.223,0.388,high,laminate,520.4
2.48,15.72,5.27,0.229,0.62,0,0,4,30,77.4,90,3,0,0,0.069,0.549,0.382,ultra_high,laminate,192.3
100.0,0.0,6.1,0.985,98.41,1,1,10,2,83.4,90,0,0,3,0.427,0.479,0.094,breathable,specialty,42.4
9.56,1.3,5.92,0.499,0.01,0,0,0,20,40.0,180,4,3,1,0.251,0.45,0.299,high,laminate,270.8
3.33,56.3,5.68,0.317,0.0,0,0,6,30,72.2,365,4,3,6,0.13,0.403,0.467,ultra_high,laminate,420.4
95.27,0.95,6.82,0.98,73.5,1,1,10,10,50.7,30,3,2,4,0.311,0.184,0.505,breathable,specialty,18.1
8.53,24.83,5.95,0.499,0.0,0,0,7,40,30.6,14,1,1,0,0.243,0.643,0.114,ultra_high,barrier_film,250.2
82.59,3.35,4.34,0.949,0.81,0,1,8,0,50.0,365,3,1,3,0.148,0.756,0.096,medium,polyolefin,94.4
89.78,0.54,3.64,0.991,0.87,0,0,4,40,33.7,90,0,0,0,0.634,0.307,0.059,medium,polyolefin,7.9
76.72,0.0,3.72,0.957,0.0,0,1,4,25,87.3,180,1,1,3,0.3,0.412,0.288,medium,polyolefin,14.3
68.35,2.88,4.41,0.999,0.67,0,1,8,8,59.5,120,0,3,3,0.186,0.554,0.26,medium,polyester,16.5
0.71,87.78,7.03,0.025,0.0,0,0,3,30,40.3,5,4,0,0,0.508,0.284,0.207,ultra_high,barrier_film,502.6
13.24,0.47,6.44,0.581,0.0,0,0,9,35,59.0,7,1,3,1,0.328,0.266,0.406,high,barrier_film,140.7
4.61,17.67,6.72,0.311,0.0,0,0,1,35,25.5,120,0,0,1,0.221,0.48,0.299,high,laminate,100.6
4.05,51.28,6.07,0.373,1.01,0,0,6,30,40.8,60,0,0,6,0.227,0.196,0.576,ultra_high,barrier_film,319.5
71.99,0.03,5.47,0.953,2.75,1,0,10,2,35.5,7,4,2,2,0.584,0.382,0.034,breathable,specialty,37.4
92.45,2.45,3.9,1.0,0.52,0,1,8,4,45.9,3,0,3,3,0.398,0.523,0.079,medium,polyester,31.3
4.39,14.53,6.39,0.451,0.84,0,0,7,35,53.9,365,4,1,0,0.268,0.406,0.326,ultra_high,barrier_film,160.4
89.69,0.0,3.61,1.0,7.98,1,1,2,15,57.2,30,2,1,3,0.152,0.451,0.397,breathable,specialty,24.2
0.0,98.16,7.33,0.009,1.19,0,0,3,35,58.0,7,1,1,0,0.604,0.298,0.098,ultra_high,barrier_film,277.6
9.21,21.35,6.17,0.452,1.11,0,0,7,30,80.2,3,3,3,0,0.255,0.41,0.335,ultra_high,barrier_film,248.6
1.09,28.03,6.22,0.212,0.67,0,0,6,40,77.9,3,0,3,6,0.1,0.565,0.334,ultra_high,laminate,73.5
95.63,0.51,4.55,0.952,28.03,1,1,2,15,51.4,180,1,1,4,0.129,0.436,0.435,breathable,specialty,13.2
89.2,0.65,5.23,1.0,28.21,1,1,10,25,29.8,14,4,2,2,0.204,0.462,0.333,breathable,specialty,4.6
83.27,0.6,4.26,0.987,28.66,1,1,2,8,78.2,365,3,2,4,0.374,0.011,0.614,breathable,specialty,27.9
86.9,0.0,5.87,0.99,1.6,1,0,10,15,84.5,5,0,3,3,0.275,0.393,0.332,breathable,specialty,8.2
82.32,1.82,7.02,1.0,1.21,0,1,11,4,90.0,180,4,3,3,0.569,0.349,0.082,medium,polyester,81.5
10.0,10.19,5.91,0.4,0.0,0,0,7,25,80.7,5,4,0,0,0.32,0.498,0.182,ultra_high,barrier_film,339.1
32.15,37.04,4.84,0.892,0.0,0,1,8,4,97.6,14,4,3,3,0.095,0.421,0.484,high,barrier_film,450.0
79.55,0.0,4.24,0.979,21.66,1,1,2,10,40.5,14,0,0,4,0.005,0.318,0.676,breathable,specialty,17.6
0.11,100.0,6.64,0.101,1.17,0,0,3,25,44.5,3,3,3,0,0.225,0.448,0.327,ultra_high,laminate,584.2
85.59,0.23,5.3,0.936,21.42,1,1,2,10,46.4,90,4,1,4,0.349,0.238,0.413,breathable,specialty,25.3
0.0,100.0,6.4,0.01,0.16,0,0,3,25,49.3,7,0,3,0,0.131,0.019,0.85,ultra_high,bioplastic,785.8
5.62,1.02,6.53,0.483,0.0,0,0,0,25,34.4,5,0,0,1,0.495,0.421,0.085,high,barrier_film,429.9
0.96,97.51,6.61,0.139,0.01,0,0,3,40,44.1,5,2,2,0,0.303,0.142,0.555,ultra_high,laminate,258.3
91.51,0.0,5.8,1.0,126.12,1,1,10,10,67.1,60,3,0,3,0.35,0.365,0.285,breathable,specialty,26.5
98.72,3.14,6.34,1.0,0.03,0,1,8,0,56.2,30,0,0,3,0.379,0.149,0.472,medium,polyolefin,94.4
1.65,100.0,6.02,0.07,0.43,0,0,3,20,86.0,21,4,0,0,0.365,0.435,0.2,ultra_high,laminate,683.9
40.06,35.45,5.01,0.892,0.0,0,1,8,2,50.2,60,1,3,3,0.281,0.416,0.303,high,laminate,325.6
0.21,93.07,6.82,0.09,0.0,0,0,3,30,71.7,180,0,1,0,0.496,0.148,0.356,ultra_high,laminate,394.8
81.86,0.0,5.21,1.0,1.14,1,0,10,20,29.8,120,3,0,2,0.314,0.507,0.179,breathable,specialty,10.7
9.32,2.96,5.86,0.51,0.81,0,0,7,25,31.5,365,1,2,1,0.432,0.372,0.197,high,barrier_film,478.6
77.78,5.4,6.59,0.986,0.22,0,1,5,-10,41.7,180,0,3,3,0.454,0.049,0.496,medium,polyolefin,45.9
6.37,14.81,6.85,0.43,0.73,0,0,7,25,29.0,14,2,3,0,0.27,0.463,0.267,ultra_high,barrier_film,783.6
0.0,100.0,6.57,0.016,0.0,0,0,3,35,72.2,180,0,3,0,0.42,0.509,0.071,ultra_high,barrier_film,240.1
87.63,2.1,6.44,0.997,1.18,0,1,11,0,27.4,30,1,3,3,0.008,0.693,0.3,medium,polyolefin,117.4
6.53,21.12,6.89,0.287,0.72,0,0,1,30,38.6,14,3,2,1,0.487,0.012,0.501,ultra_high,barrier_film,331.3
6.76,1.48,5.46,0.258,0.53,0,0,4,35,58.5,120,2,0,1,0.247,0.082,0.67,high,paper_based,171.8
72.63,0.25,3.36,0.981,10.5,1,1,2,2,48.3,180,2,0,2,0.364,0.479,0.156,breathable,specialty,44.5
1.17,35.21,5.29,0.185,0.0,0,0,6,35,80.8,5,4,0,6,0.401,0.186,0.413,ultra_high,laminate,181.8
84.31,1.93,6.9,1.0,1.4,0,1,11,4,26.3,90,0,2,3,0.184,0.283,0.532,medium,bioplastic,110.0
51.64,23.28,5.76,0.96,0.0,0,1,8,-18,89.4,120,3,1,3,0.673,0.039,0.288,high,laminate,2649.3
25.97,15.93,5.93,0.851,0.0,0,1,1,30,88.3,14,1,3,3,0.038,0.261,0.701,high,paper_based,47.0
97.55,1.12,6.34,0.974,57.5,1,1,10,25,89.5,30,1,3,4,0.337,0.307,0.355,breathable,specialty,9.6
8.87,13.14,5.91,0.47,0.0,0,0,7,20,65.8,120,4,3,0,0.026,0.604,0.37,ultra_high,barrier_film,1239.8
16.39,5.34,6.36,0.684,0.0,0,0,9,25,56.3,30,3,2,3,0.366,0.365,0.269,low,polyolefin,46.5
9.88,9.59,6.3,0.405,0.0,0,0,7,25,38.9,14,4,2,0,0.366,0.511,0.122,ultra_high,laminate,384.3
3.11,59.7,5.83,0.345,0.0,0,0,6,30,93.8,90,2,1,6,0.273,0.371,0.356,ultra_high,barrier_film,288.2
89.31,1.25,6.31,0.965,0.0,0,1,11,4,42.8,60,3,3,3,0.046,0.616,0.338,medium,polyester,79.4
85.72,0.13,6.07,0.953,70.25,1,1,10,25,39.3,365,2,1,4,0.586,0.329,0.084,breathable,specialty,6.0
5.21,0.56,5.55,0.234,0.0,0,0,4,25,69.8,60,4,1,1,0.179,0.151,0.669,high,paper_based,466.6
100.0,0.01,6.45,0.982,136.35,1,1,10,10,39.4,365,2,3,3,0.425,0.385,0.19,breathable,specialty,16.0
2.38,42.98,5.98,0.339,0.0,0,0,6,30,56.6,30,3,0,6,0.935,0.048,0.018,ultra_high,laminate,357.9
89.95,0.41,6.25,1.0,8.55,1,1,10,2,89.7,60,4,1,2,0.551,0.238,0.212,breathable,specialty,54.3
100.0,0.2,6.52,1.0,59.42,1,1,10,2,45.0,21,2,1,4,0.389,0.064,0.547,breathable,specialty,52.2
0.0,100.0,6.65,0.009,0.63,0,0,3,20,75.2,5,2,0,0,0.321,0.455,0.224,ultra_high,laminate,684.7
88.27,3.44,4.15,1.0,0.63,0,1,8,2,90.5,180,1,0,3,0.272,0.7,0.028,medium,polyester,68.1
90.64,0.08,6.13,1.0,68.68,1,1,10,15,82.5,90,3,1,3,0.222,0.008,0.769,breathable,bioplastic,14.4
4.78,0.96,5.18,0.232,0.0,0,0,4,20,71.7,30,0,3,1,0.453,0.211,0.336,high,laminate,224.8
9.34,0.0,7.07,0.599,1.52,0,0,9,40,54.5,120,3,2,1,0.631,0.114,0.255,high,barrier_film,77.7
93.77,0.47,3.22,1.0,69.3,1,1,2,10,38.1,90,1,2,3,0.561,0.197,0.242,breathable,specialty,39.3
2.86,42.18,5.71,0.359,0.94,0,0,6,40,87.6,21,1,0,6,0.211,0.509,0.28,ultra_high,barrier_film,128.6
89.15,0.85,4.31,0.979,22.12,1,1,10,8,78.0,21,1,0,3,0.571,0.408,0.021,breathable,specialty,12.0
7.08,1.25,5.67,0.264,0.0,0,0,4,40,72.0,30,4,3,1,0.448,0.276,0.276,high,polyester,93.1
90.88,0.56,5.96,0.998,7.96,1,1,10,20,88.2,120,3,0,2,0.416,0.352,0.232,breathable,specialty,6.7
66.23,0.0,6.17,0.978,3.1,1,0,10,25,66.4,180,0,2,2,0.406,0.526,0.068,breathable,specialty,6.3
81.53,0.37,4.7,0.987,24.46,1,1,2,20,44.2,180,3,1,4,0.461,0.132,0.407,breathable,specialty,12.5
5.41,22.31,6.83,0.271,0.0,0,0,1,30,38.1,180,3,0,1,0.026,0.127,0.847,ultra_high,bioplastic,511.1
0.33,100.0,6.53,0.126,0.0,0,0,3,35,65.4,365,2,1,0,0.44,0.36,0.2,ultra_high,laminate,336.5
82.38,0.0,3.21,1.0,0.0,0,1,4,30,41.0,120,0,3,3,0.988,0.01,0.002,medium,polyolefin,13.1
35.93,2.58,5.98,0.931,0.0,0,1,1,20,56.1,30,1,1,5,0.796,0.065,0.139,low,polyolefin,45.9
69.62,9.97,5.6,1.0,0.0,0,1,5,2,47.3,120,3,1,3,0.082,0.188,0.73,medium,bioplastic,119.4
11.03,1.61,6.39,0.588,0.0,0,0,9,35,52.5,90,2,0,1,0.06,0.777,0.164,high,barrier_film,164.9
81.08,2.41,5.99,0.981,0.0,0,1,11,8,61.6,14,0,2,3,0.535,0.192,0.273,medium,polyester,101.8
100.0,0.0,3.59,0.985,0.62,0,1,4,25,86.1,60,3,3,3,0.461,0.442,0.097,medium,polyester,16.7
7.48,14.8,5.5,0.389,0.57,0,0,7,25,92.0,21,4,2,0,0.278,0.384,0.338,ultra_high,laminate,310.7
32.03,35.8,5.11,0.914,0.0,0,1,8,-18,77.9,180,3,0,3,0.005,0.282,0.713,high,paper_based,1703.8
6.16,14.17,5.22,0.207,0.44,0,0,4,35,71.9,14,0,3,0,0.307,0.011,0.682,ultra_high,laminate,199.3
84.25,0.0,6.19,1.0,115.81,1,1,10,15,78.6,60,1,3,3,0.458,0.082,0.459,breathable,specialty,13.2
91.99,2.87,4.1,0.995,0.0,0,1,8,8,92.0,90,4,3,3,0.379,0.242,0.379,medium,polyester,46.3
100.0,0.33,6.13,0.977,136.73,1,1,10,15,83.1,120,1,0,3,0.435,0.001,0.564,breathable,specialty,7.3
81.22,0.0,5.38,0.986,0.59,1,0,10,8,25.9,21,3,2,3,0.432,0.128,0.439,breathable,specialty,35.7
7.54,9.56,5.89,0.381,0.51,0,0,7,25,86.7,7,4,3,0,0.053,0.527,0.42,ultra_high,laminate,340.9
46.93,27.51,5.68,0.979,0.43,0,1,8,0,58.8,120,4,0,3,0.36,0.228,0.412,high,barrier_film,454.5
90.47,0.0,4.58,1.0,30.89,1,1,2,25,78.7,5,0,1,4,0.045,0.864,0.091,breathable,specialty,6.2
13.06,1.0,6.61,0.543,0.77,0,0,9,20,75.9,365,1,1,1,0.13,0.03,0.84,high,bioplastic,426.1
87.51,3.22,6.76,1.0,0.0,0,1,8,8,29.0,14,4,3,3,0.392,0.232,0.376,medium,polyolefin,38.4
22.11,16.03,6.33,0.848,0.0,0,1,1,30,42.7,7,4,3,3,0.348,0.315,0.337,high,laminate,77.4
11.59,5.44,6.31,0.553,0.47,0,0,0,20,59.0,120,0,2,1,0.252,0.441,0.306,high,laminate,462.8
75.85,0.0,5.62,0.97,1.66,1,0,10,4,29.3,3,4,2,3,0.398,0.44,0.162,breathable,specialty,70.4
3.81,42.85,6.47,0.348,0.0,0,0,6,25,37.0,3,2,0,6,0.138,0.371,0.492,ultra_high,barrier_film,744.0
13.81,4.45,6.97,0.672,0.64,0,0,9,20,43.3,120,2,2,3,0.473,0.067,0.46,medium,polyester,236.0
7.65,0.78,5.49,0.257,0.0,0,0,4,20,74.9,365,3,1,1,0.235,0.606,0.159,high,barrier_film,484.4
73.32,4.59,6.53,0.995,0.56,0,1,5,8,49.2,180,2,0,3,0.524,0.072,0.404,medium,polyester,53.7
38.55,3.58,5.98,0.966,0.0,0,1,1,30,82.8,60,3,2,5,0.172,0.097,0.731,low,bioplastic,24.1
96.35,0.0,4.08,0.942,17.64,1,1,2,25,79.2,30,0,0,4,0.46,0.264,0.277,breathable,specialty,6.0
8.25,10.35,6.03,0.381,1.09,0,0,7,40,57.3,120,1,0,0,0.116,0.65,0.234,ultra_high,laminate,211.0
6.7,3.4,5.55,0.522,0.0,0,0,7,20,61.0,120,4,1,1,0.29,0.468,0.242,high,laminate,534.0
5.95,0.0,4.94,0.239,0.79,0,0,4,25,57.1,90,3,0,1,0.597,0.082,0.321,high,polyester,282.4
97.06,0.16,3.64,1.0,8.78,1,1,2,20,29.2,21,4,1,2,0.072,0.687,0.241,breathable,specialty,6.9
72.94,0.71,4.75,0.985,22.8,1,1,2,25,48.2,180,3,1,4,0.379,0.47,0.151,breathable,specialty,4.1
2.37,46.65,5.97,0.336,0.0,0,0,6,30,30.4,180,2,0,6,0.048,0.218,0.734,ultra_high,laminate,342.5
54.53,25.1,5.76,0.961,0.0,0,1,8,8,47.2,60,2,1,3,0.345,0.361,0.295,high,polyester,155.3
93.97,0.99,6.43,0.988,0.0,0,1,11,-10,88.2,21,2,2,3,0.25,0.651,0.098,medium,polyolefin,125.8
98.6,0.0,4.03,0.997,27.11,1,1,10,20,69.6,5,3,0,3,0.233,0.387,0.38,breathable,specialty,13.5
74.55,4.71,6.42,1.0,1.06,0,1,5,8,90.6,60,3,3,3,0.128,0.561,0.311,medium,polyolefin,58.8
6.64,14.9,5.91,0.417,1.71,0,0,7,35,31.7,30,3,0,0,0.338,0.326,0.336,ultra_high,barrier_film,269.3
3.63,17.23,4.88,0.218,0.0,0,0,4,20,30.7,5,1,0,0,0.354,0.012,0.634,ultra_high,laminate,597.2
4.48,54.47,5.63,0.363,0.65,0,0,6,35,34.9,30,2,1,6,0.313,0.377,0.309,ultra_high,laminate,458.7
0.36,88.54,7.0,0.006,0.0,0,0,3,35,79.9,365,4,1,0,0.115,0.461,0.424,ultra_high,laminate,290.7
96.74,0.0,2.92,1.0,1.09,0,0,4,20,83.2,14,1,1,0,0.24,0.447,0.313,medium,polyester,7.7
32.83,35.35,5.14,0.858,0.0,0,1,8,-18,47.7,3,2,3,3,0.715,0.0,0.285,high,laminate,1480.7
0.85,100.0,7.43,0.01,0.0,0,0,3,20,51.0,60,1,3,0,0.469,0.054,0.477,ultra_high,laminate,703.2
71.93,1.69,6.81,0.977,0.89,0,1,11,2,33.0,60,1,3,3,0.226,0.32,0.454,medium,polyester,41.5
8.73,24.08,6.35,0.438,0.0,0,0,7,25,84.3,60,4,0,0,0.462,0.233,0.306,ultra_high,barrier_film,491.5
90.14,0.0,4.11,0.976,28.3,1,1,10,25,85.4,90,0,2,3,0.63,0.345,0.025,breathable,specialty,5.6
6.72,22.74,6.2,0.429,0.0,0,0,7,40,68.0,365,3,3,0,0.249,0.401,0.35,ultra_high,laminate,357.3
94.81,0.0,5.19,0.965,1.72,1,0,10,8,44.7,3,0,1,3,0.422,0.401,0.178,breathable,specialty,19.9
5.15,29.53,5.51,0.24,1.9,0,0,6,20,52.9,60,1,2,6,0.444,0.267,0.29,ultra_high,barrier_film,789.5
91.1,1.12,5.29,0.982,30.27,1,1,10,2,41.3,21,2,2,2,0.227,0.525,0.248,breathable,specialty,65.5
100.0,0.0,5.58,0.978,27.85,1,1,10,15,58.7,120,3,0,2,0.34,0.41,0.249,breathable,specialty,28.0
5.66,47.3,6.54,0.369,0.0,0,0,6,40,88.1,21,3,3,6,0.403,0.314,0.283,ultra_high,barrier_film,227.1
11.55,0.15,5.98,0.588,0.0,0,0,9,20,30.3,365,4,0,1,0.729,0.042,0.229,high,polyester,610.3
76.79,0.33,4.99,0.986,20.91,1,1,2,25,94.9,60,1,0,4,0.254,0.212,0.534,breathable,specialty,7.9
95.89,0.0,6.57,1.0,49.3,1,1,10,4,91.1,120,1,0,4,0.131,0.512,0.357,breathable,specialty,50.7
84.32,2.88,4.51,0.972,1.89,0,1,8,-10,80.2,21,4,1,3,0.4,0.087,0.513,medium,paper_based,284.0
69.83,4.74,5.77,1.0,0.0,0,1,5,0,35.0,21,4,2,3,0.411,0.475,0.114,medium,polyester,134.5
88.45,4.14,5.95,0.997,0.0,0,1,5,4,54.2,60,2,2,3,0.186,0.722,0.091,medium,polyester,63.7
50.75,24.69,5.54,0.946,0.42,0,1,8,0,39.6,7,4,3,3,0.084,0.161,0.755,high,paper_based,312.4
11.79,5.99,6.36,0.592,0.0,0,0,0,35,57.2,14,4,3,1,0.568,0.045,0.386,high,barrier_film,233.2
6.95,14.39,7.18,0.296,0.0,0,0,1,35,30.3,60,4,3,1,0.197,0.498,0.305,high,barrier_film,209.7
6.55,15.53,4.83,0.222,0.0,0,0,4,20,61.8,14,2,3,0,0.32,0.42,0.261,ultra_high,barrier_film,755.5
99.82,0.51,4.73,1.0,24.54,1,1,10,15,68.5,365,3,0,3,0.24,0.463,0.297,breathable,specialty,10.6
84.98,0.0,6.09,0.939,2.1,1,0,10,2,88.6,30,4,1,2,0.09,0.391,0.519,breathable,specialty,59.9
85.9,3.22,6.61,0.995,2.17,0,1,8,0,57.3,7,4,2,3,0.43,0.25,0.32,medium,polyester,127.9
2.01,35.37,6.07,0.189,1.18,0,0,6,20,36.8,365,0,0,6,0.662,0.196,0.142,ultra_high,laminate,1263.3
1.92,44.44,5.77,0.236,0.0,0,0,6,25,53.5,365,1,1,6,0.434,0.164,0.402,ultra_high,laminate,873.6
64.88,0.0,3.82,0.99,9.42,1,1,2,15,61.3,14,2,0,3,0.361,0.273,0.367,breathable,specialty,13.5
5.53,49.33,5.9,0.365,0.0,0,0,6,20,81.4,14,3,0,6,0.253,0.219,0.528,ultra_high,barrier_film,561.7
0.0,86.58,6.5,0.032,0.83,0,0,3,40,40.4,3,3,1,0,0.231,0.243,0.526,ultra_high,barrier_film,146.4
2.61,46.84,6.24,0.349,0.0,0,0,6,25,36.2,7,4,2,6,0.028,0.45,0.522,ultra_high,laminate,428.4
4.59,0.94,5.05,0.247,0.17,0,0,4,20,50.7,365,0,1,1,0.064,0.412,0.524,high,laminate,475.6
10.62,8.66,5.91,0.389,0.02,0,0,7,40,90.4,90,3,3,0,0.432,0.354,0.214,ultra_high,laminate,257.6
41.52,3.06,5.52,0.928,0.0,0,1,1,35,57.8,21,4,2,5,0.134,0.608,0.258,low,polyolefin,14.1
16.03,1.71,5.57,0.592,0.0,0,0,9,35,81.8,60,3,1,1,0.455,0.472,0.073,high,barrier_film,42.0
10.21,0.32,6.21,0.484,0.44,0,0,0,25,81.6,365,0,1,1,0.414,0.43,0.156,high,polyester,206.3
0.33,100.0,6.85,0.001,1.74,0,0,3,30,64.4,3,3,3,0,0.379,0.209,0.412,ultra_high,laminate,422.8
8.83,3.89,5.57,0.506,0.37,0,0,7,25,89.7,5,2,3,1,0.114,0.452,0.434,high,polyester,313.1
55.87,22.94,5.75,0.949,0.29,0,1,8,2,77.2,21,2,1,3,0.345,0.349,0.306,high,barrier_film,521.6
3.67,1.65,5.63,0.26,0.69,0,0,4,30,35.0,7,3,0,1,0.156,0.33,0.514,high,polyester,302.5
5.26,15.76,6.43,0.296,0.74,0,0,1,35,80.4,365,2,3,1,0.544,0.428,0.028,high,polyester,124.1
3.68,0.53,5.15,0.266,0.0,0,0,4,25,54.9,60,1,1,1,0.112,0.511,0.377,high,barrier_film,366.8
66.51,2.14,6.58,0.989,0.44,0,1,11,-18,48.6,14,1,1,3,0.478,0.487,0.035,medium,polyolefin,227.3
76.03,1.45,6.7,0.993,0.0,0,1,11,-18,91.9,5,2,3,3,0.436,0.098,0.466,medium,polyolefin,496.5
81.29,0.0,5.83,0.976,1.31,1,0,10,20,61.7,120,4,2,2,0.042,0.462,0.497,breathable,specialty,3.4
82.49,0.27,5.6,0.959,1.19,1,0,10,8,24.0,60,1,1,3,0.384,0.317,0.299,breathable,specialty,37.9
10.22,17.7,6.38,0.435,1.28,0,0,7,30,88.6,365,2,3,0,0.245,0.225,0.53,ultra_high,barrier_film,240.5
89.14,0.0,2.27,0.959,0.0,0,0,4,30,34.7,3,0,0,0,0.445,0.064,0.49,medium,polyolefin,15.9
9.1,1.02,6.51,0.485,0.25,0,0,0,25,38.2,30,4,1,1,0.542,0.301,0.157,high,barrier_film,307.7
11.68,0.21,6.26,0.605,0.86,0,0,9,30,62.4,120,3,3,1,0.061,0.844,0.095,medium,polyester,185.1
79.47,0.01,5.35,0.948,1.43,1,0,10,4,78.6,14,2,0,3,0.701,0.093,0.206,breathable,specialty,28.8
12.58,1.73,6.07,0.523,0.0,0,0,9,20,69.2,90,2,3,1,0.074,0.346,0.58,high,polyester,639.8
10.76,0.87,6.52,0.541,0.0,0,0,9,30,46.8,60,4,2,1,0.48,0.508,0.013,high,barrier_film,293.4
4.78,1.23,5.67,0.245,0.37,0,0,4,30,57.3,90,0,0,1,0.429,0.361,0.21,high,laminate,328.2
68.42,9.68,5.63,0.996,0.8,0,1,5,8,90.7,180,3,0,3,0.094,0.687,0.219,medium,polyester,12.1
81.25,0.0,5.77,1.0,9.44,1,1,10,20,68.1,3,3,0,2,0.433,0.355,0.211,breathable,specialty,7.0
73.38,4.16,7.15,1.0,0.41,0,1,8,4,38.5,5,0,3,3,0.228,0.447,0.325,medium,polyester,128.4
14.21,1.45,6.44,0.598,0.0,0,0,9,25,66.0,365,4,3,1,0.388,0.053,0.559,high,barrier_film,282.2
78.61,2.9,4.56,0.963,0.76,0,1,8,0,72.8,365,1,1,3,0.478,0.504,0.018,medium,polyester,101.9
14.44,4.81,6.69,0.629,0.0,0,0,9,35,46.0,60,1,2,3,0.346,0.297,0.358,medium,polyester,91.7
10.33,2.12,5.55,0.537,1.49,0,0,9,25,56.5,7,3,3,1,0.062,0.275,0.663,high,bioplastic,651.9
98.16,0.12,4.13,0.983,29.06,1,1,10,2,29.5,3,1,2,3,0.905,0.053,0.043,breathable,specialty,54.4
66.71,11.02,5.94,0.99,0.0,0,1,5,0,79.2,120,0,0,3,0.018,0.034,0.948,high,bioplastic,182.0
3.45,0.39,5.44,0.275,2.21,0,0,4,20,30.8,14,4,1,1,0.421,0.497,0.082,high,polyester,545.8
25.93,11.47,6.48,0.865,0.0,0,1,1,30,51.0,60,0,2,3,0.09,0.522,0.388,high,polyester,29.5
94.78,0.78,5.96,1.0,106.34,1,1,10,20,75.8,5,2,3,3,0.297,0.338,0.365,breathable,specialty,6.5
96.13,0.0,3.56,1.0,9.35,1,1,2,8,63.6,5,4,3,2,0.303,0.419,0.279,breathable,specialty,24.6
46.03,27.17,5.54,0.96,1.09,0,1,8,-10,75.2,90,3,0,3,0.35,0.277,0.373,high,polyester,879.4
11.76,9.27,5.72,0.42,0.0,0,0,7,40,62.6,90,3,3,0,0.478,0.395,0.127,ultra_high,laminate,280.4
89.85,0.0,3.69,1.0,60.12,1,1,2,25,43.4,180,1,2,3,0.111,0.335,0.554,breathable,specialty,4.9
62.47,9.61,5.75,0.996,0.05,0,1,5,0,55.5,60,0,2,3,0.469,0.458,0.073,medium,polyester,147.3
77.63,0.0,3.14,0.99,8.84,1,1,2,15,33.7,7,1,2,2,0.429,0.395,0.175,breathable,specialty,9.5
71.48,0.35,4.04,0.98,19.36,1,1,2,20,31.8,365,4,0,4,0.522,0.149,0.329,breathable,specialty,15.7
11.25,1.09,6.69,0.568,0.0,0,0,9,20,85.4,120,2,3,1,0.423,0.108,0.469,high,barrier_film,385.1
8.83,20.12,5.99,0.471,1.31,0,0,7,20,62.9,21,0,3,0,0.332,0.269,0.398,ultra_high,barrier_film,957.5
75.73,0.18,3.17,0.971,9.64,1,1,2,4,92.4,5,2,3,2,0.582,0.053,0.365,breathable,specialty,25.6
87.83,0.11,5.61,0.929,0.79,1,0,10,20,28.2,90,0,0,3,0.314,0.236,0.45,breathable,specialty,4.8
88.46,0.6,3.34,0.999,63.46,1,1,2,4,49.4,5,3,2,3,0.412,0.138,0.45,breathable,specialty,38.2
96.3,0.0,4.2,1.0,28.55,1,1,10,2,59.7,21,4,0,3,0.203,0.431,0.366,breathable,specialty,37.5
7.68,1.44,5.93,0.549,2.22,0,0,9,30,42.4,30,1,2,1,0.537,0.001,0.463,high,barrier_film,227.3
7.3,6.26,6.26,0.528,0.78,0,0,0,35,56.5,120,0,1,1,0.374,0.337,0.289,high,laminate,206.0
37.02,3.65,5.4,0.934,0.0,0,1,1,20,80.6,21,1,2,5,0.391,0.057,0.552,low,bioplastic,62.7
9.57,0.21,5.98,0.632,0.0,0,0,9,25,43.9,90,0,0,1,0.472,0.5,0.028,medium,polyester,122.7
11.45,0.95,6.0,0.497,0.0,0,0,0,40,25.3,180,1,0,1,0.069,0.67,0.261,high,laminate,129.9
4.92,0.71,5.53,0.299,0.0,0,0,4,25,41.7,120,3,2,1,0.08,0.567,0.353,high,polyester,371.6
12.1,9.78,6.33,0.426,0.58,0,0,7,20,58.9,7,1,0,0,0.411,0.377,0.212,ultra_high,laminate,898.4
61.57,9.5,5.43,1.0,0.0,0,1,5,4,89.8,5,0,3,3,0.443,0.485,0.072,medium,polyester,141.0
6.75,21.34,6.05,0.463,0.63,0,0,7,35,38.7,120,3,1,0,0.291,0.409,0.3,ultra_high,laminate,241.2
5.05,15.2,4.97,0.222,0.0,0,0,4,35,70.1,7,4,1,0,0.285,0.639,0.076,ultra_high,barrier_film,108.6
72.01,0.38,5.78,0.969,0.06,1,0,10,8,79.1,365,3,1,2,0.202,0.666,0.132,breathable,specialty,33.8
92.05,0.0,6.38,0.978,8.32,1,1,10,2,43.5,30,2,0,2,0.419,0.449,0.132,breathable,specialty,36.4
1.79,38.17,6.23,0.201,0.0,0,0,6,35,51.3,14,2,2,6,0.581,0.341,0.077,ultra_high,laminate,271.5
8.49,16.93,5.84,0.438,0.76,0,0,7,25,46.2,30,0,2,0,0.629,0.006,0.365,ultra_high,barrier_film,272.7
7.67,6.04,6.61,0.518,0.0,0,0,0,35,59.4,7,2,0,1,0.246,0.608,0.147,high,barrier_film,192.6
3.32,20.36,6.81,0.289,0.54,0,0,1,40,49.2,180,1,3,1,0.642,0.213,0.145,ultra_high,laminate,303.3
3.28,30.72,6.59,0.245,0.0,0,0,6,35,80.0,120,0,1,6,0.8,0.035,0.165,ultra_high,barrier_film,236.2
84.21,0.0,3.52,0.967,0.0,0,1,4,40,31.9,14,0,1,3,0.093,0.556,0.35,medium,polyester,8.1
90.9,0.0,3.7,1.0,8.58,1,1,2,8,89.3,90,4,1,2,0.461,0.349,0.19,breathable,specialty,12.4
85.66,0.26,6.08,0.991,8.11,1,1,10,20,60.1,90,0,0,2,0.094,0.696,0.21,breathable,specialty,12.8
50.5,24.63,5.54,0.986,0.99,0,1,8,4,47.6,180,1,0,3,0.352,0.115,0.533,high,barrier_film,642.3
44.97,28.76,5.59,0.904,0.0,0,1,8,8,47.7,180,2,0,3,0.407,0.481,0.112,high,polyester,308.4
10.11,8.98,5.66,0.402,0.0,0,0,7,20,86.1,5,1,2,0,0.214,0.326,0.461,ultra_high,laminate,643.6
100.0,0.3,6.36,0.967,53.24,1,1,10,2,46.4,21,1,2,4,0.272,0.421,0.307,breathable,specialty,61.2
96.07,0.0,3.99,0.964,28.99,1,1,10,2,71.1,5,0,1,3,0.582,0.156,0.262,breathable,specialty,60.0
81.13,0.0,5.51,0.963,1.25,1,0,10,8,53.6,120,4,3,3,0.082,0.607,0.312,breathable,specialty,21.9
10.31,1.46,6.41,0.562,1.31,0,0,9,20,35.1,120,4,2,1,0.425,0.284,0.291,high,polyester,747.8
7.23,20.25,5.78,0.452,0.0,0,0,7,40,27.4,21,1,0,0,0.283,0.483,0.234,ultra_high,laminate,155.7
96.44,0.0,4.81,0.981,22.77,1,1,2,25,49.4,14,1,3,4,0.6,0.173,0.227,breathable,specialty,6.0
76.04,0.0,2.37,0.99,0.0,0,0,4,30,90.4,30,0,3,0,0.48,0.191,0.329,medium,polyolefin,2.9
100.0,0.0,3.35,1.0,59.07,1,1,2,4,37.5,21,4,2,3,0.901,0.048,0.051,breathable,specialty,42.7
3.11,50.51,6.31,0.364,0.5,0,0,6,25,36.8,60,3,1,6,0.022,0.486,0.492,ultra_high,laminate,469.3
75.9,0.99,3.1,0.968,7.78,1,1,2,2,30.3,60,3,0,2,0.794,0.133,0.073,breathable,specialty,48.2
5.33,19.46,6.29,0.453,0.26,0,0,7,40,53.4,30,2,1,0,0.349,0.082,0.569,ultra_high,barrier_film,172.3
15.06,4.97,6.49,0.572,0.0,0,0,0,35,69.7,120,4,0,1,0.557,0.438,0.005,high,polyester,26.9
0.19,94.05,6.79,0.111,0.0,0,0,3,35,78.5,120,0,3,0,0.527,0.07,0.403,ultra_high,laminate,201.5
3.31,38.31,5.91,0.173,1.22,0,0,6,35,63.3,5,2,0,6,0.336,0.3,0.364,ultra_high,barrier_film,308.3
20.02,15.93,6.6,0.849,1.64,0,1,1,30,64.8,90,3,2,3,0.274,0.196,0.53,high,laminate,21.3
0.48,17.7,6.76,0.321,1.2,0,0,1,40,31.5,5,2,0,1,0.016,0.451,0.532,high,laminate,143.6
2.21,53.38,6.15,0.345,0.72,0,0,6,40,91.8,180,3,1,6,0.31,0.381,0.31,ultra_high,laminate,116.6
70.28,3.07,4.45,0.956,1.09,0,1,8,-10,37.1,30,3,3,3,0.272,0.721,0.007,medium,polyester,277.3
88.78,2.61,6.5,0.996,0.05,0,1,8,4,60.9,120,0,0,3,0.227,0.491,0.282,medium,polyolefin,69.1
0.0,92.52,7.01,0.0,0.0,0,0,3,35,41.0,60,2,2,0,0.132,0.542,0.326,ultra_high,barrier_film,383.2
14.63,5.57,7.04,0.53,2.57,0,0,0,40,44.4,14,1,1,1,0.032,0.566,0.402,high,laminate,131.1
85.44,2.01,3.34,0.968,54.33,1,1,2,2,74.9,30,1,1,3,0.679,0.13,0.19,breathable,specialty,41.0
38.78,38.68,5.15,0.859,0.0,0,1,8,4,53.9,120,1,1,3,0.105,0.535,0.36,high,barrier_film,342.4
2.85,47.18,5.5,0.346,0.0,0,0,6,40,41.4,3,1,1,6,0.623,0.275,0.102,ultra_high,laminate,191.5
91.82,0.25,6.3,0.949,63.87,1,1,10,8,87.6,365,0,1,4,0.056,0.418,0.526,breathable,specialty,42.3
4.08,15.25,4.8,0.182,0.0,0,0,4,30,46.1,30,2,3,0,0.362,0.288,0.35,ultra_high,barrier_film,503.9
4.33,19.19,7.12,0.308,0.37,0,0,1,35,88.1,21,0,3,1,0.557,0.223,0.22,high,polyester,111.4
89.8,0.28,3.45,0.992,8.36,1,1,2,2,67.5,60,2,1,2,0.105,0.359,0.536,breathable,specialty,39.8
10.84,13.62,5.76,0.435,0.0,0,0,7,20,23.3,30,1,1,0,0.395,0.397,0.208,ultra_high,laminate,688.1
69.09,5.17,6.9,1.0,0.0,0,1,5,-18,58.6,14,0,0,3,0.143,0.761,0.097,medium,polyolefin,365.9
11.78,4.04,5.9,0.517,0.0,0,0,7,35,82.0,30,0,0,1,0.256,0.601,0.143,high,laminate,107.8
25.86,12.42,6.55,0.876,0.56,0,1,1,25,53.7,14,1,2,3,0.516,0.324,0.16,high,barrier_film,18.5
0.64,85.63,6.79,0.018,0.0,0,0,3,40,51.5,180,1,0,0,0.129,0.418,0.453,ultra_high,barrier_film,208.3
24.6,17.33,7.09,0.843,0.97,0,1,1,40,49.0,365,3,0,3,0.233,0.158,0.609,high,paper_based,18.8
8.4,11.74,5.87,0.385,0.0,0,0,7,35,92.7,180,2,2,0,0.2,0.061,0.739,ultra_high,laminate,149.1
0.0,95.58,7.32,0.024,0.0,0,0,3,40,30.3,21,1,1,0,0.351,0.416,0.233,ultra_high,laminate,231.7
0.0,100.0,6.95,0.0,1.87,0,0,3,40,86.9,5,1,3,0,0.42,0.492,0.088,ultra_high,barrier_film,88.3
14.84,0.86,5.83,0.577,0.08,0,0,9,25,54.1,60,4,3,1,0.282,0.586,0.132,high,barrier_film,185.0
95.23,0.0,4.03,0.984,29.12,1,1,10,20,68.5,5,4,1,3,0.008,0.447,0.545,breathable,specialty,11.5
1.32,32.64,6.08,0.2,0.0,0,0,6,20,49.8,60,1,3,6,0.371,0.161,0.468,ultra_high,barrier_film,1114.8
97.73,2.66,4.33,0.971,0.15,0,1,8,-18,53.5,21,2,3,3,0.043,0.509,0.448,medium,polyolefin,227.0
11.51,0.45,5.97,0.633,0.03,0,0,9,30,52.3,30,0,0,1,0.215,0.418,0.367,medium,polyolefin,137.7
100.0,0.18,6.66,0.979,49.7,1,1,10,20,38.8,3,4,1,4,0.459,0.119,0.421,breathable,specialty,17.8
10.35,12.22,4.9,0.42,0.0,0,0,7,35,89.5,120,1,1,0,0.305,0.282,0.413,ultra_high,barrier_film,363.9
100.0,0.05,2.62,0.97,0.0,0,0,4,40,85.2,60,1,2,0,0.319,0.322,0.359,medium,polyester,9.0
10.56,2.92,6.11,0.512,0.0,0,0,7,30,58.2,60,4,1,1,0.416,0.279,0.305,high,laminate,258.2
1.58,100.0,6.55,0.107,0.0,0,0,3,30,83.5,90,1,0,0,0.206,0.223,0.571,ultra_high,laminate,379.1
100.0,0.0,3.25,0.974,0.4,0,1,4,25,57.7,180,2,2,3,0.454,0.538,0.008,medium,polyolefin,25.2
0.73,29.9,5.32,0.226,0.0,0,0,6,40,77.4,120,3,3,6,0.087,0.467,0.447,ultra_high,barrier_film,113.0
80.12,0.32,5.43,0.992,22.84,1,1,10,20,64.1,5,2,0,2,0.443,0.36,0.197,breathable,specialty,8.9
1.72,100.0,6.32,0.059,2.67,0,0,3,30,32.3,7,4,2,0,0.539,0.003,0.459,ultra_high,laminate,300.1
2.46,29.9,6.32,0.24,0.0,0,0,6,40,26.4,30,2,1,6,0.391,0.153,0.456,ultra_high,barrier_film,164.2
7.15,14.0,5.86,0.401,0.08,0,0,7,35,54.8,180,2,0,0,0.325,0.502,0.172,ultra_high,laminate,342.6
92.32,0.67,3.13,0.966,0.0,0,1,4,20,52.2,90,3,1,3,0.406,0.459,0.135,medium,polyolefin,12.8
72.5,1.12,5.49,0.94,2.97,1,0,10,15,56.9,7,3,3,2,0.173,0.523,0.305,breathable,specialty,12.1
3.73,22.01,6.46,0.336,0.0,0,0,1,25,78.1,90,0,3,1,0.485,0.295,0.22,ultra_high,laminate,552.1
67.08,2.17,6.96,0.989,1.05,0,1,11,2,71.5,90,2,3,3,0.425,0.21,0.365,medium,polyolefin,85.9
8.78,22.59,6.16,0.456,2.07,0,0,7,40,36.8,5,2,0,0,0.217,0.129,0.654,ultra_high,laminate,237.2
26.5,13.44,6.46,0.842,0.0,0,1,1,35,33.1,180,2,1,3,0.213,0.572,0.216,high,barrier_film,53.8
2.94,14.72,5.09,0.167,0.0,0,0,4,35,30.0,180,1,3,0,0.256,0.449,0.295,ultra_high,laminate,264.3
9.54,3.74,5.95,0.494,0.66,0,0,7,20,83.7,30,2,3,1,0.115,0.53,0.355,high,barrier_film,224.2
3.28,50.67,6.01,0.335,1.73,0,0,6,35,34.6,120,3,1,6,0.39,0.503,0.107,ultra_high,barrier_film,280.2
90.13,3.39,7.0,1.0,0.66,0,1,8,4,80.3,30,3,0,3,0.155,0.311,0.534,medium,bioplastic,65.9
4.92,16.08,5.47,0.194,0.0,0,0,4,20,86.3,365,2,3,0,0.345,0.2,0.454,ultra_high,laminate,523.3
0.0,93.3,6.13,0.071,0.0,0,0,3,25,42.7,365,4,1,0,0.019,0.964,0.016,ultra_high,laminate,399.4
30.28,28.93,4.8,0.891,0.0,0,1,8,-10,32.0,180,1,1,3,0.267,0.355,0.378,high,polyester,1496.4
12.54,0.18,5.8,0.597,0.61,0,0,9,25,39.7,7,3,1,1,0.356,0.344,0.3,high,laminate,361.5
1.15,29.32,6.44,0.266,0.0,0,0,6,40,78.0,7,1,1,6,0.167,0.182,0.651,ultra_high,barrier_film,94.4
94.2,3.45,4.11,0.982,0.0,0,1,8,2,35.1,7,0,1,3,0.409,0.242,0.349,medium,polyolefin,66.8
94.65,0.59,5.21,0.948,24.91,1,1,10,10,31.6,3,2,3,2,0.095,0.444,0.461,breathable,specialty,30.3
5.64,0.74,5.55,0.265,0.61,0,0,4,20,67.8,14,3,2,1,0.048,0.139,0.812,high,bioplastic,503.5
89.46,0.0,3.29,0.963,0.05,0,1,4,35,63.2,30,4,2,3,0.322,0.293,0.385,medium,polyester,5.9
6.71,22.32,6.11,0.516,0.0,0,0,7,40,30.0,7,1,2,0,0.343,0.044,0.613,ultra_high,barrier_film,158.8
84.17,0.01,6.38,0.954,3.2,1,0,10,2,63.4,180,3,1,2,0.645,0.04,0.314,breathable,specialty,39.6
9.06,5.16,6.43,0.559,0.0,0,0,0,35,40.7,3,0,3,1,0.379,0.279,0.342,high,barrier_film,228.1
9.01,3.43,5.76,0.504,0.01,0,0,7,35,61.5,21,2,2,1,0.348,0.348,0.305,high,polyester,253.5
81.8,9.51,5.45,0.992,1.3,0,1,5,4,27.0,14,0,1,3,0.227,0.388,0.385,medium,polyester,116.8
86.31,0.19,3.56,0.997,9.1,1,1,2,2,88.0,30,2,0,2,0.345,0.108,0.547,breathable,specialty,86.7
99.77,1.59,6.61,1.0,0.51,0,1,11,-10,65.4,14,0,1,3,0.346,0.248,0.405,medium,polyester,218.0
62.99,1.03,6.48,0.98,0.0,0,1,11,0,67.6,180,3,1,3,0.649,0.197,0.154,medium,polyolefin,49.1
95.05,0.2,6.64,0.962,65.03,1,1,10,25,67.5,5,0,3,4,0.485,0.313,0.202,breathable,specialty,4.1
100.0,0.0,5.64,0.98,84.97,1,1,10,25,46.8,120,3,3,3,0.504,0.468,0.028,breathable,specialty,8.4
10.76,6.48,6.85,0.56,0.41,0,0,0,30,80.7,7,3,1,1,0.159,0.617,0.224,high,polyester,243.9
85.62,0.26,3.21,0.99,60.77,1,1,2,20,81.6,90,1,3,3,0.094,0.495,0.411,breathable,specialty,5.2
63.25,0.3,6.62,0.972,8.27,1,1,10,2,80.9,21,1,2,2,0.679,0.273,0.048,breathable,specialty,54.8
21.9,15.53,6.36,0.845,0.0,0,1,1,40,70.5,21,3,0,3,0.222,0.518,0.26,high,laminate,24.8
3.46,23.29,7.27,0.307,0.0,0,0,1,40,59.4,365,4,3,1,0.49,0.45,0.061,ultra_high,barrier_film,183.6
5.37,53.25,6.0,0.33,0.74,0,0,6,40,30.3,120,0,0,6,0.374,0.018,0.607,ultra_high,barrier_film,66.9
100.0,0.07,5.98,0.956,2.41,1,0,10,2,74.1,120,3,0,3,0.448,0.259,0.293,breathable,specialty,45.5
93.83,1.04,6.63,1.0,119.23,1,1,10,8,52.5,365,2,2,3,0.36,0.347,0.293,breathable,specialty,10.6
0.43,92.91,7.16,0.0,0.0,0,0,3,20,56.7,21,0,3,0,0.232,0.289,0.479,ultra_high,barrier_film,874.4
59.26,26.94,5.51,0.954,0.56,0,1,8,-18,92.8,120,1,2,3,0.362,0.244,0.394,high,barrier_film,2059.5
84.52,1.05,6.91,0.991,0.0,0,1,11,-18,40.0,60,1,2,3,0.309,0.378,0.313,medium,polyester,310.0
100.0,1.26,3.62,1.0,60.55,1,1,2,15,35.1,14,2,3,3,0.316,0.603,0.081,breathable,specialty,15.6
5.76,1.57,5.76,0.234,2.09,0,0,4,25,51.1,7,0,0,1,0.555,0.184,0.262,high,barrier_film,245.9
94.01,0.28,3.76,0.97,0.0,0,1,4,35,73.2,14,0,1,3,0.29,0.238,0.472,medium,polyolefin,16.2
71.53,5.28,5.66,1.0,0.0,0,1,5,4,28.8,21,0,3,3,0.474,0.292,0.235,medium,polyester,24.3
80.51,0.17,3.76,0.954,7.09,1,1,2,4,87.8,120,2,0,3,0.242,0.17,0.588,breathable,specialty,34.1
3.44,1.74,5.32,0.243,0.0,0,0,4,20,37.0,90,2,1,1,0.437,0.317,0.246,high,polyester,446.3
6.82,3.14,5.97,0.494,0.76,0,0,7,25,78.5,5,1,1,1,0.193,0.121,0.687,high,paper_based,178.2
100.0,3.2,6.7,0.993,0.0,0,1,8,0,48.3,60,3,3,3,0.365,0.512,0.123,medium,polyolefin,54.0
3.76,20.74,7.01,0.302,0.0,0,0,1,35,71.4,21,0,0,1,0.128,0.44,0.432,ultra_high,laminate,168.0
85.73,0.39,3.16,0.954,7.91,1,1,2,20,40.6,180,0,2,2,0.674,0.016,0.311,breathable,specialty,8.3
10.32,14.86,5.01,0.384,0.0,0,0,7,35,28.7,7,1,1,0,0.042,0.46,0.498,ultra_high,barrier_film,224.2
76.14,1.76,6.01,0.958,0.0,0,1,11,0,57.2,3,3,0,3,0.153,0.462,0.385,medium,polyolefin,96.6
84.85,3.37,7.07,1.0,2.41,0,1,8,4,83.2,21,2,3,3,0.472,0.403,0.125,medium,polyolefin,45.2
89.75,3.19,4.01,1.0,0.0,0,1,8,0,46.0,120,2,1,3,0.311,0.275,0.414,medium,polyester,76.0
1.53,100.0,6.85,0.112,2.05,0,0,3,40,58.3,21,2,3,0,0.559,0.213,0.229,ultra_high,barrier_film,299.4
8.35,10.75,5.55,0.404,0.28,0,0,7,30,80.1,30,4,1,0,0.439,0.403,0.159,ultra_high,barrier_film,227.6
97.29,0.0,5.71,1.0,10.02,1,1,10,10,52.4,7,3,3,2,0.826,0.109,0.066,breathable,specialty,19.9
72.23,0.87,5.73,0.963,5.84,1,1,10,4,58.6,180,1,0,2,0.518,0.424,0.059,breathable,specialty,40.2
14.16,0.53,7.29,0.513,0.0,0,0,0,25,91.5,7,1,3,1,0.344,0.443,0.213,high,polyester,146.8
11.13,1.71,5.82,0.536,0.0,0,0,9,30,71.9,365,1,1,1,0.324,0.377,0.299,high,laminate,156.4
56.32,8.58,5.81,0.985,0.57,0,1,5,4,30.2,3,0,0,3,0.529,0.212,0.259,low,polyolefin,135.0
5.06,30.39,6.24,0.218,0.0,0,0,6,40,33.9,60,1,3,6,0.19,0.428,0.382,ultra_high,laminate,219.4
10.03,9.76,6.12,0.403,1.37,0,0,7,20,54.6,14,2,1,0,0.404,0.407,0.188,ultra_high,laminate,922.1
2.63,46.01,5.88,0.356,0.27,0,0,6,25,41.4,120,0,0,6,0.464,0.03,0.506,ultra_high,laminate,804.9
8.86,10.19,6.17,0.46,0.66,0,0,7,20,58.7,30,0,3,0,0.126,0.533,0.341,ultra_high,laminate,968.4
8.78,20.75,5.76,0.439,0.93,0,0,7,20,82.1,3,1,3,0,0.37,0.291,0.339,ultra_high,barrier_film,440.0
1.08,45.89,6.18,0.38,0.0,0,0,6,25,54.5,120,3,0,6,0.504,0.381,0.115,ultra_high,barrier_film,717.7
5.12,11.44,6.1,0.453,0.0,0,0,7,20,46.8,365,4,2,0,0.738,0.157,0.106,ultra_high,barrier_film,866.4
3.15,52.58,5.99,0.343,0.36,0,0,6,30,45.9,30,4,0,6,0.695,0.111,0.194,ultra_high,laminate,608.2
8.74,0.58,6.33,0.6,0.03,0,0,9,35,35.0,21,1,0,1,0.432,0.493,0.076,medium,polyester,154.9
64.2,9.41,6.36,1.0,0.0,0,1,5,0,49.4,7,2,2,3,0.239,0.434,0.327,medium,polyester,165.2
84.62,0.35,3.62,0.959,2.56,0,1,4,35,60.9,14,4,1,3,0.38,0.328,0.292,medium,polyolefin,7.3
31.61,14.81,6.5,0.874,0.0,0,1,1,30,90.2,120,1,2,3,0.399,0.55,0.052,high,barrier_film,59.6
88.7,0.61,4.13,0.992,52.25,1,1,2,4,42.1,30,2,1,3,0.42,0.265,0.315,breathable,specialty,47.8
5.0,12.69,5.08,0.209,1.89,0,0,4,25,52.2,120,1,3,0,0.43,0.433,0.137,ultra_high,laminate,607.2
34.79,36.79,5.86,0.879,0.0,0,1,8,4,51.0,21,0,2,3,0.436,0.046,0.518,high,barrier_film,380.3
88.3,0.01,5.51,0.946,3.66,1,0,10,15,71.1,3,4,1,3,0.402,0.028,0.569,breathable,specialty,14.4
93.96,1.02,6.59,0.999,0.0,0,1,11,4,79.5,21,1,1,3,0.268,0.518,0.214,medium,polyolefin,55.2
43.44,2.13,5.44,0.96,0.53,0,1,1,20,33.1,180,1,1,5,0.304,0.097,0.599,low,paper_based,49.0
88.49,0.09,5.41,0.983,28.41,1,1,10,4,69.3,5,2,3,2,0.673,0.259,0.068,breathable,specialty,29.7
81.43,0.94,2.6,0.994,0.14,0,0,4,40,40.9,120,3,1,0,0.468,0.355,0.177,medium,polyolefin,6.4
11.83,0.27,5.9,0.622,0.0,0,0,9,20,90.6,60,2,2,1,0.455,0.257,0.288,medium,polyolefin,257.2
62.68,20.71,5.7,0.966,0.0,0,1,8,4,54.5,14,0,1,3,0.387,0.315,0.298,high,polyester,200.4
92.28,0.0,2.53,0.968,0.9,0,0,4,25,62.8,120,3,3,0,0.698,0.047,0.255,medium,polyolefin,17.8
9.59,14.55,6.03,0.444,1.64,0,0,7,40,27.7,120,4,3,0,0.214,0.34,0.446,ultra_high,laminate,296.5
1.14,100.0,6.97,0.0,0.78,0,0,3,20,92.4,5,1,3,0,0.237,0.426,0.337,ultra_high,barrier_film,938.7
90.87,0.46,4.97,0.938,25.67,1,1,10,25,57.0,60,4,0,2,0.564,0.182,0.254,breathable,specialty,6.4
89.3,0.0,6.01,0.965,59.07,1,1,10,20,28.8,7,1,1,4,0.61,0.068,0.322,breathable,specialty,5.8
85.06,0.86,6.38,0.982,66.17,1,1,10,2,89.2,14,2,0,4,0.479,0.358,0.163,breathable,specialty,85.3
77.18,0.5,4.29,0.993,20.93,1,1,10,10,35.3,5,0,3,3,0.369,0.309,0.322,breathable,specialty,15.0
54.76,9.58,5.53,1.0,0.0,0,1,5,4,42.4,5,4,0,3,0.531,0.141,0.329,low,polyolefin,152.6
3.2,48.42,6.1,0.337,0.0,0,0,6,30,45.6,3,3,3,6,0.088,0.709,0.204,ultra_high,barrier_film,297.5
10.9,1.59,6.6,0.506,1.56,0,0,0,25,85.5,180,2,0,1,0.327,0.347,0.326,high,laminate,186.6
6.91,13.43,5.88,0.465,0.26,0,0,7,35,61.6,365,0,1,0,0.282,0.654,0.064,ultra_high,barrier_film,309.3
81.93,0.5,5.42,0.944,24.92,1,1,10,2,82.4,180,0,3,2,0.163,0.337,0.5,breathable,specialty,48.2
3.48,32.91,5.96,0.233,0.59,0,0,6,20,77.0,365,4,2,6,0.543,0.332,0.125,ultra_high,barrier_film,688.0
9.5,1.59,6.26,0.565,0.31,0,0,9,30,68.8,60,4,1,1,0.444,0.469,0.087,high,barrier_film,252.6
77.93,0.58,5.25,0.957,27.71,1,1,10,8,60.1,5,1,3,2,0.418,0.161,0.421,breathable,specialty,33.0
10.81,3.25,6.39,0.515,0.0,0,0,7,20,28.7,21,0,1,1,0.101,0.736,0.163,high,barrier_film,703.7
1.18,35.32,5.79,0.243,0.52,0,0,6,20,87.6,3,1,0,6,0.187,0.568,0.245,ultra_high,laminate,509.5
9.18,0.75,6.75,0.483,0.0,0,0,0,40,23.3,180,4,3,1,0.375,0.386,0.239,high,barrier_film,123.3
7.57,15.17,5.3,0.428,0.0,0,0,7,25,58.0,30,4,2,0,0.169,0.126,0.705,ultra_high,barrier_film,1090.3
87.23,3.91,4.34,1.0,0.4,0,1,8,0,50.3,5,3,1,3,0.295,0.514,0.191,medium,polyolefin,87.5
6.4,57.45,6.21,0.344,1.99,0,0,6,30,81.2,21,3,3,6,0.411,0.433,0.156,ultra_high,barrier_film,195.9
82.81,0.0,3.76,0.966,0.3,0,1,4,25,67.4,14,2,2,3,0.149,0.566,0.285,medium,polyolefin,14.6
12.38,3.48,6.27,0.526,1.45,0,0,7,40,86.2,21,3,3,1,0.426,0.54,0.035,high,polyester,82.2
41.32,3.2,5.89,0.935,0.28,0,1,1,30,36.7,21,3,3,5,0.261,0.379,0.359,low,polyolefin,21.8
5.23,50.43,6.08,0.342,0.0,0,0,6,35,43.9,30,1,0,6,0.506,0.149,0.345,ultra_high,laminate,207.7
67.86,2.36,6.68,0.98,0.52,0,1,11,2,86.7,120,3,1,3,0.475,0.408,0.117,medium,polyester,78.5
74.09,0.0,5.18,0.977,3.39,1,0,10,15,78.4,90,0,0,3,0.343,0.445,0.212,breathable,specialty,5.4
70.04,0.62,4.65,0.958,28.07,1,1,2,8,76.9,180,4,2,4,0.136,0.135,0.729,breathable,paper_based,30.0
10.59,16.18,5.41,0.416,0.53,0,0,7,25,70.9,365,2,1,0,0.145,0.038,0.817,ultra_high,bioplastic,358.5
4.46,2.08,4.71,0.23,0.84,0,0,4,40,40.6,21,3,0,1,0.475,0.066,0.459,high,barrier_film,94.7
82.63,0.0,2.92,0.963,0.82,0,0,4,25,28.2,365,2,0,0,0.455,0.008,0.536,medium,paper_based,21.1
5.37,0.19,5.21,0.274,0.0,0,0,4,30,45.3,365,0,3,1,0.342,0.483,0.175,high,barrier_film,256.7
77.93,2.61,6.76,0.979,0.0,0,1,11,8,89.2,60,2,2,3,0.371,0.439,0.19,medium,polyolefin,57.7
0.53,95.86,6.53,0.0,0.34,0,0,3,30,41.3,60,2,1,0,0.632,0.083,0.285,ultra_high,barrier_film,535.3
86.5,0.0,5.99,0.95,1.03,1,0,10,8,70.0,90,0,0,2,0.125,0.271,0.604,breathable,specialty,22.1
80.53,2.9,5.87,0.987,0.0,0,1,11,-18,63.8,60,4,2,3,0.257,0.43,0.313,medium,polyolefin,248.4
87.13,0.91,6.39,1.0,61.64,1,1,10,10,32.1,180,4,1,4,0.224,0.662,0.114,breathable,specialty,7.2
98.37,2.93,4.09,0.94,0.22,0,1,8,-10,87.6,14,3,1,3,0.409,0.318,0.273,medium,polyolefin,264.3
33.68,3.93,5.74,0.952,0.0,0,1,1,25,30.9,21,3,2,5,0.39,0.339,0.271,low,polyolefin,42.6
7.37,1.46,5.52,0.589,0.36,0,0,9,25,44.0,14,0,2,1,0.047,0.152,0.802,high,paper_based,124.6
3.14,49.03,6.42,0.355,0.0,0,0,6,25,62.4,3,0,1,6,0.441,0.33,0.228,ultra_high,laminate,463.1
7.39,14.65,5.68,0.434,0.0,0,0,7,25,28.6,5,1,1,0,0.213,0.493,0.294,ultra_high,barrier_film,651.4
81.66,0.0,3.43,0.968,0.0,0,0,4,20,26.1,14,4,1,0,0.572,0.114,0.314,medium,polyolefin,22.3
3.11,29.91,5.88,0.197,0.0,0,0,6,25,38.6,120,1,1,6,0.309,0.31,0.38,ultra_high,laminate,704.6
7.88,13.51,5.19,0.4,0.0,0,0,7,35,26.1,365,2,0,0,0.01,0.555,0.435,ultra_high,barrier_film,257.1
5.3,54.53,6.38,0.361,0.0,0,0,6,30,76.1,365,4,1,6,0.075,0.172,0.753,ultra_high,laminate,390.0
70.56,0.46,6.58,0.992,0.0,0,1,11,8,88.4,90,2,3,3,0.064,0.568,0.368,medium,polyolefin,65.7
2.59,40.68,5.98,0.211,0.01,0,0,6,30,72.5,21,0,3,6,0.312,0.36,0.328,ultra_high,barrier_film,356.5
76.57,0.37,6.86,1.0,46.02,1,1,10,15,94.7,5,0,2,4,0.244,0.405,0.351,breathable,specialty,6.1
17.85,4.49,6.99,0.656,1.12,0,0,9,25,54.8,3,2,3,3,0.592,0.088,0.32,low,polyolefin,59.7
8.86,10.36,5.49,0.389,0.0,0,0,7,40,70.6,60,0,3,0,0.219,0.317,0.464,ultra_high,laminate,106.1
69.44,1.11,4.47,0.972,23.46,1,1,2,2,79.6,21,0,0,4,0.431,0.24,0.329,breathable,specialty,43.3
90.32,0.88,5.78,0.993,18.23,1,1,10,8,28.0,30,1,0,2,0.413,0.141,0.447,breathable,specialty,40.5
9.61,1.05,6.7,0.48,0.0,0,0,0,30,76.9,5,3,0,1,0.046,0.115,0.839,high,paper_based,97.1
83.35,0.94,6.92,0.974,0.5,0,1,11,-10,91.5,120,2,2,3,0.357,0.429,0.215,medium,polyester,260.2
90.69,0.41,3.73,0.971,8.06,1,1,2,15,42.1,14,2,0,3,0.425,0.298,0.277,breathable,specialty,10.4
84.8,3.53,6.11,0.988,0.27,0,1,8,4,58.2,3,2,0,3,0.331,0.301,0.368,medium,polyolefin,118.3
5.87,41.18,5.79,0.331,0.5,0,0,6,30,82.1,30,3,2,6,0.362,0.313,0.325,ultra_high,laminate,321.2
77.56,1.31,4.71,0.937,23.6,1,1,2,2,66.4,5,2,2,4,0.785,0.003,0.212,breathable,specialty,59.4
0.99,30.13,5.67,0.185,0.0,0,0,6,30,85.0,14,3,1,6,0.727,0.06,0.213,ultra_high,laminate,235.3
6.39,17.22,5.76,0.475,1.3,0,0,7,20,75.0,120,0,2,0,0.457,0.428,0.115,ultra_high,laminate,478.8
15.46,0.0,5.99,0.58,0.57,0,0,9,30,70.9,5,2,3,1,0.29,0.424,0.287,high,laminate,59.8
86.51,1.83,7.06,0.991,0.43,0,1,11,8,54.8,365,0,0,3,0.383,0.267,0.35,medium,polyester,51.8
4.41,18.38,6.7,0.284,0.13,0,0,1,30,41.3,365,1,3,1,0.079,0.249,0.672,high,paper_based,499.5
0.48,39.39,6.16,0.195,2.13,0,0,6,20,30.0,7,2,1,6,0.416,0.344,0.24,ultra_high,laminate,639.4
1.07,100.0,6.01,0.106,1.49,0,0,3,40,60.4,30,3,2,0,0.163,0.429,0.408,ultra_high,laminate,186.5
37.13,3.22,5.45,0.96,0.0,0,1,1,20,59.3,14,2,2,5,0.449,0.314,0.237,low,polyolefin,25.5
0.42,82.16,7.25,0.0,0.36,0,0,3,30,48.7,5,2,3,0,0.58,0.41,0.009,ultra_high,laminate,372.6
9.51,11.37,5.73,0.394,0.0,0,0,7,25,77.3,60,4,3,0,0.567,0.186,0.247,ultra_high,laminate,519.2
86.22,0.28,3.6,0.979,9.44,1,1,2,2,42.8,180,0,0,2,0.542,0.33,0.128,breathable,specialty,39.1
2.19,32.95,6.39,0.165,0.0,0,0,6,30,42.6,3,2,1,6,0.573,0.198,0.229,ultra_high,barrier_film,609.7
75.26,0.03,5.02,0.981,21.83,1,1,2,10,27.1,14,3,0,4,0.362,0.23,0.408,breathable,specialty,24.2
11.99,0.61,6.33,0.545,0.0,0,0,9,30,41.9,120,2,3,1,0.116,0.442,0.441,high,polyester,171.9
1.63,35.4,6.17,0.197,0.0,0,0,6,25,59.2,3,2,2,6,0.299,0.552,0.15,ultra_high,barrier_film,763.7
7.36,2.79,5.97,0.526,0.7,0,0,7,25,30.7,3,4,0,1,0.385,0.346,0.269,high,polyester,447.8
5.26,0.63,5.3,0.23,0.32,0,0,4,30,71.9,3,4,2,1,0.073,0.399,0.527,high,polyester,126.0
78.02,0.0,4.11,0.997,5.93,1,1,2,20,53.5,60,0,1,3,0.284,0.391,0.325,breathable,specialty,7.4
93.6,0.0,5.68,1.0,7.71,1,1,10,20,68.2,5,2,0,2,0.236,0.329,0.435,breathable,specialty,8.2
4.33,31.14,6.0,0.261,0.01,0,0,6,25,65.7,60,3,2,6,0.477,0.43,0.093,ultra_high,barrier_film,602.5
89.17,0.0,5.37,1.0,22.57,1,1,10,15,82.0,180,1,2,2,0.299,0.674,0.028,breathable,specialty,20.9
7.49,1.99,6.35,0.582,0.06,0,0,9,20,51.5,60,1,0,1,0.048,0.538,0.414,high,laminate,268.3
12.65,6.88,5.89,0.54,0.15,0,0,0,20,42.2,60,2,2,1,0.249,0.259,0.492,high,polyester,534.5
76.58,3.03,4.39,0.996,0.0,0,1,8,-10,89.7,120,4,3,3,0.28,0.354,0.365,medium,polyester,277.0
4.99,13.95,4.48,0.205,0.88,0,0,4,40,78.9,30,3,1,0,0.159,0.405,0.437,ultra_high,barrier_film,194.2
100.0,0.03,4.5,0.953,30.52,1,1,10,2,27.9,14,3,0,3,0.306,0.287,0.406,breathable,specialty,57.0
3.87,13.35,5.04,0.178,0.0,0,0,4,20,52.0,21,3,3,0,0.269,0.023,0.708,ultra_high,laminate,964.7
3.84,18.03,7.07,0.278,0.86,0,0,1,35,61.9,7,2,1,1,0.039,0.513,0.448,high,laminate,189.9
17.8,13.05,6.72,0.878,0.0,0,1,1,40,65.7,5,3,3,3,0.205,0.372,0.423,high,laminate,33.8
69.21,0.09,5.91,0.964,1.27,1,0,10,25,72.0,120,3,3,2,0.109,0.687,0.204,breathable,specialty,10.5
0.0,94.65,6.3,0.141,0.0,0,0,3,20,29.2,180,2,3,0,0.463,0.16,0.377,ultra_high,laminate,417.7
88.55,1.85,4.03,0.964,0.0,0,1,8,8,80.9,180,0,3,3,0.282,0.435,0.284,medium,polyolefin,89.2
37.38,2.42,5.6,0.937,0.0,0,1,1,30,41.5,90,1,3,5,0.361,0.63,0.009,low,polyolefin,21.9
83.5,0.0,3.62,1.0,0.25,0,1,4,20,26.2,90,2,1,3,0.003,0.447,0.55,medium,paper_based,4.2
86.47,4.1,5.93,0.963,0.0,0,1,5,4,39.3,30,3,0,3,0.568,0.167,0.265,medium,polyester,173.0
85.21,1.16,5.11,0.985,27.16,1,1,2,20,57.3,30,0,3,4,0.29,0.241,0.469,breathable,specialty,8.2
78.17,3.46,4.82,0.994,0.0,0,1,8,-10,89.0,180,1,1,3,0.239,0.309,0.452,medium,polyester,103.4
91.15,0.0,5.77,0.99,24.85,1,1,10,10,63.8,21,1,3,2,0.513,0.292,0.195,breathable,specialty,24.7
3.69,0.07,6.04,0.256,0.0,0,0,4,20,93.0,180,1,3,1,0.376,0.478,0.146,high,barrier_film,255.5
0.95,80.63,7.31,0.017,1.44,0,0,3,35,68.2,3,3,1,0,0.487,0.059,0.454,ultra_high,laminate,380.5
2.6,50.92,6.09,0.348,0.07,0,0,6,25,80.4,60,2,1,6,0.393,0.264,0.344,ultra_high,barrier_film,445.2
12.52,16.6,5.93,0.395,0.0,0,0,7,20,42.5,3,1,2,0,0.434,0.43,0.136,ultra_high,barrier_film,1424.6
4.29,45.62,5.84,0.365,0.0,0,0,6,35,53.0,60,4,1,6,0.425,0.384,0.191,ultra_high,laminate,284.0
78.19,0.73,5.24,0.965,23.06,1,1,10,2,76.9,365,1,0,2,0.02,0.398,0.581,breathable,specialty,63.0
64.28,0.32,5.87,0.971,24.74,1,1,10,20,70.8,3,3,0,2,0.537,0.088,0.376,breathable,specialty,8.5
6.15,13.23,5.38,0.388,0.0,0,0,7,40,31.5,60,4,3,0,0.024,0.499,0.477,ultra_high,laminate,329.2
73.27,4.91,6.36,1.0,0.0,0,1,5,8,77.3,120,4,2,3,0.497,0.393,0.11,medium,polyolefin,57.2
3.94,44.43,6.03,0.327,0.14,0,0,6,20,53.6,5,2,1,6,0.419,0.491,0.089,ultra_high,barrier_film,635.1
1.08,90.72,7.03,0.002,0.0,0,0,3,25,91.6,7,0,0,0,0.3,0.306,0.393,ultra_high,barrier_film,391.7
4.76,14.47,5.06,0.225,0.0,0,0,4,30,89.4,7,0,0,0,0.175,0.27,0.555,ultra_high,barrier_film,303.0
11.89,1.88,6.14,0.535,0.0,0,0,9,35,42.7,5,1,2,1,0.63,0.125,0.245,high,polyester,206.3
79.88,4.28,6.53,0.989,0.85,0,1,5,8,40.8,3,0,2,3,0.159,0.306,0.535,medium,paper_based,81.3
69.29,1.0,4.23,0.981,33.37,1,1,2,4,66.0,14,0,0,4,0.362,0.325,0.313,breathable,specialty,50.2
88.12,0.0,3.35,0.971,0.0,0,1,4,25,39.1,90,0,2,3,0.028,0.526,0.446,medium,polyolefin,28.3
0.0,100.0,7.21,0.017,0.12,0,0,3,25,67.3,30,0,3,0,0.243,0.451,0.305,ultra_high,barrier_film,593.7
0.0,95.04,7.07,0.0,1.06,0,0,3,35,38.8,21,4,3,0,0.185,0.398,0.417,ultra_high,barrier_film,407.5
87.65,0.37,6.81,0.988,64.44,1,1,10,8,87.7,7,0,0,4,0.469,0.509,0.022,breathable,specialty,35.3
79.91,0.89,5.12,0.964,1.43,1,0,10,2,42.8,21,0,0,3,0.25,0.341,0.41,breathable,specialty,27.0
84.37,1.66,7.03,0.97,0.0,0,1,11,0,56.3,180,3,2,3,0.48,0.178,0.342,medium,polyester,111.1
6.77,5.68,6.02,0.527,2.28,0,0,0,20,57.8,180,0,2,1,0.317,0.523,0.16,high,polyester,323.5
3.52,56.94,5.39,0.338,0.21,0,0,6,35,24.2,7,3,0,6,0.247,0.294,0.459,ultra_high,barrier_film,262.4
2.09,48.86,6.0,0.351,0.15,0,0,6,25,26.7,120,4,0,6,0.735,0.015,0.25,ultra_high,laminate,950.1
21.94,15.44,6.14,0.84,0.0,0,1,1,20,83.0,7,3,0,3,0.191,0.125,0.684,high,bioplastic,111.9
1.99,29.86,5.47,0.204,1.67,0,0,6,35,40.6,90,2,1,6,0.757,0.118,0.126,ultra_high,laminate,220.4
7.55,23.66,5.78,0.431,0.0,0,0,7,30,91.4,60,0,0,0,0.526,0.045,0.429,ultra_high,laminate,317.1
15.04,4.33,6.07,0.634,0.28,0,0,9,30,37.1,21,3,0,3,0.116,0.583,0.301,low,polyolefin,24.8
100.0,0.08,5.75,0.981,27.18,1,1,10,10,70.2,30,3,1,2,0.108,0.407,0.485,breathable,specialty,32.0
100.0,0.64,3.4,0.998,73.3,1,1,2,15,96.9,60,3,3,3,0.327,0.314,0.359,breathable,specialty,6.6
80.81,1.67,6.53,1.0,0.76,0,1,11,4,83.2,5,3,2,3,0.455,0.448,0.097,medium,polyester,59.8
98.85,0.47,3.67,1.0,62.28,1,1,2,20,79.3,7,3,1,3,0.439,0.071,0.489,breathable,specialty,4.4
88.63,0.92,4.07,0.998,25.61,1,1,10,15,76.5,7,1,1,3,0.307,0.311,0.381,breathable,specialty,15.3
0.01,72.95,6.29,0.073,0.0,0,0,3,25,60.4,7,2,1,0,0.165,0.433,0.403,ultra_high,laminate,603.3
93.68,3.22,4.01,0.969,1.0,0,1,8,-10,60.4,21,2,0,3,0.198,0.352,0.45,medium,polyolefin,183.1
100.0,0.0,4.19,0.981,24.56,1,1,10,25,72.1,365,0,1,3,0.034,0.408,0.557,breathable,specialty,5.8
87.31,0.0,3.97,0.997,24.08,1,1,10,8,32.4,21,1,3,3,0.13,0.287,0.583,breathable,specialty,24.3
8.09,16.87,5.67,0.402,0.0,0,0,7,35,80.7,3,2,1,0,0.708,0.219,0.072,ultra_high,laminate,157.9
56.33,21.73,5.85,0.992,0.0,0,1,8,0,90.6,7,2,1,3,0.465,0.21,0.325,high,barrier_film,505.6
0.0,100.0,6.54,0.09,0.0,0,0,3,20,38.3,21,4,3,0,0.454,0.305,0.241,ultra_high,laminate,500.8
80.33,0.65,3.55,1.0,56.81,1,1,2,2,50.8,3,4,3,3,0.09,0.615,0.295,breathable,specialty,39.1
90.59,1.85,7.07,0.997,0.0,0,1,11,2,51.2,60,4,1,3,0.362,0.349,0.29,medium,polyolefin,106.2
95.55,0.46,5.4,0.988,29.25,1,1,10,10,90.6,21,3,3,2,0.576,0.416,0.008,breathable,specialty,41.4
85.64,0.12,7.16,1.0,47.55,1,1,10,20,73.0,5,1,3,4,0.308,0.263,0.429,breathable,specialty,11.7
10.18,9.28,6.16,0.395,0.86,0,0,7,40,89.7,180,3,1,0,0.362,0.213,0.425,ultra_high,barrier_film,233.4
81.6,0.52,4.45,0.997,30.68,1,1,2,2,82.8,60,3,3,4,0.072,0.907,0.021,breathable,specialty,49.2
11.73,6.83,6.43,0.543,1.4,0,0,0,25,39.9,7,2,3,1,0.712,0.191,0.097,high,polyester,219.5
97.69,0.83,3.17,0.963,42.61,1,1,2,8,69.1,120,4,3,3,0.323,0.334,0.343,breathable,specialty,10.8
54.97,4.6,6.82,0.972,1.5,0,1,5,4,79.8,14,3,0,3,0.23,0.066,0.705,low,bioplastic,181.9
1.02,92.58,6.29,0.091,0.0,0,0,3,25,47.9,365,1,3,0,0.347,0.216,0.437,ultra_high,barrier_film,527.6
36.9,2.0,5.71,0.961,0.0,0,1,1,20,63.1,3,4,3,5,0.546,0.072,0.382,low,polyolefin,31.0
75.06,0.0,5.62,0.991,30.04,1,1,2,10,96.1,5,2,3,4,0.575,0.283,0.142,breathable,specialty,20.9
0.0,100.0,7.51,0.038,0.0,0,0,3,40,70.0,60,4,2,0,0.505,0.241,0.255,ultra_high,laminate,186.1
83.1,3.14,6.3,0.975,0.0,0,1,8,4,59.6,120,2,2,3,0.015,0.443,0.542,medium,paper_based,97.5
5.34,16.1,5.33,0.415,0.0,0,0,7,35,34.1,120,0,2,0,0.3,0.372,0.328,ultra_high,barrier_film,207.7
8.68,14.73,5.91,0.442,0.18,0,0,7,25,87.9,90,3,1,0,0.509,0.065,0.426,ultra_high,barrier_film,365.3
2.38,51.85,5.87,0.332,0.0,0,0,6,35,28.5,120,0,3,6,0.063,0.365,0.573,ultra_high,barrier_film,433.8
0.0,87.97,6.58,0.092,0.29,0,0,3,25,87.5,21,2,0,0,0.058,0.254,0.688,ultra_high,laminate,463.7
78.73,0.61,6.16,0.969,28.39,1,1,10,25,74.4,14,1,1,2,0.483,0.093,0.424,breathable,specialty,7.2
2.56,53.13,5.89,0.37,0.0,0,0,6,25,30.0,3,3,3,6,0.119,0.463,0.418,ultra_high,barrier_film,774.7
32.1,2.64,5.45,0.928,0.38,0,1,1,40,89.8,120,1,2,5,0.473,0.158,0.369,low,polyolefin,10.1
67.08,9.14,6.23,0.99,0.0,0,1,5,-10,67.5,30,1,0,3,0.566,0.396,0.038,medium,polyolefin,63.6
0.24,100.0,7.35,0.023,1.62,0,0,3,30,81.7,365,4,3,0,0.108,0.286,0.606,ultra_high,barrier_film,325.7
79.65,1.97,7.13,0.967,0.98,0,1,11,8,70.0,90,1,0,3,0.467,0.015,0.517,medium,paper_based,16.1
94.35,0.0,3.71,0.94,0.0,0,1,4,40,58.1,7,0,0,3,0.093,0.305,0.603,medium,bioplastic,8.2
82.8,3.02,6.64,0.964,0.0,0,1,11,8,78.8,5,3,3,3,0.08,0.64,0.281,medium,polyester,44.5
100.0,1.3,6.58,0.97,9.13,1,1,10,2,80.7,3,1,0,2,0.73,0.022,0.248,breathable,specialty,72.6
58.2,22.03,5.78,0.995,0.96,0,1,8,-18,77.7,21,3,0,3,0.243,0.428,0.329,high,laminate,1310.0
18.69,13.8,6.73,0.842,0.0,0,1,1,35,91.4,30,3,3,3,0.507,0.047,0.446,high,laminate,35.5
11.74,4.54,6.4,0.657,0.0,0,0,9,35,84.8,60,0,0,3,0.102,0.134,0.763,medium,paper_based,84.7
95.39,0.11,3.25,0.996,9.81,1,1,2,20,31.0,5,4,1,2,0.403,0.232,0.366,breathable,specialty,10.2
9.4,2.85,5.83,0.481,0.77,0,0,7,40,45.5,3,2,1,1,0.541,0.019,0.44,high,laminate,69.7
83.29,0.23,6.03,0.959,6.1,1,1,10,10,43.7,7,2,0,2,0.38,0.442,0.178,breathable,specialty,30.1
76.88,1.65,7.16,0.98,0.45,0,1,11,4,76.3,7,1,1,3,0.664,0.135,0.201,medium,polyolefin,82.2
66.26,3.45,4.44,0.989,0.0,0,1,8,-10,26.6,180,3,3,3,0.356,0.183,0.462,medium,polyester,77.1
4.16,34.71,5.79,0.273,0.0,0,0,6,20,91.8,5,3,1,6,0.084,0.526,0.389,ultra_high,barrier_film,704.7
70.81,1.02,7.36,1.0,0.06,0,1,11,2,29.9,14,2,1,3,0.208,0.339,0.453,medium,polyester,127.8
93.91,0.0,4.43,0.985,25.6,1,1,2,25,52.8,180,1,2,4,0.161,0.425,0.413,breathable,specialty,7.2
4.05,50.25,5.98,0.371,0.0,0,0,6,40,87.7,5,0,3,6,0.812,0.071,0.118,ultra_high,barrier_film,218.3
78.03,0.35,4.09,0.958,8.16,1,1,2,4,79.1,21,0,0,3,0.075,0.321,0.604,breathable,specialty,38.7
12.22,0.52,6.15,0.556,1.34,0,0,9,20,92.4,180,1,2,1,0.33,0.322,0.348,high,barrier_film,482.6
72.72,1.3,6.58,0.992,0.14,0,1,11,4,73.3,120,3,1,3,0.048,0.607,0.345,medium,polyester,81.7
